id,category,prompt,obj1,bbox1,obj2,bbox2,obj3,bbox3,obj4,bbox4
0000,object_binding,a laptop,a laptop,"252,11,472,421",,,,,,
0001,object_binding,a charger,a charger,"78,81,252,287",,,,,,
0002,object_binding,a basket,a basket,"9,16,507,382",,,,,,
0003,object_binding,a mushroom,a mushroom,"152,119,499,464",,,,,,
0004,object_binding,a carrot,a carrot,"70,220,490,498",,,,,,
0005,object_binding,a chair,a chair,"58,10,213,508",,,,,,
0006,object_binding,a traffic light,a traffic light,"82,87,506,373",,,,,,
0007,object_binding,a screwdriver,a screwdriver,"222,40,429,340",,,,,,
0008,object_binding,a wallet,a wallet,"67,256,449,407",,,,,,
0009,object_binding,a fire hydrant,a fire hydrant,"54,80,295,489",,,,,,
0010,object_binding,a spoon,a spoon,"129,12,431,489",,,,,,
0011,object_binding,a toilet,a toilet,"82,138,310,479",,,,,,
0012,object_binding,a clock,a clock,"76,165,497,315",,,,,,
0013,object_binding,a remote,a remote,"14,185,414,344",,,,,,
0014,object_binding,an umbrella,an umbrella,"14,61,321,333",,,,,,
0015,object_binding,a teddy bear,a teddy bear,"10,248,450,438",,,,,,
0016,object_binding,a bear,a bear,"64,16,249,438",,,,,,
0017,object_binding,a notebook,a notebook,"17,21,504,414",,,,,,
0018,object_binding,a pillow,a pillow,"223,77,508,497",,,,,,
0019,object_binding,a couch,a couch,"138,193,504,451",,,,,,
0020,object_binding,an elephant,an elephant,"204,171,456,480",,,,,,
0021,object_binding,a beetle,a beetle,"14,132,496,473",,,,,,
0022,object_binding,a baseball glove,a baseball glove,"63,115,444,326",,,,,,
0023,object_binding,a truck,a truck,"10,150,192,473",,,,,,
0024,object_binding,a parking meter,a parking meter,"75,56,508,323",,,,,,
0025,object_binding,a frisbee,a frisbee,"323,30,476,216",,,,,,
0026,object_binding,a lamp,a lamp,"231,16,498,200",,,,,,
0027,object_binding,an oak,an oak,"131,121,450,307",,,,,,
0028,object_binding,a ruler,a ruler,"124,6,416,498",,,,,,
0029,object_binding,a tennis racket,a tennis racket,"73,295,499,512",,,,,,
0030,object_binding,a banana,a banana,"100,121,492,395",,,,,,
0031,object_binding,a blender,a blender,"24,49,382,296",,,,,,
0032,object_binding,a tie,a tie,"11,108,498,478",,,,,,
0033,object_binding,a hair drier,a hair drier,"13,86,373,475",,,,,,
0034,object_binding,a shirt,a shirt,"3,3,487,483",,,,,,
0035,object_binding,a giraffe,a giraffe,"27,63,383,386",,,,,,
0036,object_binding,a keyboard,a keyboard,"229,71,477,318",,,,,,
0037,object_binding,a bowl,a bowl,"71,236,437,479",,,,,,
0038,object_binding,a guitar,a guitar,"113,281,390,469",,,,,,
0039,object_binding,an hot-dog,an hot-dog,"276,7,476,182",,,,,,
0040,object_binding,a shower,a shower,"85,104,282,375",,,,,,
0041,object_binding,a platypus,a platypus,"27,110,425,506",,,,,,
0042,object_binding,a sock,a sock,"42,194,397,374",,,,,,
0043,object_binding,a vase,a vase,"135,116,286,465",,,,,,
0044,object_binding,a sink,a sink,"178,142,474,508",,,,,,
0045,object_binding,a turtle,a turtle,"4,24,492,423",,,,,,
0046,object_binding,a handbag,a handbag,"14,148,315,409",,,,,,
0047,object_binding,a surfboard,a surfboard,"40,29,467,210",,,,,,
0048,object_binding,a hammer,a hammer,"244,20,419,469",,,,,,
0049,object_binding,a cellphone,a cellphone,"41,23,220,433",,,,,,
0050,object_binding,a skateboard,a skateboard,"34,43,219,497",,,,,,
0051,object_binding,a cake,a cake,"30,145,300,501",,,,,,
0052,object_binding,a microwave,a microwave,"152,5,428,451",,,,,,
0053,object_binding,a pan,a pan,"26,298,493,489",,,,,,
0054,object_binding,a baseball bat,a baseball bat,"40,33,479,450",,,,,,
0055,object_binding,a leaf,a leaf,"160,7,414,499",,,,,,
0056,object_binding,a toolbox,a toolbox,"33,76,318,428",,,,,,
0057,object_binding,a crocodile,a crocodile,"18,2,402,313",,,,,,
0058,object_binding,a bed,a bed,"25,4,409,472",,,,,,
0059,object_binding,an apple,an apple,"64,67,489,326",,,,,,
0060,object_binding,a cat,a cat,"35,62,252,390",,,,,,
0061,object_binding,a candle,a candle,"40,112,379,407",,,,,,
0062,object_binding,a knife,a knife,"78,206,506,510",,,,,,
0063,object_binding,a plate,a plate,"0,85,484,505",,,,,,
0064,object_binding,a bucket,a bucket,"13,34,446,337",,,,,,
0065,object_binding,a printer,a printer,"227,54,512,263",,,,,,
0066,object_binding,a dog,a dog,"34,144,467,373",,,,,,
0067,object_binding,a sheep,a sheep,"45,175,504,432",,,,,,
0068,object_binding,a sandwich,a sandwich,"135,32,389,506",,,,,,
0069,object_binding,a bench,a bench,"108,13,508,291",,,,,,
0070,object_binding,a bicycle,a bicycle,"216,17,413,491",,,,,,
0071,object_binding,a zebra,a zebra,"170,66,342,217",,,,,,
0072,object_binding,a book,a book,"10,189,486,473",,,,,,
0073,object_binding,a suitcase,a suitcase,"109,71,485,503",,,,,,
0074,object_binding,a snowboard,a snowboard,"38,76,192,283",,,,,,
0075,object_binding,a baby,a baby,"47,298,476,466",,,,,,
0076,object_binding,a bird,a bird,"55,65,487,290",,,,,,
0077,object_binding,a bin,a bin,"186,203,357,510",,,,,,
0078,object_binding,a train,a train,"107,174,277,507",,,,,,
0079,object_binding,a flower,a flower,"26,11,303,502",,,,,,
0080,object_binding,a car,a car,"19,60,455,418",,,,,,
0081,object_binding,a pizza,a pizza,"211,12,444,252",,,,,,
0082,object_binding,a watch,a watch,"210,171,451,491",,,,,,
0083,object_binding,a glass,a glass,"40,201,317,487",,,,,,
0084,object_binding,a shoe,a shoe,"19,120,224,465",,,,,,
0085,object_binding,a monitor,a monitor,"209,235,472,487",,,,,,
0086,object_binding,a table,a table,"58,57,387,363",,,,,,
0087,object_binding,a mug,a mug,"98,12,260,499",,,,,,
0088,object_binding,a tiger,a tiger,"17,197,335,489",,,,,,
0089,object_binding,a door,a door,"164,130,456,459",,,,,,
0090,object_binding,a shampoo,a shampoo,"137,10,491,507",,,,,,
0091,object_binding,a plant,a plant,"133,91,297,300",,,,,,
0092,object_binding,a rose,a rose,"4,27,451,312",,,,,,
0093,object_binding,a television,a television,"22,80,477,452",,,,,,
0094,object_binding,a scarf,a scarf,"130,7,503,467",,,,,,
0095,object_binding,a horse,a horse,"48,32,395,477",,,,,,
0096,object_binding,a drill,a drill,"0,133,172,506",,,,,,
0097,object_binding,a kite,a kite,"25,11,450,504",,,,,,
0098,object_binding,a desk,a desk,"84,319,454,504",,,,,,
0099,object_binding,a ball,a ball,"31,23,341,512",,,,,,
0100,object_binding,an oven,an oven,"79,85,382,494",,,,,,
0101,object_binding,a ladder,a ladder,"103,178,462,495",,,,,,
0102,object_binding,a boat,a boat,"32,24,333,457",,,,,,
0103,object_binding,a cup,a cup,"97,21,462,511",,,,,,
0104,object_binding,a flashlight,a flashlight,"154,25,393,490",,,,,,
0105,object_binding,a motorcycle,a motorcycle,"38,146,468,296",,,,,,
0106,object_binding,a toaster,a toaster,"164,119,421,489",,,,,,
0107,object_binding,a cow,a cow,"54,130,430,506",,,,,,
0108,object_binding,a stop sign,a stop sign,"84,43,476,279",,,,,,
0109,object_binding,a backpack,a backpack,"169,81,464,494",,,,,,
0110,object_binding,a ring,a ring,"5,60,472,381",,,,,,
0111,object_binding,a tree,a tree,"7,50,501,358",,,,,,
0112,object_binding,a broom,a broom,"23,125,248,287",,,,,,
0113,object_binding,a mouse,a mouse,"108,49,501,511",,,,,,
0114,object_binding,a person,a person,"212,49,399,432",,,,,,
0115,object_binding,a fork,a fork,"102,31,448,434",,,,,,
0116,object_binding,a speaker,a speaker,"2,24,227,509",,,,,,
0117,object_binding,a curtain,a curtain,"112,45,316,412",,,,,,
0118,object_binding,a hat,a hat,"6,71,421,458",,,,,,
0119,object_binding,a bus,a bus,"116,68,393,280",,,,,,
0120,object_binding,a soap,a soap,"67,17,454,508",,,,,,
0121,object_binding,a boy,a boy,"48,113,502,425",,,,,,
0122,object_binding,a refrigerator,a refrigerator,"27,70,490,478",,,,,,
0123,object_binding,a bottle,a bottle,"121,230,499,461",,,,,,
0124,object_binding,a toothbrush,a toothbrush,"215,163,497,439",,,,,,
0125,object_binding,a tape,a tape,"124,80,415,496",,,,,,
0126,object_binding,a skyscraper,a skyscraper,"112,19,384,309",,,,,,
0127,object_binding,a donut,a donut,"69,85,365,355",,,,,,
0128,object_binding,a kite and a fire hydrant,a kite,"296,178,453,369",a fire hydrant,"87,275,256,467",,,,
0129,object_binding,a stop sign and a vase,a stop sign,"109,258,230,403",a vase,"263,116,491,290",,,,
0130,object_binding,a ball and a shampoo,a ball,"160,63,384,211",a shampoo,"147,285,393,497",,,,
0131,object_binding,a giraffe and a leaf,a giraffe,"167,252,297,393",a leaf,"91,6,332,220",,,,
0132,object_binding,an oven and a ring,an oven,"202,224,447,370",a ring,"86,33,308,179",,,,
0133,object_binding,a surfboard and a shoe,a surfboard,"173,102,386,272",a shoe,"195,309,321,474",,,,
0134,object_binding,a car and a screwdriver,a car,"155,318,358,477",a screwdriver,"235,18,451,251",,,,
0135,object_binding,a boy and a bottle,a boy,"285,337,413,502",a bottle,"259,28,500,188",,,,
0136,object_binding,an oak and a baseball glove,an oak,"253,302,473,489",a baseball glove,"302,23,437,150",,,,
0137,object_binding,a bed and a couch,a bed,"178,298,330,511",a couch,"194,49,320,256",,,,
0138,object_binding,a baseball glove and a mushroom,a baseball glove,"182,210,411,418",a mushroom,"98,14,247,172",,,,
0139,object_binding,a microwave and a bottle,a microwave,"237,248,419,447",a bottle,"69,14,229,203",,,,
0140,object_binding,a bear and a cup,a bear,"281,90,467,281",a cup,"10,28,140,272",,,,
0141,object_binding,a toilet and a motorcycle,a toilet,"308,152,449,352",a motorcycle,"111,73,291,301",,,,
0142,object_binding,a traffic light and a flashlight,a traffic light,"109,140,256,304",a flashlight,"310,17,508,142",,,,
0143,object_binding,a lamp and a printer,a lamp,"129,282,262,463",a printer,"185,62,403,261",,,,
0144,object_binding,a car and a shirt,a car,"198,4,378,237",a shirt,"251,241,441,381",,,,
0145,object_binding,a tree and a tie,a tree,"216,51,441,256",a tie,"26,328,262,455",,,,
0146,object_binding,a dog and a couch,a dog,"328,69,495,302",a couch,"102,156,222,378",,,,
0147,object_binding,an oven and a glass,an oven,"56,80,256,221",a glass,"304,351,487,504",,,,
0148,object_binding,a tree and a chair,a tree,"231,244,456,445",a chair,"101,43,304,235",,,,
0149,object_binding,a car and a keyboard,a car,"93,201,319,415",a keyboard,"10,11,226,188",,,,
0150,object_binding,a spoon and a door,a spoon,"236,101,414,243",a door,"25,205,212,368",,,,
0151,object_binding,a skyscraper and a pan,a skyscraper,"76,45,305,231",a pan,"232,253,355,484",,,,
0152,object_binding,a dog and a donut,a dog,"104,97,254,274",a donut,"316,230,503,410",,,,
0153,object_binding,a lamp and a handbag,a lamp,"298,234,481,448",a handbag,"240,68,381,190",,,,
0154,object_binding,a beetle and a sink,a beetle,"108,196,310,417",a sink,"317,195,501,444",,,,
0155,object_binding,a broom and a pillow,a broom,"189,67,386,288",a pillow,"162,363,315,505",,,,
0156,object_binding,a mug and a shampoo,a mug,"133,59,363,215",a shampoo,"65,255,265,386",,,,
0157,object_binding,a plant and a skateboard,a plant,"220,144,411,356",a skateboard,"27,96,185,328",,,,
0158,object_binding,a clock and a horse,a clock,"117,93,275,226",a horse,"59,253,298,484",,,,
0159,object_binding,a tiger and a shirt,a tiger,"182,248,312,481",a shirt,"298,2,487,176",,,,
0160,object_binding,a mushroom and a door,a mushroom,"39,126,205,352",a door,"362,245,502,482",,,,
0161,object_binding,an oak and a remote,an oak,"2,168,238,356",a remote,"329,144,503,276",,,,
0162,object_binding,a bicycle and a charger,a bicycle,"36,280,238,414",a charger,"204,130,421,273",,,,
0163,object_binding,a shirt and a speaker,a shirt,"204,45,369,226",a speaker,"250,228,464,399",,,,
0164,object_binding,a truck and a flashlight,a truck,"137,216,356,457",a flashlight,"262,55,401,186",,,,
0165,object_binding,a bicycle and a car,a bicycle,"211,48,461,276",a car,"8,58,148,306",,,,
0166,object_binding,a guitar and a keyboard,a guitar,"93,201,331,366",a keyboard,"202,59,326,180",,,,
0167,object_binding,a sheep and a charger,a sheep,"335,244,458,407",a charger,"7,97,159,251",,,,
0168,object_binding,a fork and a tennis racket,a fork,"356,96,504,220",a tennis racket,"246,332,372,505",,,,
0169,object_binding,a cow and a screwdriver,a cow,"223,320,380,501",a screwdriver,"216,11,373,252",,,,
0170,object_binding,a bin and a curtain,a bin,"78,227,227,389",a curtain,"170,4,390,137",,,,
0171,object_binding,a baby and a sheep,a baby,"212,253,358,483",a sheep,"223,10,431,244",,,,
0172,object_binding,a monitor and a printer,a monitor,"98,240,259,433",a printer,"308,239,484,445",,,,
0173,object_binding,a parking meter and a pillow,a parking meter,"199,213,352,408",a pillow,"247,66,439,208",,,,
0174,object_binding,an umbrella and a suitcase,an umbrella,"80,310,244,481",a suitcase,"183,133,315,257",,,,
0175,object_binding,a pan and a desk,a pan,"89,257,300,417",a desk,"259,53,405,183",,,,
0176,object_binding,a pizza and a shirt,a pizza,"105,185,267,335",a shirt,"333,63,484,195",,,,
0177,object_binding,a toilet and a bear,a toilet,"2,232,236,428",a bear,"297,289,503,469",,,,
0178,object_binding,a teddy bear and a shirt,a teddy bear,"153,145,332,354",a shirt,"337,272,461,422",,,,
0179,object_binding,a traffic light and a speaker,a traffic light,"140,105,306,229",a speaker,"43,273,225,506",,,,
0180,object_binding,a broom and a ladder,a broom,"301,23,503,245",a ladder,"12,270,178,496",,,,
0181,object_binding,an umbrella and a soap,an umbrella,"131,46,332,263",a soap,"137,283,316,407",,,,
0182,object_binding,a car and a boat,a car,"284,64,429,247",a boat,"0,237,235,367",,,,
0183,object_binding,a teddy bear and a toolbox,a teddy bear,"0,30,194,192",a toolbox,"128,194,371,383",,,,
0184,object_binding,a book and a charger,a book,"299,261,508,435",a charger,"82,378,274,509",,,,
0185,object_binding,a hair drier and a drill,a hair drier,"45,202,182,398",a drill,"284,143,435,298",,,,
0186,object_binding,a cellphone and a shower,a cellphone,"258,162,488,335",a shower,"8,68,245,272",,,,
0187,object_binding,a donut and a notebook,a donut,"2,4,122,245",a notebook,"284,250,448,475",,,,
0188,object_binding,a suitcase and a door,a suitcase,"39,275,259,415",a door,"344,63,471,296",,,,
0189,object_binding,a toilet and a notebook,a toilet,"183,198,393,414",a notebook,"227,4,441,173",,,,
0190,object_binding,a door and a drill,a door,"143,348,319,473",a drill,"87,99,335,345",,,,
0191,object_binding,a traffic light and an oven,a traffic light,"301,65,465,201",an oven,"132,291,268,443",,,,
0192,object_binding,a skyscraper and a surfboard,a skyscraper,"98,11,276,201",a surfboard,"1,218,185,454",,,,
0193,object_binding,a truck and a desk,a truck,"221,208,354,410",a desk,"41,292,210,497",,,,
0194,object_binding,a horse and a mushroom,a horse,"353,216,479,393",a mushroom,"100,84,239,267",,,,
0195,object_binding,a suitcase and an oven,a suitcase,"32,49,236,248",an oven,"37,307,242,487",,,,
0196,object_binding,a lamp and a desk,a lamp,"228,296,460,440",a desk,"31,17,182,158",,,,
0197,object_binding,a person and a sock,a person,"33,65,249,265",a sock,"52,346,282,482",,,,
0198,object_binding,a mouse and a door,a mouse,"150,195,284,328",a door,"173,333,402,478",,,,
0199,object_binding,a bicycle and a knife,a bicycle,"264,168,390,404",a knife,"52,6,221,153",,,,
0200,object_binding,a cat and a suitcase,a cat,"293,64,430,233",a suitcase,"30,65,185,196",,,,
0201,object_binding,a ruler and a leaf,a ruler,"262,183,461,414",a leaf,"29,121,151,278",,,,
0202,object_binding,a giraffe and a hair drier,a giraffe,"216,176,465,309",a hair drier,"185,5,352,126",,,,
0203,object_binding,a zebra and a basket,a zebra,"15,284,153,495",a basket,"22,15,191,227",,,,
0204,object_binding,a leaf and a remote,a leaf,"145,89,315,259",a remote,"335,56,490,273",,,,
0205,object_binding,a baby and a broom,a baby,"156,233,362,406",a broom,"60,73,291,209",,,,
0206,object_binding,an oak and a motorcycle,an oak,"98,272,251,440",a motorcycle,"315,300,497,431",,,,
0207,object_binding,a person and a drill,a person,"76,167,244,362",a drill,"322,143,505,276",,,,
0208,object_binding,a guitar and a skateboard,a guitar,"299,250,451,500",a skateboard,"106,112,328,241",,,,
0209,object_binding,a sheep and a sandwich,a sheep,"120,202,291,437",a sandwich,"295,65,510,220",,,,
0210,object_binding,a boat and a hammer,a boat,"255,337,453,459",a hammer,"290,16,493,141",,,,
0211,object_binding,a bench and a monitor,a bench,"169,290,324,449",a monitor,"87,53,284,196",,,,
0212,object_binding,a couch and a teddy bear,a couch,"308,250,473,378",a teddy bear,"101,35,227,202",,,,
0213,object_binding,a keyboard and a vase,a keyboard,"105,119,323,311",a vase,"201,357,367,501",,,,
0214,object_binding,a bucket and a refrigerator,a bucket,"80,140,211,321",a refrigerator,"236,13,485,144",,,,
0215,object_binding,a toilet and a refrigerator,a toilet,"195,175,333,413",a refrigerator,"58,69,180,253",,,,
0216,object_binding,a tie and a door,a tie,"248,236,451,474",a door,"87,9,278,170",,,,
0217,object_binding,a bed and a sink,a bed,"150,63,295,228",a sink,"39,343,259,506",,,,
0218,object_binding,a tiger and a train,a tiger,"78,225,200,414",a train,"110,17,321,182",,,,
0219,object_binding,an apple and a bin,an apple,"24,267,199,500",a bin,"353,157,499,376",,,,
0220,object_binding,a keyboard and a charger,a keyboard,"2,24,235,157",a charger,"127,191,343,362",,,,
0221,object_binding,a bench and a basket,a bench,"46,8,227,179",a basket,"22,212,184,374",,,,
0222,object_binding,a knife and a sock,a knife,"165,287,312,490",a sock,"118,109,347,259",,,,
0223,object_binding,a vase and a traffic light,a vase,"165,88,312,299",a traffic light,"334,161,457,383",,,,
0224,object_binding,a bicycle and a frisbee,a bicycle,"108,234,231,453",a frisbee,"336,142,512,278",,,,
0225,object_binding,a person and a curtain,a person,"34,111,248,242",a curtain,"255,52,480,249",,,,
0226,object_binding,a dog and a bucket,a dog,"48,307,211,491",a bucket,"341,246,505,447",,,,
0227,object_binding,a car and a bear,a car,"9,299,146,504",a bear,"261,119,495,336",,,,
0228,object_binding,a shower and a sink,a shower,"119,10,367,133",a sink,"121,219,272,418",,,,
0229,object_binding,a chair and a horse,a chair,"30,70,212,210",a horse,"20,266,211,467",,,,
0230,object_binding,a surfboard and a broom,a surfboard,"12,117,238,310",a broom,"351,113,484,296",,,,
0231,object_binding,a parking meter and a mouse,a parking meter,"93,226,310,428",a mouse,"251,35,372,171",,,,
0232,object_binding,a toothbrush and a notebook,a toothbrush,"324,72,493,205",a notebook,"46,88,218,240",,,,
0233,object_binding,a candle and a television,a candle,"259,40,431,220",a television,"146,295,329,492",,,,
0234,object_binding,a baby and a frisbee,a baby,"139,246,373,417",a frisbee,"170,69,413,207",,,,
0235,object_binding,a mug and a ring,a mug,"79,97,319,267",a ring,"256,373,377,496",,,,
0236,object_binding,a spoon and a frisbee,a spoon,"207,212,422,457",a frisbee,"209,19,407,157",,,,
0237,object_binding,a mushroom and a backpack,a mushroom,"289,83,440,301",a backpack,"185,323,427,451",,,,
0238,object_binding,a bed and a toolbox,a bed,"133,309,260,466",a toolbox,"130,126,366,283",,,,
0239,object_binding,a boy and a zebra,a boy,"59,47,220,170",a zebra,"41,265,259,486",,,,
0240,object_binding,a boat and a flashlight,a boat,"84,218,252,446",a flashlight,"256,272,440,469",,,,
0241,object_binding,a clock and a handbag,a clock,"210,45,427,243",a handbag,"0,49,163,294",,,,
0242,object_binding,a frisbee and a shirt,a frisbee,"268,213,405,439",a shirt,"98,132,233,298",,,,
0243,object_binding,a crocodile and a mouse,a crocodile,"55,85,279,317",a mouse,"308,266,429,482",,,,
0244,object_binding,a mug and a remote,a mug,"242,172,430,416",a remote,"13,308,235,463",,,,
0245,object_binding,a bird and a platypus,a bird,"358,127,509,318",a platypus,"1,326,226,494",,,,
0246,object_binding,a platypus and a charger,a platypus,"184,23,386,147",a charger,"119,248,322,481",,,,
0247,object_binding,a broom and a hat,a broom,"178,219,400,359",a hat,"159,31,376,151",,,,
0248,object_binding,a bicycle and a flower,a bicycle,"216,163,384,382",a flower,"202,4,378,151",,,,
0249,object_binding,a boy and a microwave,a boy,"74,151,311,351",a microwave,"356,247,511,480",,,,
0250,object_binding,a book and a chair,a book,"107,111,301,268",a chair,"185,371,355,493",,,,
0251,object_binding,a pan and a basket,a pan,"192,218,338,375",a basket,"59,42,181,192",,,,
0252,object_binding,a parking meter and a curtain,a parking meter,"328,260,479,505",a curtain,"48,303,290,493",,,,
0253,object_binding,a table and a cup,a table,"247,222,413,440",a cup,"50,166,246,318",,,,
0254,object_binding,a rose and a table,a rose,"207,10,343,177",a table,"32,265,252,510",,,,
0255,object_binding,a traffic light and a crocodile,a traffic light,"337,60,488,233",a crocodile,"2,284,168,450",,,,
0256,object_binding,"a plant, a guitar and a remote",a plant,"276,1,438,117",a guitar,"201,305,374,426",a remote,"18,285,136,421",,
0257,object_binding,"a boy, a train and a toaster",a boy,"50,327,190,450",a train,"240,89,349,221",a toaster,"25,77,201,237",,
0258,object_binding,"a lamp, a bus and a cake",a lamp,"124,261,224,422",a bus,"265,307,384,464",a cake,"257,156,417,273",,
0259,object_binding,"a lamp, a flashlight and a speaker",a lamp,"13,177,188,346",a flashlight,"248,20,351,124",a speaker,"47,368,213,473",,
0260,object_binding,"a parking meter, a spoon and an apple",a parking meter,"262,213,427,340",a spoon,"110,295,252,441",an apple,"319,17,428,149",,
0261,object_binding,"a chair, a truck and an oven",a chair,"183,26,330,133",a truck,"246,309,371,456",an oven,"250,137,414,273",,
0262,object_binding,"a laptop, a baseball glove and a fire hydrant",a laptop,"390,6,506,106",a baseball glove,"163,36,281,142",a fire hydrant,"242,206,419,377",,
0263,object_binding,"a dog, a cat and a vase",a dog,"112,133,217,274",a cat,"242,1,392,147",a vase,"49,372,160,512",,
0264,object_binding,"a person, a stop sign and a tennis racket",a person,"300,167,471,331",a stop sign,"39,194,141,358",a tennis racket,"394,342,494,467",,
0265,object_binding,"a cake, a plate and a curtain",a cake,"354,32,460,148",a plate,"202,347,359,492",a curtain,"285,164,459,338",,
0266,object_binding,"a cat, a sandwich and a bucket",a cat,"78,93,193,227",a sandwich,"204,149,381,268",a bucket,"362,288,479,427",,
0267,object_binding,"a tiger, a train and a ring",a tiger,"40,220,154,385",a train,"238,165,357,297",a ring,"62,77,188,208",,
0268,object_binding,"a couch, a shower and a blender",a couch,"169,305,299,468",a shower,"44,31,198,143",a blender,"287,55,453,217",,
0269,object_binding,"a bench, a carrot and a drill",a bench,"94,83,270,206",a carrot,"286,255,460,421",a drill,"314,71,419,173",,
0270,object_binding,"a vase, an apple and a crocodile",a vase,"387,117,511,247",an apple,"173,265,339,427",a crocodile,"33,282,168,423",,
0271,object_binding,"a bottle, a pizza and a pillow",a bottle,"83,254,206,427",a pizza,"317,199,438,349",a pillow,"173,51,307,157",,
0272,object_binding,"a lamp, a parking meter and a bench",a lamp,"174,33,291,165",a parking meter,"81,251,208,383",a bench,"41,132,156,246",,
0273,object_binding,"a surfboard, a crocodile and a bin",a surfboard,"357,92,492,241",a crocodile,"74,113,178,220",a bin,"186,28,338,156",,
0274,object_binding,"a baby, a watch and a scarf",a baby,"94,264,265,378",a watch,"369,288,485,443",a scarf,"89,58,269,232",,
0275,object_binding,"a kite, a suitcase and a ring",a kite,"50,386,158,509",a suitcase,"64,206,212,373",a ring,"360,143,484,284",,
0276,object_binding,"a bicycle, a stop sign and a soap",a bicycle,"260,115,370,229",a stop sign,"189,335,369,471",a soap,"82,312,186,435",,
0277,object_binding,"a surfboard, a hair drier and a mug",a surfboard,"225,44,400,171",a hair drier,"263,291,410,419",a mug,"12,85,144,220",,
0278,object_binding,"a boy, a boat and a knife",a boy,"153,276,291,411",a boat,"201,62,313,194",a knife,"307,341,445,495",,
0279,object_binding,"a crocodile, a mushroom and a basket",a crocodile,"227,239,371,416",a mushroom,"19,21,171,175",a basket,"342,14,464,132",,
0280,object_binding,"a surfboard, a sink and a drill",a surfboard,"172,27,310,168",a sink,"47,288,200,455",a drill,"375,52,480,165",,
0281,object_binding,"a sheep, a banana and a bucket",a sheep,"117,112,249,214",a banana,"396,309,503,431",a bucket,"332,65,473,212",,
0282,object_binding,"a skyscraper, a cat and a train",a skyscraper,"113,317,293,439",a cat,"155,4,286,133",a train,"342,44,512,180",,
0283,object_binding,"a keyboard, an hot-dog and a mushroom",a keyboard,"244,18,359,170",an hot-dog,"112,326,236,479",a mushroom,"81,63,199,227",,
0284,object_binding,"a book, an umbrella and a bowl",a book,"24,339,132,456",an umbrella,"156,302,261,439",a bowl,"167,122,318,301",,
0285,object_binding,"a tree, a microwave and a drill",a tree,"233,320,393,495",a microwave,"263,154,364,254",a drill,"11,295,189,404",,
0286,object_binding,"a tiger, a zebra and a shoe",a tiger,"244,306,406,455",a zebra,"85,86,248,215",a shoe,"391,3,505,139",,
0287,object_binding,"a guitar, a sandwich and a knife",a guitar,"385,95,506,198",a sandwich,"54,290,211,470",a knife,"233,161,370,295",,
0288,object_binding,"a person, a kite and a ball",a person,"272,250,389,376",a kite,"9,34,135,180",a ball,"138,330,265,502",,
0289,object_binding,"a laptop, a bus and a bin",a laptop,"85,82,244,233",a bus,"244,249,383,410",a bin,"318,74,432,184",,
0290,object_binding,"a cup, an elephant and a tape",a cup,"385,212,490,387",an elephant,"184,256,289,417",a tape,"128,39,232,159",,
0291,object_binding,"a bicycle, a platypus and a pan",a bicycle,"189,186,358,291",a platypus,"275,48,379,160",a pan,"391,33,503,172",,
0292,object_binding,"a sandwich, a pizza and a cake",a sandwich,"134,237,271,380",a pizza,"16,293,130,469",a cake,"355,131,496,268",,
0293,object_binding,"a teddy bear, a hat and a pillow",a teddy bear,"2,150,102,261",a hat,"211,5,354,142",a pillow,"31,287,140,398",,
0294,object_binding,"a banana, a wallet and a door",a banana,"98,55,241,188",a wallet,"65,241,219,388",a door,"262,226,401,355",,
0295,object_binding,"a shirt, a bucket and a soap",a shirt,"189,10,352,120",a bucket,"389,237,498,411",a soap,"122,228,250,391",,
0296,object_binding,"a toilet, a toaster and a pillow",a toilet,"321,216,451,350",a toaster,"43,241,208,362",a pillow,"156,10,320,158",,
0297,object_binding,"a ladder, a mug and a television",a ladder,"248,81,375,251",a mug,"269,300,390,480",a television,"16,250,165,383",,
0298,object_binding,"a surfboard, a television and a refrigerator",a surfboard,"79,73,226,183",a television,"183,199,345,319",a refrigerator,"87,335,252,437",,
0299,object_binding,"a tree, a keyboard and a tape",a tree,"123,34,273,149",a keyboard,"80,189,243,313",a tape,"60,315,212,425",,
0300,object_binding,"a donut, a keyboard and a cake",a donut,"22,253,184,421",a keyboard,"228,339,394,483",a cake,"77,24,191,193",,
0301,object_binding,"a snowboard, a door and a soap",a snowboard,"242,96,401,273",a door,"128,269,239,377",a soap,"14,18,136,197",,
0302,object_binding,"a plant, a toothbrush and a drill",a plant,"394,54,504,173",a toothbrush,"249,379,393,488",a drill,"107,118,275,278",,
0303,object_binding,"a sheep, a tennis racket and a shampoo",a sheep,"93,157,270,289",a tennis racket,"339,398,507,501",a shampoo,"280,207,449,332",,
0304,object_binding,"a bear, an elephant and a shampoo",a bear,"390,179,509,314",an elephant,"84,221,259,389",a shampoo,"105,47,237,147",,
0305,object_binding,"an oak, a cat and a toothbrush",an oak,"192,255,352,400",a cat,"367,84,507,251",a toothbrush,"63,101,231,223",,
0306,object_binding,"a horse, a frisbee and a pan",a horse,"1,125,165,299",a frisbee,"246,263,426,380",a pan,"236,4,356,166",,
0307,object_binding,"a flower, a tape and a watch",a flower,"301,235,416,379",a tape,"45,18,179,177",a watch,"95,309,253,479",,
0308,object_binding,"a traffic light, a shirt and a printer",a traffic light,"246,121,418,261",a shirt,"52,14,230,155",a printer,"40,195,172,361",,
0309,object_binding,"a boy, a blender and a bucket",a boy,"324,235,437,370",a blender,"17,138,176,315",a bucket,"358,34,474,199",,
0310,object_binding,"a tie, a cake and a bowl",a tie,"220,129,355,283",a cake,"53,240,203,390",a bowl,"380,373,511,486",,
0311,object_binding,"a bench, a cup and a truck",a bench,"207,154,317,291",a cup,"296,44,419,153",a truck,"312,344,466,479",,
0312,object_binding,"a stop sign, a platypus and a plate",a stop sign,"118,208,282,361",a platypus,"71,36,210,177",a plate,"298,117,467,274",,
0313,object_binding,"a bench, a candle and a pan",a bench,"177,225,342,391",a candle,"123,26,267,178",a pan,"225,396,343,497",,
0314,object_binding,"a cow, a train and a wallet",a cow,"117,178,227,284",a train,"205,296,362,410",a wallet,"388,247,512,407",,
0315,object_binding,"a couch, a platypus and a truck",a couch,"176,326,331,434",a platypus,"33,219,142,327",a truck,"366,312,500,443",,
0316,object_binding,"a rose, a boat and a platypus",a rose,"108,230,224,361",a boat,"392,249,493,414",a platypus,"4,25,179,184",,
0317,object_binding,"a laptop, a flower and a television",a laptop,"53,17,163,187",a flower,"94,226,213,333",a television,"235,52,365,170",,
0318,object_binding,"an apple, a shoe and a screwdriver",an apple,"65,279,242,395",a shoe,"243,276,389,427",a screwdriver,"108,25,279,185",,
0319,object_binding,"a microwave, a pan and a remote",a microwave,"105,177,257,328",a pan,"276,291,452,409",a remote,"112,346,246,472",,
0320,object_binding,"a sheep, a bottle and a kite",a sheep,"271,175,450,328",a bottle,"88,134,231,268",a kite,"106,309,236,419",,
0321,object_binding,"a handbag, a shower and a blender",a handbag,"172,301,345,455",a shower,"312,48,456,166",a blender,"15,256,169,419",,
0322,object_binding,"a shirt, a screwdriver and a television",a shirt,"375,90,507,217",a screwdriver,"81,310,259,421",a television,"256,118,365,295",,
0323,object_binding,"a tree, a traffic light and a toaster",a tree,"356,210,472,358",a traffic light,"70,290,224,427",a toaster,"289,23,459,192",,
0324,object_binding,"a pillow, a door and a desk",a pillow,"261,102,432,208",a door,"9,323,168,499",a desk,"373,223,473,344",,
0325,object_binding,"a platypus, an apple and a ball",a platypus,"258,204,425,304",an apple,"24,219,198,352",a ball,"195,12,375,118",,
0326,object_binding,"a clock, a surfboard and a mushroom",a clock,"9,192,117,331",a surfboard,"154,121,306,248",a mushroom,"318,130,433,278",,
0327,object_binding,"a rose, a fire hydrant and a bucket",a rose,"62,161,195,283",a fire hydrant,"328,288,487,459",a bucket,"219,21,338,178",,
0328,object_binding,"a bicycle, a platypus and a bin",a bicycle,"354,54,510,227",a platypus,"65,14,237,168",a bin,"231,231,399,407",,
0329,object_binding,"a cat, a mushroom and a wallet",a cat,"176,62,291,239",a mushroom,"404,316,512,480",a wallet,"102,350,222,489",,
0330,object_binding,"a bench, a sandwich and an hot-dog",a bench,"266,329,427,507",a sandwich,"47,186,155,352",an hot-dog,"191,170,298,303",,
0331,object_binding,"a beetle, a desk and a drill",a beetle,"148,247,317,398",a desk,"186,28,297,162",a drill,"322,276,469,456",,
0332,object_binding,"a table, a kite and a wallet",a table,"83,304,250,470",a kite,"93,156,247,258",a wallet,"201,35,348,142",,
0333,object_binding,"a toilet, a bin and a monitor",a toilet,"207,401,310,505",a bin,"86,110,229,234",a monitor,"287,63,396,234",,
0334,object_binding,"a person, a donut and a toolbox",a person,"317,233,452,403",a donut,"279,15,387,180",a toolbox,"63,249,195,364",,
0335,object_binding,"a skyscraper, a tennis racket and a desk",a skyscraper,"185,199,347,339",a tennis racket,"362,78,472,209",a desk,"365,373,478,489",,
0336,object_binding,"a bottle, a toothbrush and a frisbee",a bottle,"292,73,437,209",a toothbrush,"290,214,437,337",a frisbee,"87,144,250,319",,
0337,object_binding,"a skyscraper, a broom and a refrigerator",a skyscraper,"280,280,406,392",a broom,"140,3,242,118",a refrigerator,"78,127,178,235",,
0338,object_binding,"a parking meter, a zebra and a wallet",a parking meter,"176,165,299,319",a zebra,"300,69,442,210",a wallet,"245,346,414,451",,
0339,object_binding,"a skyscraper, a cow and a pan",a skyscraper,"159,150,312,283",a cow,"1,279,106,457",a pan,"321,340,442,504",,
0340,object_binding,"a bench, a shower and a plate",a bench,"249,284,408,452",a shower,"89,298,239,424",a plate,"264,90,413,239",,
0341,object_binding,"a car, a printer and a glass",a car,"312,356,424,471",a printer,"313,42,466,220",a glass,"160,231,302,367",,
0342,object_binding,"a bird, a ball and a refrigerator",a bird,"277,147,425,279",a ball,"106,180,209,321",a refrigerator,"20,337,189,485",,
0343,object_binding,"a chair, a handbag and a glass",a chair,"153,182,285,351",a handbag,"339,246,449,396",a glass,"217,382,321,506",,
0344,object_binding,"a skateboard, a mushroom and a bucket",a skateboard,"335,67,460,229",a mushroom,"230,290,395,418",a bucket,"102,32,282,132",,
0345,object_binding,"a microwave, an oven and a sink",a microwave,"329,191,474,343",an oven,"147,252,258,422",a sink,"288,34,433,176",,
0346,object_binding,"a snowboard, a motorcycle and a refrigerator",a snowboard,"15,273,188,391",a motorcycle,"237,307,414,471",a refrigerator,"46,2,172,115",,
0347,object_binding,"a toothbrush, a bear and a hat",a toothbrush,"365,283,504,408",a bear,"212,379,320,484",a hat,"128,192,263,303",,
0348,object_binding,"a guitar, a baseball bat and a watch",a guitar,"321,137,456,277",a baseball bat,"42,286,168,402",a watch,"3,31,169,195",,
0349,object_binding,"a tree, a car and a hat",a tree,"125,81,242,247",a car,"302,155,431,327",a hat,"202,376,361,499",,
0350,object_binding,"a cow, an umbrella and a bird",a cow,"30,137,144,310",an umbrella,"296,397,398,500",a bird,"318,167,460,328",,
0351,object_binding,"a book, a hair drier and a fire hydrant",a book,"28,99,200,223",a hair drier,"283,288,401,394",a fire hydrant,"88,337,251,493",,
0352,object_binding,"a toilet, a bowl and a shoe",a toilet,"177,148,277,308",a bowl,"299,154,428,256",a shoe,"16,83,176,233",,
0353,object_binding,"a broom, a horse and a frisbee",a broom,"75,296,226,462",a horse,"129,129,285,286",a frisbee,"288,191,403,353",,
0354,object_binding,"a book, a plant and a bench",a book,"57,199,167,347",a plant,"380,312,489,464",a bench,"270,146,397,261",,
0355,object_binding,"a flower, a handbag and a remote",a flower,"101,32,206,205",a handbag,"127,247,232,416",a remote,"265,69,372,249",,
0356,object_binding,"a toilet, a cow and a charger",a toilet,"344,308,451,473",a cow,"107,287,280,451",a charger,"204,149,363,275",,
0357,object_binding,"a tree, a skateboard and a glass",a tree,"285,50,419,191",a skateboard,"139,341,252,486",a glass,"159,97,268,248",,
0358,object_binding,"a table, a pizza and a ladder",a table,"211,75,327,243",a pizza,"45,161,204,289",a ladder,"4,299,177,469",,
0359,object_binding,"a flower, a baseball glove and a pillow",a flower,"352,233,467,383",a baseball glove,"58,6,201,185",a pillow,"20,280,181,398",,
0360,object_binding,"a tie, a tape and a remote",a tie,"151,339,306,458",a tape,"11,339,133,457",a remote,"194,35,313,211",,
0361,object_binding,"an umbrella, a bowl and a scarf",an umbrella,"225,189,373,365",a bowl,"48,258,224,370",a scarf,"319,74,450,181",,
0362,object_binding,"a bus, a snowboard and a bowl",a bus,"314,280,418,381",a snowboard,"135,390,302,500",a bowl,"63,89,233,202",,
0363,object_binding,"a bed, a baseball bat and a sandwich",a bed,"366,379,482,508",a baseball bat,"110,34,256,184",a sandwich,"153,215,294,383",,
0364,object_binding,"a tree, a bed and a backpack",a tree,"367,393,487,510",a bed,"58,123,223,247",a backpack,"229,133,375,258",,
0365,object_binding,"a laptop, a chair and an elephant",a laptop,"206,61,376,239",a chair,"5,58,157,230",an elephant,"267,283,401,459",,
0366,object_binding,"a boy, a table and a suitcase",a boy,"80,341,180,509",a table,"32,154,150,297",a suitcase,"279,370,390,495",,
0367,object_binding,"a dog, a mushroom and a bucket",a dog,"213,213,369,314",a mushroom,"153,383,292,509",a bucket,"106,96,243,196",,
0368,object_binding,"a boy, a teddy bear and a blender",a boy,"55,234,204,398",a teddy bear,"280,159,435,310",a blender,"363,319,475,421",,
0369,object_binding,"a couch, a snowboard and a speaker",a couch,"324,78,473,217",a snowboard,"193,365,360,479",a speaker,"36,112,199,230",,
0370,object_binding,"a car, a donut and a blender",a car,"152,303,287,447",a donut,"106,141,274,285",a blender,"237,29,373,131",,
0371,object_binding,"a car, a ball and a shirt",a car,"90,54,203,225",a ball,"380,143,496,288",a shirt,"224,164,363,288",,
0372,object_binding,"a banana, a surfboard and a suitcase",a banana,"344,166,474,288",a surfboard,"33,167,145,289",a suitcase,"95,14,198,143",,
0373,object_binding,"a handbag, a giraffe and a mouse",a handbag,"168,160,285,276",a giraffe,"322,313,444,490",a mouse,"15,331,137,482",,
0374,object_binding,"a toothbrush, a teddy bear and a drill",a toothbrush,"276,149,388,281",a teddy bear,"29,134,206,274",a drill,"304,343,462,510",,
0375,object_binding,"a tree, a lamp and a watch",a tree,"312,36,459,196",a lamp,"349,231,508,398",a watch,"130,388,290,498",,
0376,object_binding,"a skyscraper, a tiger and a tennis racket",a skyscraper,"99,225,259,402",a tiger,"360,369,500,480",a tennis racket,"386,83,505,207",,
0377,object_binding,"a tree, a pizza and a soap",a tree,"54,51,176,180",a pizza,"229,259,371,387",a soap,"188,53,300,231",,
0378,object_binding,"a giraffe, a basket and a remote",a giraffe,"88,327,199,454",a basket,"96,197,253,316",a remote,"29,56,172,194",,
0379,object_binding,"a baseball bat, an hot-dog and an elephant",a baseball bat,"317,304,461,455",an hot-dog,"129,236,279,411",an elephant,"184,7,321,123",,
0380,object_binding,"an oak, a sheep and a door",an oak,"341,278,508,403",a sheep,"120,81,237,261",a door,"73,336,211,484",,
0381,object_binding,"a table, a donut and a ruler",a table,"133,5,297,154",a donut,"151,195,287,367",a ruler,"337,72,462,236",,
0382,object_binding,"a bed, a bear and a ring",a bed,"9,191,119,340",a bear,"163,165,302,273",a ring,"45,349,215,458",,
0383,object_binding,"a keyboard, an hot-dog and a motorcycle",a keyboard,"93,109,263,224",an hot-dog,"356,266,495,385",a motorcycle,"155,283,261,436",,
0384,object_binding,"a chair, a banana, a suitcase and a ladder",a chair,"62,144,192,251",a banana,"140,361,223,497",a suitcase,"254,271,375,394",a ladder,"353,3,490,124"
0385,object_binding,"a guitar, a sink, a bin and a curtain",a guitar,"129,98,267,222",a sink,"74,407,185,509",a bin,"328,76,412,174",a curtain,"19,218,109,309"
0386,object_binding,"a broom, an oven, a sock and a speaker",a broom,"314,350,399,489",an oven,"305,209,453,343",a sock,"14,301,127,443",a speaker,"41,90,147,186"
0387,object_binding,"a guitar, a mouse, a ruler and a ball",a guitar,"352,135,471,283",a mouse,"226,172,323,293",a ruler,"97,377,234,502",a ball,"8,37,108,130"
0388,object_binding,"a bus, a stop sign, a pan and a basket",a bus,"137,246,235,334",a stop sign,"262,303,380,417",a pan,"40,7,149,154",a basket,"423,76,504,212"
0389,object_binding,"a keyboard, a truck, a plate and a toolbox",a keyboard,"5,240,142,369",a truck,"243,378,357,500",a plate,"49,370,167,509",a toolbox,"145,201,225,299"
0390,object_binding,"a sheep, a platypus, a cup and a fire hydrant",a sheep,"288,166,398,309",a platypus,"93,210,209,359",a cup,"26,367,174,468",a fire hydrant,"403,363,502,468"
0391,object_binding,"a chair, a couch, a fire hydrant and a ball",a chair,"1,108,89,223",a couch,"176,216,293,365",a fire hydrant,"379,230,468,312",a ball,"132,387,221,487"
0392,object_binding,"a car, a tiger, a suitcase and a door",a car,"284,176,407,272",a tiger,"117,185,219,316",a suitcase,"240,296,331,419",a door,"370,420,506,507"
0393,object_binding,"a lamp, a knife, a leaf and a printer",a lamp,"277,297,421,442",a knife,"284,10,368,149",a leaf,"50,129,194,235",a printer,"299,157,417,245"
0394,object_binding,"a carrot, a tie, a knife and a remote",a carrot,"257,15,342,148",a tie,"46,52,169,199",a knife,"107,239,188,342",a remote,"409,55,504,205"
0395,object_binding,"a boat, a platypus, a spoon and a shower",a boat,"364,367,462,448",a platypus,"172,39,295,123",a spoon,"164,364,249,464",a shower,"362,94,507,209"
0396,object_binding,"a sheep, a cow, a hair drier and a speaker",a sheep,"103,237,204,333",a cow,"378,302,486,441",a hair drier,"216,316,303,439",a speaker,"275,121,388,256"
0397,object_binding,"a bed, a toilet, a traffic light and a ladder",a bed,"96,337,186,443",a toilet,"357,186,441,316",a traffic light,"17,216,114,297",a ladder,"275,229,356,346"
0398,object_binding,"a pizza, a teddy bear, a mouse and a backpack",a pizza,"192,251,325,333",a teddy bear,"313,2,424,116",a mouse,"14,70,116,189",a backpack,"381,157,462,251"
0399,object_binding,"a toothbrush, an apple, a motorcycle and a shirt",a toothbrush,"138,321,229,437",an apple,"69,13,194,142",a motorcycle,"249,57,356,182",a shirt,"374,288,467,379"
0400,object_binding,"a vase, a fork, a leaf and a curtain",a vase,"326,96,413,207",a fork,"234,287,336,378",a leaf,"7,308,143,427",a curtain,"376,383,487,490"
0401,object_binding,"a tree, a couch, a mushroom and a soap",a tree,"6,330,86,434",a couch,"197,168,347,313",a mushroom,"222,390,372,472",a soap,"45,36,131,124"
0402,object_binding,"a beetle, an apple, an elephant and a curtain",a beetle,"281,89,373,203",an apple,"120,134,214,248",an elephant,"17,371,158,486",a curtain,"206,339,310,420"
0403,object_binding,"a skateboard, a shower, a drill and a soap",a skateboard,"141,101,260,216",a shower,"195,9,283,92",a drill,"371,218,481,302",a soap,"76,390,191,497"
0404,object_binding,"a donut, a handbag, a ball and a plate",a donut,"24,306,150,417",a handbag,"292,207,423,336",a ball,"193,279,280,376",a plate,"60,78,168,186"
0405,object_binding,"a handbag, a snowboard, a shirt and a shampoo",a handbag,"5,251,143,398",a snowboard,"209,311,358,417",a shirt,"149,30,295,151",a shampoo,"371,279,485,378"
0406,object_binding,"a traffic light, a crocodile, a ruler and a scarf",a traffic light,"188,209,287,339",a crocodile,"6,348,152,458",a ruler,"363,365,507,448",a scarf,"309,224,455,315"
0407,object_binding,"a skyscraper, a surfboard, an hot-dog and a mug",a skyscraper,"384,364,472,499",a surfboard,"102,82,240,212",an hot-dog,"241,301,377,438",a mug,"330,93,410,240"
0408,object_binding,"a table, a microwave, a donut and a hammer",a table,"200,185,296,290",a microwave,"369,16,491,109",a donut,"130,329,244,479",a hammer,"312,362,457,447"
0409,object_binding,"a cat, a sheep, a vase and a hat",a cat,"211,356,302,436",a sheep,"14,160,115,293",a vase,"163,53,295,175",a hat,"394,162,496,285"
0410,object_binding,"a boat, a donut, a candle and a bin",a boat,"107,208,242,337",a donut,"354,313,492,436",a candle,"294,24,380,162",a bin,"191,368,274,485"
0411,object_binding,"a donut, a frisbee, a watch and a drill",a donut,"207,277,305,427",a frisbee,"364,121,470,252",a watch,"8,319,153,437",a drill,"317,327,436,461"
0412,object_binding,"a sandwich, a knife, a shoe and a monitor",a sandwich,"138,261,279,361",a knife,"382,354,512,478",a shoe,"335,9,450,104",a monitor,"242,57,322,147"
0413,object_binding,"a table, a shoe, a scarf and a ring",a table,"30,255,149,390",a shoe,"359,317,492,462",a scarf,"313,150,409,283",a ring,"355,2,489,112"
0414,object_binding,"a baseball bat, a vase, a sandwich and a traffic light",a baseball bat,"168,297,250,414",a vase,"371,81,476,187",a sandwich,"311,200,445,334",a traffic light,"277,367,397,507"
0415,object_binding,"a cat, a keyboard, a suitcase and a screwdriver",a cat,"68,248,197,337",a keyboard,"382,341,468,467",a suitcase,"315,228,442,327",a screwdriver,"122,38,217,177"
0416,object_binding,"a carrot, a shirt, a flashlight and a speaker",a carrot,"149,29,269,137",a shirt,"155,311,259,444",a flashlight,"393,137,489,251",a speaker,"367,318,508,428"
0417,object_binding,"a cat, a flower, a hat and a television",a cat,"251,387,347,492",a flower,"61,215,184,325",a hat,"341,247,451,346",a television,"90,97,171,195"
0418,object_binding,"a cow, a parking meter, a keyboard and a sock",a cow,"254,337,344,439",a parking meter,"334,225,482,323",a keyboard,"372,351,510,485",a sock,"138,86,238,180"
0419,object_binding,"a microwave, a candle, a blender and a backpack",a microwave,"157,395,239,496",a candle,"311,195,420,280",a blender,"111,211,237,297",a backpack,"282,2,369,96"
0420,object_binding,"a bed, a teddy bear, a tape and a screwdriver",a bed,"337,63,432,149",a teddy bear,"36,12,183,144",a tape,"65,165,187,291",a screwdriver,"117,404,242,488"
0421,object_binding,"a beetle, a giraffe, a hair drier and a notebook",a beetle,"110,229,210,341",a giraffe,"413,352,496,479",a hair drier,"235,38,348,167",a notebook,"66,87,198,179"
0422,object_binding,"a donut, a hair drier, a sink and a hat",a donut,"222,84,304,223",a hair drier,"218,243,355,386",a sink,"81,351,182,470",a hat,"41,139,142,271"
0423,object_binding,"a cat, a microwave, a parking meter and a truck",a cat,"18,96,122,217",a microwave,"359,28,471,112",a parking meter,"187,300,280,396",a truck,"33,362,183,455"
0424,object_binding,"a table, a bird, a speaker and a desk",a table,"83,222,221,344",a bird,"291,319,438,460",a speaker,"143,388,228,488",a desk,"416,126,505,231"
0425,object_binding,"a shower, a cup, a screwdriver and a sock",a shower,"50,237,195,345",a cup,"253,397,399,485",a screwdriver,"254,117,385,263",a sock,"99,351,209,434"
0426,object_binding,"a baby, a dog, a cellphone and a sandwich",a baby,"238,170,336,308",a dog,"375,294,495,405",a cellphone,"77,169,219,309",a sandwich,"164,355,248,494"
0427,object_binding,"a tree, a giraffe, a baseball glove and a bin",a tree,"336,84,428,172",a giraffe,"415,297,510,442",a baseball glove,"293,388,408,473",a bin,"107,286,221,433"
0428,object_binding,"a bench, a frisbee, a charger and a pan",a bench,"160,62,292,187",a frisbee,"166,298,283,403",a charger,"322,152,427,264",a pan,"364,343,468,447"
0429,object_binding,"a horse, a cup, a sock and a printer",a horse,"318,300,433,433",a cup,"193,112,277,249",a sock,"70,63,177,211",a printer,"107,285,246,409"
0430,object_binding,"a person, a kite, a ball and a basket",a person,"280,72,373,195",a kite,"7,219,137,318",a ball,"157,420,256,502",a basket,"54,347,146,449"
0431,object_binding,"a bottle, a traffic light, a shoe and a tape",a bottle,"97,223,240,307",a traffic light,"293,207,374,315",a shoe,"156,37,303,144",a tape,"82,373,191,479"
0432,object_binding,"a rose, a book, a tie and a speaker",a rose,"70,384,206,484",a book,"264,128,401,211",a tie,"305,324,455,408",a speaker,"91,273,201,377"
0433,object_binding,"a book, a motorcycle, a plate and a ring",a book,"248,34,342,127",a motorcycle,"349,344,496,491",a plate,"169,166,310,303",a ring,"397,5,495,103"
0434,object_binding,"a person, a sheep, a wallet and a leaf",a person,"94,370,221,475",a sheep,"244,380,385,497",a wallet,"52,111,174,225",a leaf,"242,68,323,179"
0435,object_binding,"a book, a platypus, a mug and a door",a book,"334,101,445,190",a platypus,"88,399,168,486",a mug,"13,231,147,329",a door,"151,65,289,196"
0436,object_binding,"a chair, a clock, a guitar and a turtle",a chair,"183,282,293,406",a clock,"2,305,114,390",a guitar,"115,109,212,216",a turtle,"326,2,418,135"
0437,object_binding,"a plant, a sheep, a flower and a pan",a plant,"379,70,478,213",a sheep,"241,344,363,463",a flower,"184,50,293,200",a pan,"34,229,146,371"
0438,object_binding,"a book, a boy, a sink and a mug",a book,"78,302,201,417",a boy,"224,30,313,178",a sink,"328,276,458,379",a mug,"328,384,424,494"
0439,object_binding,"a train, a screwdriver, a drill and a television",a train,"15,392,154,491",a screwdriver,"162,45,281,136",a drill,"383,418,477,504",a television,"358,306,449,396"
0440,object_binding,"a vase, a carrot, a bin and a printer",a vase,"94,6,218,150",a carrot,"316,366,396,475",a bin,"65,340,165,445",a printer,"375,211,488,357"
0441,object_binding,"a boat, a cow, a train and a broom",a boat,"66,25,186,131",a cow,"55,410,174,496",a train,"274,146,364,236",a broom,"204,281,326,386"
0442,object_binding,"a skyscraper, a knife, a truck and a television",a skyscraper,"306,70,418,173",a knife,"402,280,496,407",a truck,"26,362,145,456",a television,"76,22,207,171"
0443,object_binding,"a banana, a handbag, a baseball glove and a shoe",a banana,"123,2,251,131",a handbag,"349,340,443,450",a baseball glove,"314,76,430,196",a shoe,"140,367,269,469"
0444,object_binding,"a beetle, a toilet, a cow and a crocodile",a beetle,"244,267,342,353",a toilet,"152,259,237,394",a cow,"266,126,361,257",a crocodile,"228,3,348,88"
0445,object_binding,"a handbag, a snowboard, a charger and a sock",a handbag,"283,30,368,162",a snowboard,"5,317,97,433",a charger,"3,117,153,249",a sock,"365,226,476,338"
0446,object_binding,"a tree, a tennis racket, a shirt and a curtain",a tree,"407,310,509,434",a tennis racket,"309,168,456,267",a shirt,"44,181,164,318",a curtain,"221,254,301,365"
0447,object_binding,"a baby, a donut, a tennis racket and a leaf",a baby,"1,193,111,317",a donut,"214,124,300,254",a tennis racket,"27,27,169,129",a leaf,"164,339,255,463"
0448,object_binding,"a laptop, a flower, a broom and a monitor",a laptop,"382,202,505,344",a flower,"127,249,210,364",a broom,"215,290,311,370",a monitor,"245,136,343,228"
0449,object_binding,"a rose, a surfboard, a kite and a bear",a rose,"24,209,122,292",a surfboard,"253,96,397,193",a kite,"387,320,508,426",a bear,"247,264,334,360"
0450,object_binding,"a bird, a keyboard, a fork and a speaker",a bird,"117,88,202,220",a keyboard,"302,243,432,329",a fork,"34,223,173,359",a speaker,"137,373,252,497"
0451,object_binding,"a cat, a microwave, a keyboard and an elephant",a cat,"232,242,382,337",a microwave,"149,29,229,153",a keyboard,"235,62,330,152",an elephant,"86,336,209,441"
0452,object_binding,"a traffic light, a ruler, a hammer and a bin",a traffic light,"229,197,361,345",a ruler,"77,39,158,170",a hammer,"5,234,118,366",a bin,"415,346,497,475"
0453,object_binding,"a banana, a sandwich, a turtle and a basket",a banana,"271,301,415,406",a sandwich,"230,83,310,209",a turtle,"335,411,482,505",a basket,"69,261,202,348"
0454,object_binding,"a couch, a boat, a shirt and a desk",a couch,"395,262,484,396",a boat,"72,108,218,213",a shirt,"100,389,209,511",a desk,"304,162,440,256"
0455,object_binding,"an apple, a shower, a door and a ring",an apple,"137,134,256,281",a shower,"278,10,390,145",a door,"95,375,231,480",a ring,"383,356,503,450"
0456,object_binding,"a clock, a mushroom, a frisbee and a candle",a clock,"2,27,107,144",a mushroom,"310,238,423,372",a frisbee,"128,325,230,446",a candle,"291,31,436,162"
0457,object_binding,"a bicycle, a sheep, a candle and a glass",a bicycle,"37,314,128,463",a sheep,"344,19,438,156",a candle,"75,118,180,244",a glass,"144,271,282,400"
0458,object_binding,"a car, a door, a curtain and a refrigerator",a car,"31,62,135,165",a door,"335,199,454,317",a curtain,"112,176,260,306",a refrigerator,"346,82,486,188"
0459,object_binding,"a platypus, an hot-dog, a charger and a bucket",a platypus,"258,269,375,414",an hot-dog,"106,25,250,160",a charger,"380,321,493,415",a bucket,"360,61,476,202"
0460,object_binding,"a bus, a mouse, a tape and a drill",a bus,"260,160,370,267",a mouse,"341,330,465,446",a tape,"20,274,127,412",a drill,"138,54,250,144"
0461,object_binding,"a sandwich, a pizza, an apple and an elephant",a sandwich,"318,312,455,396",a pizza,"13,342,142,467",an apple,"84,221,197,326",an elephant,"384,65,501,180"
0462,object_binding,"a baseball bat, a sandwich, a motorcycle and a monitor",a baseball bat,"251,100,378,249",a sandwich,"102,54,206,180",a motorcycle,"12,254,96,372",a monitor,"25,379,171,462"
0463,object_binding,"a broom, a fork, an elephant and a mouse",a broom,"29,291,179,409",a fork,"255,13,398,158",an elephant,"360,351,493,500",a mouse,"84,59,212,139"
0464,object_binding,"a cellphone, a zebra, a frisbee and a scarf",a cellphone,"28,293,154,390",a zebra,"71,71,184,212",a frisbee,"380,22,491,160",a scarf,"266,145,357,276"
0465,object_binding,"a rose, a donut, a bottle and a spoon",a rose,"20,255,110,405",a donut,"381,294,477,418",a bottle,"232,64,338,198",a spoon,"117,371,216,477"
0466,object_binding,"a banana, a baseball bat, an elephant and a tape",a banana,"156,122,266,272",a baseball bat,"33,289,123,416",an elephant,"332,79,462,217",a tape,"307,237,406,331"
0467,object_binding,"a chair, a pillow, a plate and a leaf",a chair,"339,135,474,252",a pillow,"17,81,109,209",a plate,"124,213,260,338",a leaf,"257,366,390,473"
0468,object_binding,"a train, a mushroom, a fire hydrant and a basket",a train,"147,212,239,356",a mushroom,"241,304,322,387",a fire hydrant,"255,153,356,252",a basket,"58,71,197,181"
0469,object_binding,"a sheep, a ladder, a notebook and a refrigerator",a sheep,"332,30,445,161",a ladder,"154,284,251,424",a notebook,"373,316,509,460",a refrigerator,"49,115,165,226"
0470,object_binding,"a skyscraper, a carrot, an apple and a blender",a skyscraper,"200,44,289,146",a carrot,"314,82,449,192",an apple,"69,191,156,290",a blender,"284,198,384,300"
0471,object_binding,"a rose, a motorcycle, a frisbee and a bucket",a rose,"263,40,375,130",a motorcycle,"37,37,119,147",a frisbee,"273,301,418,427",a bucket,"4,192,136,278"
0472,object_binding,"a bear, a candle, a wallet and a printer",a bear,"305,149,437,298",a candle,"135,304,237,388",a wallet,"140,18,224,123",a printer,"138,215,251,299"
0473,object_binding,"a horse, a traffic light, a baseball glove and a flashlight",a horse,"389,295,473,411",a traffic light,"157,121,274,215",a baseball glove,"91,357,233,462",a flashlight,"244,242,385,333"
0474,object_binding,"a surfboard, a giraffe, a bin and a watch",a surfboard,"5,110,115,239",a giraffe,"259,252,406,360",a bin,"132,96,267,184",a watch,"273,376,390,510"
0475,object_binding,"a handbag, a bowl, a shirt and a screwdriver",a handbag,"184,309,300,456",a bowl,"276,83,408,171",a shirt,"131,53,264,163",a screwdriver,"43,189,159,279"
0476,object_binding,"a toaster, a bowl, a mug and a watch",a toaster,"56,133,191,275",a bowl,"364,232,451,366",a mug,"217,110,349,200",a watch,"31,354,178,454"
0477,object_binding,"a baby, a suitcase, a turtle and a mug",a baby,"47,155,165,242",a suitcase,"66,346,214,469",a turtle,"333,195,450,303",a mug,"176,209,325,331"
0478,object_binding,"a baby, a spoon, a shower and an oven",a baby,"252,290,339,371",a spoon,"374,10,509,106",a shower,"58,191,205,309",an oven,"389,250,504,357"
0479,object_binding,"a parking meter, an hot-dog, a crocodile and a plate",a parking meter,"379,175,495,289",an hot-dog,"88,95,171,206",a crocodile,"341,348,485,477",a plate,"139,306,287,403"
0480,object_binding,"a dog, a person, a train and a kite",a dog,"374,378,485,492",a person,"224,339,335,486",a train,"332,103,428,203",a kite,"89,33,170,165"
0481,object_binding,"a plant, a vase, a kite and a toaster",a plant,"352,94,476,192",a vase,"4,169,153,313",a kite,"288,353,404,500",a toaster,"189,221,337,349"
0482,object_binding,"a lamp, a boat, a banana and a ball",a lamp,"56,44,157,170",a boat,"173,118,288,220",a banana,"296,189,415,315",a ball,"0,252,87,370"
0483,object_binding,"a banana, a giraffe, a tie and a screwdriver",a banana,"79,152,213,293",a giraffe,"188,343,284,464",a tie,"144,31,274,115",a screwdriver,"341,104,434,238"
0484,object_binding,"a table, a toothbrush, a flower and a refrigerator",a table,"75,334,203,423",a toothbrush,"81,27,165,112",a flower,"310,342,416,468",a refrigerator,"426,80,512,195"
0485,object_binding,"a baby, a toilet, a baseball bat and a shampoo",a baby,"162,293,277,411",a toilet,"215,53,317,202",a baseball bat,"26,183,125,315",a shampoo,"418,171,512,284"
0486,object_binding,"a microwave, a zebra, a fire hydrant and a leaf",a microwave,"91,134,186,217",a zebra,"392,318,483,460",a fire hydrant,"213,239,308,381",a leaf,"293,6,430,145"
0487,object_binding,"a surfboard, a spoon, a motorcycle and a ruler",a surfboard,"337,102,432,236",a spoon,"288,273,428,380",a motorcycle,"169,215,254,340",a ruler,"4,235,151,369"
0488,object_binding,"an oak, a cake, a candle and a watch",an oak,"87,392,183,512",a cake,"378,350,509,444",a candle,"384,149,510,291",a watch,"217,236,319,380"
0489,object_binding,"a rose, a book, a fire hydrant and a scarf",a rose,"94,399,187,510",a book,"347,203,451,301",a fire hydrant,"366,370,448,504",a scarf,"237,277,335,365"
0490,object_binding,"a spoon, a pizza, a tennis racket and a pillow",a spoon,"36,136,165,232",a pizza,"36,316,167,418",a tennis racket,"310,92,439,178",a pillow,"278,260,427,349"
0491,object_binding,"an oak, a train, a hat and a pillow",an oak,"209,244,326,394",a train,"341,331,483,445",a hat,"7,193,90,330",a pillow,"175,53,289,202"
0492,object_binding,"a boat, a ball, a backpack and a television",a boat,"30,15,113,111",a ball,"283,70,400,192",a backpack,"71,332,169,482",a television,"301,210,384,290"
0493,object_binding,"a bird, a surfboard, an oven and a screwdriver",a bird,"4,13,129,154",a surfboard,"70,339,189,423",an oven,"225,273,349,414",a screwdriver,"215,1,331,115"
0494,object_binding,"a platypus, an apple, a plate and a leaf",a platypus,"381,221,478,338",an apple,"216,216,358,351",a plate,"218,352,363,477",a leaf,"226,54,332,159"
0495,object_binding,"a bus, a handbag, a hat and a remote",a bus,"286,80,406,229",a handbag,"155,330,256,477",a hat,"376,292,481,407",a remote,"167,152,275,296"
0496,object_binding,"an oak, a tiger, a frisbee and a leaf",an oak,"160,364,295,506",a tiger,"153,160,283,258",a frisbee,"295,153,381,254",a leaf,"8,296,121,431"
0497,object_binding,"a car, a cellphone, a spoon and a ring",a car,"138,163,227,298",a cellphone,"2,152,109,258",a spoon,"335,327,468,477",a ring,"265,38,369,178"
0498,object_binding,"a laptop, a train, a bowl and a hat",a laptop,"201,97,314,202",a train,"375,112,456,252",a bowl,"6,142,147,258",a hat,"176,385,300,499"
0499,object_binding,"a stop sign, a sink, a monitor and a printer",a stop sign,"60,271,144,368",a sink,"3,103,127,219",a monitor,"294,38,439,141",a printer,"79,370,215,499"
0500,object_binding,"a baby, a cellphone, an hot-dog and a cake",a baby,"184,53,322,179",a cellphone,"115,194,261,330",an hot-dog,"327,72,466,197",a cake,"82,363,162,510"
0501,object_binding,"a donut, a spoon, a printer and a curtain",a donut,"19,341,144,456",a spoon,"226,207,360,355",a printer,"255,11,400,110",a curtain,"382,227,466,347"
0502,object_binding,"a beetle, a table, a pan and a drill",a beetle,"406,382,492,471",a table,"130,94,229,183",a pan,"327,75,437,211",a drill,"246,373,352,493"
0503,object_binding,"a baby, a table, a mouse and a bucket",a baby,"13,89,138,206",a table,"264,244,413,392",a mouse,"221,53,355,159",a bucket,"120,344,236,431"
0504,object_binding,"a cat, a horse, a mushroom and a screwdriver",a cat,"401,120,482,267",a horse,"275,330,392,449",a mushroom,"260,85,352,173",a screwdriver,"79,295,211,414"
0505,object_binding,"a plate, a leaf, a remote and a toolbox",a plate,"290,313,395,456",a leaf,"220,153,362,249",a remote,"138,378,254,494",a toolbox,"68,101,177,197"
0506,object_binding,"a spoon, a motorcycle, a leaf and a remote",a spoon,"136,354,227,451",a motorcycle,"125,201,265,318",a leaf,"201,4,346,102",a remote,"290,317,380,430"
0507,object_binding,"a toothbrush, a watch, a printer and a television",a toothbrush,"45,52,182,143",a watch,"350,205,493,328",a printer,"54,361,201,475",a television,"331,366,417,448"
0508,object_binding,"a banana, a parking meter, a tiger and a shoe",a banana,"62,255,182,375",a parking meter,"191,19,326,118",a tiger,"261,235,356,339",a shoe,"272,382,401,512"
0509,object_binding,"a bus, a cat, an apple and a mug",a bus,"5,136,100,267",a cat,"200,142,306,246",an apple,"108,364,215,448",a mug,"289,297,439,420"
0510,object_binding,"a bottle, a train, an elephant and a flashlight",a bottle,"279,1,379,140",a train,"118,88,209,184",an elephant,"222,242,333,337",a flashlight,"199,370,332,483"
0511,object_binding,"a tiger, a spoon, a shirt and a pan",a tiger,"370,113,463,214",a spoon,"48,12,152,148",a shirt,"200,367,323,494",a pan,"151,208,284,327"
0512,color_binding,a blue drill,a blue drill,"47,15,511,512",,,,,,
0513,color_binding,a blue shower,a blue shower,"49,67,394,490",,,,,,
0514,color_binding,an gray hot-dog,an gray hot-dog,"74,232,401,483",,,,,,
0515,color_binding,a yellow table,a yellow table,"231,114,410,363",,,,,,
0516,color_binding,a orange lamp,a orange lamp,"180,79,345,232",,,,,,
0517,color_binding,a green curtain,a green curtain,"91,29,404,333",,,,,,
0518,color_binding,a gray hammer,a gray hammer,"137,197,362,372",,,,,,
0519,color_binding,a gray desk,a gray desk,"2,224,448,497",,,,,,
0520,color_binding,a gray keyboard,a gray keyboard,"86,292,498,487",,,,,,
0521,color_binding,a green remote,a green remote,"39,8,435,419",,,,,,
0522,color_binding,a purple motorcycle,a purple motorcycle,"35,119,505,283",,,,,,
0523,color_binding,a blue couch,a blue couch,"130,59,392,512",,,,,,
0524,color_binding,a red mouse,a red mouse,"55,10,511,338",,,,,,
0525,color_binding,a red guitar,a red guitar,"312,3,511,349",,,,,,
0526,color_binding,a yellow handbag,a yellow handbag,"34,101,333,298",,,,,,
0527,color_binding,a red tennis racket,a red tennis racket,"159,114,506,378",,,,,,
0528,color_binding,a green crocodile,a green crocodile,"66,55,509,388",,,,,,
0529,color_binding,an black apple,an black apple,"100,59,461,214",,,,,,
0530,color_binding,a blue plate,a blue plate,"39,50,423,331",,,,,,
0531,color_binding,a yellow monitor,a yellow monitor,"191,1,487,378",,,,,,
0532,color_binding,a white toaster,a white toaster,"51,47,490,260",,,,,,
0533,color_binding,a gray screwdriver,a gray screwdriver,"94,82,438,351",,,,,,
0534,color_binding,a green shirt,a green shirt,"113,39,486,356",,,,,,
0535,color_binding,a orange microwave,a orange microwave,"24,10,421,220",,,,,,
0536,color_binding,a green toothbrush,a green toothbrush,"232,37,385,230",,,,,,
0537,color_binding,a pink shampoo,a pink shampoo,"15,34,262,358",,,,,,
0538,color_binding,a white wallet,a white wallet,"306,79,496,495",,,,,,
0539,color_binding,a purple ring,a purple ring,"162,133,440,406",,,,,,
0540,color_binding,a pink laptop,a pink laptop,"4,20,478,337",,,,,,
0541,color_binding,a yellow scarf,a yellow scarf,"142,47,352,509",,,,,,
0542,color_binding,a pink spoon,a pink spoon,"12,40,235,274",,,,,,
0543,color_binding,a brown ruler,a brown ruler,"181,3,479,497",,,,,,
0544,color_binding,a white notebook,a white notebook,"27,97,242,464",,,,,,
0545,color_binding,a orange skyscraper,a orange skyscraper,"107,180,320,338",,,,,,
0546,color_binding,a pink dog,a pink dog,"139,288,393,439",,,,,,
0547,color_binding,a blue rose,a blue rose,"47,68,236,494",,,,,,
0548,color_binding,a yellow cellphone,a yellow cellphone,"4,105,422,356",,,,,,
0549,color_binding,a orange snowboard,a orange snowboard,"39,75,332,339",,,,,,
0550,color_binding,a gray toolbox,a gray toolbox,"52,41,501,502",,,,,,
0551,color_binding,a yellow knife,a yellow knife,"125,169,443,488",,,,,,
0552,color_binding,a yellow beetle,a yellow beetle,"197,55,480,466",,,,,,
0553,color_binding,a red bird,a red bird,"73,314,509,502",,,,,,
0554,color_binding,a blue fork,a blue fork,"19,6,357,307",,,,,,
0555,color_binding,a black candle,a black candle,"29,11,444,428",,,,,,
0556,color_binding,a gray mushroom,a gray mushroom,"126,4,485,497",,,,,,
0557,color_binding,a orange horse,a orange horse,"13,36,360,444",,,,,,
0558,color_binding,a yellow tape,a yellow tape,"117,0,325,498",,,,,,
0559,color_binding,a black backpack,a black backpack,"74,128,282,297",,,,,,
0560,color_binding,a brown speaker,a brown speaker,"47,17,353,512",,,,,,
0561,color_binding,a black leaf,a black leaf,"143,20,501,253",,,,,,
0562,color_binding,a red cat,a red cat,"25,36,403,475",,,,,,
0563,color_binding,an white oven,an white oven,"120,174,290,393",,,,,,
0564,color_binding,a blue bucket,a blue bucket,"21,92,188,428",,,,,,
0565,color_binding,a red vase,a red vase,"13,43,349,452",,,,,,
0566,color_binding,a black door,a black door,"148,184,438,489",,,,,,
0567,color_binding,a black turtle,a black turtle,"223,61,401,488",,,,,,
0568,color_binding,a pink bed,a pink bed,"32,65,457,461",,,,,,
0569,color_binding,a yellow basket,a yellow basket,"136,158,437,408",,,,,,
0570,color_binding,a orange fire hydrant,a orange fire hydrant,"46,102,475,480",,,,,,
0571,color_binding,a white teddy bear,a white teddy bear,"113,23,447,382",,,,,,
0572,color_binding,a yellow person,a yellow person,"162,157,426,419",,,,,,
0573,color_binding,a blue banana,a blue banana,"21,8,512,387",,,,,,
0574,color_binding,a green donut,a green donut,"121,114,442,407",,,,,,
0575,color_binding,a green tie,a green tie,"11,124,493,301",,,,,,
0576,color_binding,a orange glass,a orange glass,"66,11,401,422",,,,,,
0577,color_binding,a red baseball bat,a red baseball bat,"16,253,453,474",,,,,,
0578,color_binding,a gray train,a gray train,"81,41,503,471",,,,,,
0579,color_binding,a gray ball,a gray ball,"199,61,425,365",,,,,,
0580,color_binding,a red boy,a red boy,"36,145,307,308",,,,,,
0581,color_binding,a brown kite,a brown kite,"91,2,399,470",,,,,,
0582,color_binding,a blue watch,a blue watch,"79,230,497,436",,,,,,
0583,color_binding,a purple mug,a purple mug,"174,44,369,233",,,,,,
0584,color_binding,an white elephant,an white elephant,"23,7,431,462",,,,,,
0585,color_binding,a purple parking meter,a purple parking meter,"38,15,478,315",,,,,,
0586,color_binding,a pink stop sign,a pink stop sign,"6,207,499,512",,,,,,
0587,color_binding,a blue sheep,a blue sheep,"188,18,359,328",,,,,,
0588,color_binding,a pink tree,a pink tree,"32,206,457,389",,,,,,
0589,color_binding,an green oak,an green oak,"52,2,378,478",,,,,,
0590,color_binding,a pink chair,a pink chair,"177,4,443,237",,,,,,
0591,color_binding,a brown hair drier,a brown hair drier,"182,26,497,478",,,,,,
0592,color_binding,a red cow,a red cow,"118,119,346,375",,,,,,
0593,color_binding,a white shoe,a white shoe,"34,24,508,505",,,,,,
0594,color_binding,a black pan,a black pan,"100,40,412,307",,,,,,
0595,color_binding,a orange book,a orange book,"3,58,382,496",,,,,,
0596,color_binding,a black carrot,a black carrot,"195,21,453,381",,,,,,
0597,color_binding,a white giraffe,a white giraffe,"24,137,426,399",,,,,,
0598,color_binding,a white car,a white car,"226,14,458,381",,,,,,
0599,color_binding,a blue baby,a blue baby,"90,5,433,485",,,,,,
0600,color_binding,a purple traffic light,a purple traffic light,"0,155,473,439",,,,,,
0601,color_binding,a gray television,a gray television,"35,82,286,390",,,,,,
0602,color_binding,a brown suitcase,a brown suitcase,"212,148,483,501",,,,,,
0603,color_binding,a green boat,a green boat,"201,238,483,480",,,,,,
0604,color_binding,a red sandwich,a red sandwich,"99,124,483,365",,,,,,
0605,color_binding,a black soap,a black soap,"14,279,506,468",,,,,,
0606,color_binding,a white baseball glove,a white baseball glove,"84,31,444,378",,,,,,
0607,color_binding,a white bear,a white bear,"0,1,475,378",,,,,,
0608,color_binding,a purple truck,a purple truck,"55,160,291,399",,,,,,
0609,color_binding,a green pizza,a green pizza,"78,212,232,390",,,,,,
0610,color_binding,a white frisbee,a white frisbee,"149,53,473,440",,,,,,
0611,color_binding,a black bench,a black bench,"37,38,480,332",,,,,,
0612,color_binding,a gray sock,a gray sock,"47,70,492,248",,,,,,
0613,color_binding,a blue platypus,a blue platypus,"92,0,467,474",,,,,,
0614,color_binding,a black flashlight,a black flashlight,"87,10,511,317",,,,,,
0615,color_binding,a orange bottle,a orange bottle,"147,49,303,486",,,,,,
0616,color_binding,a blue cake,a blue cake,"179,288,408,500",,,,,,
0617,color_binding,a white sink,a white sink,"232,21,446,428",,,,,,
0618,color_binding,a blue printer,a blue printer,"244,61,451,472",,,,,,
0619,color_binding,a pink bowl,a pink bowl,"8,282,486,447",,,,,,
0620,color_binding,a black plant,a black plant,"122,101,428,266",,,,,,
0621,color_binding,a blue hat,a blue hat,"14,21,320,482",,,,,,
0622,color_binding,a orange cup,a orange cup,"88,143,430,460",,,,,,
0623,color_binding,an yellow umbrella,an yellow umbrella,"30,242,300,425",,,,,,
0624,color_binding,a blue tiger,a blue tiger,"25,11,501,381",,,,,,
0625,color_binding,a green zebra,a green zebra,"181,21,356,469",,,,,,
0626,color_binding,a pink pillow,a pink pillow,"3,193,203,491",,,,,,
0627,color_binding,a red refrigerator,a red refrigerator,"262,106,428,490",,,,,,
0628,color_binding,a gray bin,a gray bin,"180,43,487,241",,,,,,
0629,color_binding,a red toilet,a red toilet,"192,136,509,469",,,,,,
0630,color_binding,a gray blender,a gray blender,"198,137,487,386",,,,,,
0631,color_binding,a blue flower,a blue flower,"35,108,241,359",,,,,,
0632,color_binding,a green skateboard,a green skateboard,"268,25,438,239",,,,,,
0633,color_binding,a orange bicycle,a orange bicycle,"278,23,479,393",,,,,,
0634,color_binding,a black surfboard,a black surfboard,"25,7,298,495",,,,,,
0635,color_binding,a green bus,a green bus,"24,237,352,489",,,,,,
0636,color_binding,a pink ladder,a pink ladder,"28,64,269,439",,,,,,
0637,color_binding,a brown clock,a brown clock,"8,40,499,378",,,,,,
0638,color_binding,a red charger,a red charger,"53,163,480,371",,,,,,
0639,color_binding,a gray broom,a gray broom,"206,132,382,505",,,,,,
0640,color_binding,a yellow sandwich and a orange bear,a yellow sandwich,"216,116,381,290",a orange bear,"60,121,206,277",,,,
0641,color_binding,a pink suitcase and a orange tennis racket,a pink suitcase,"132,205,264,449",a orange tennis racket,"282,37,472,271",,,,
0642,color_binding,a black skateboard and a red hammer,a black skateboard,"193,53,336,241",a red hammer,"318,352,469,482",,,,
0643,color_binding,a white turtle and a red printer,a white turtle,"170,61,304,306",a red printer,"23,365,245,511",,,,
0644,color_binding,a green baseball bat and a orange remote,a green baseball bat,"84,64,217,217",a orange remote,"197,264,363,395",,,,
0645,color_binding,a green boy and a gray pizza,a green boy,"36,127,188,273",a gray pizza,"331,203,507,375",,,,
0646,color_binding,a pink donut and a red baseball glove,a pink donut,"239,8,362,233",a red baseball glove,"85,275,206,485",,,,
0647,color_binding,a purple clock and a black glass,a purple clock,"278,146,432,275",a black glass,"4,64,216,212",,,,
0648,color_binding,a red shower and a purple printer,a red shower,"54,57,201,259",a purple printer,"271,83,443,262",,,,
0649,color_binding,a brown train and a blue flower,a brown train,"68,35,198,273",a blue flower,"10,284,214,427",,,,
0650,color_binding,a yellow clock and a blue scarf,a yellow clock,"148,63,383,219",a blue scarf,"251,222,455,364",,,,
0651,color_binding,a brown suitcase and a gray backpack,a brown suitcase,"133,353,355,492",a gray backpack,"134,97,342,217",,,,
0652,color_binding,a white bus and a blue hammer,a white bus,"78,55,292,200",a blue hammer,"149,288,287,408",,,,
0653,color_binding,a white broom and a black pan,a white broom,"252,175,411,312",a black pan,"118,24,259,167",,,,
0654,color_binding,a yellow tree and a brown sock,a yellow tree,"128,161,369,291",a brown sock,"343,29,480,149",,,,
0655,color_binding,a gray frisbee and a red basket,a gray frisbee,"145,217,358,361",a red basket,"12,324,144,451",,,,
0656,color_binding,a white parking meter and a purple tie,a white parking meter,"96,88,331,306",a purple tie,"374,230,505,452",,,,
0657,color_binding,a red surfboard and a purple kite,a red surfboard,"125,200,317,405",a purple kite,"354,97,493,244",,,,
0658,color_binding,a orange baby and a green bird,a orange baby,"257,295,436,463",a green bird,"243,18,446,239",,,,
0659,color_binding,a orange tree and a blue tape,a orange tree,"250,268,478,450",a blue tape,"233,33,369,230",,,,
0660,color_binding,a red lamp and a purple ring,a red lamp,"41,15,198,238",a purple ring,"283,144,505,376",,,,
0661,color_binding,a purple car and a gray cat,a purple car,"17,233,246,437",a gray cat,"284,93,408,303",,,,
0662,color_binding,a red plate and a orange sock,a red plate,"81,187,298,346",a orange sock,"318,231,476,386",,,,
0663,color_binding,a purple parking meter and a yellow remote,a purple parking meter,"41,206,210,334",a yellow remote,"340,195,480,375",,,,
0664,color_binding,a yellow bed and a gray door,a yellow bed,"72,225,257,350",a gray door,"260,132,474,327",,,,
0665,color_binding,a yellow pizza and a red monitor,a yellow pizza,"173,3,366,172",a red monitor,"181,274,301,454",,,,
0666,color_binding,a pink cake and a white ladder,a pink cake,"95,239,335,478",a white ladder,"260,98,397,224",,,,
0667,color_binding,a yellow bus and a black bench,a yellow bus,"2,227,251,425",a black bench,"283,44,507,178",,,,
0668,color_binding,a gray donut and a brown hat,a gray donut,"208,69,374,289",a brown hat,"296,291,434,425",,,,
0669,color_binding,a black train and a orange bin,a black train,"161,208,383,443",a orange bin,"24,44,189,196",,,,
0670,color_binding,a red bicycle and a brown sock,a red bicycle,"181,77,376,305",a brown sock,"165,326,367,446",,,,
0671,color_binding,a red couch and a white traffic light,a red couch,"164,99,408,249",a white traffic light,"53,317,296,451",,,,
0672,color_binding,a yellow bucket and a gray remote,a yellow bucket,"140,136,270,368",a gray remote,"278,20,418,141",,,,
0673,color_binding,a gray microwave and a blue toolbox,a gray microwave,"200,100,426,333",a blue toolbox,"15,28,197,260",,,,
0674,color_binding,a blue horse and a pink shampoo,a blue horse,"96,110,341,303",a pink shampoo,"190,362,440,488",,,,
0675,color_binding,a black guitar and a yellow ladder,a black guitar,"254,27,400,154",a yellow ladder,"57,10,214,158",,,,
0676,color_binding,an gray oak and a black horse,an gray oak,"78,90,301,254",a black horse,"103,325,327,477",,,,
0677,color_binding,a red book and a pink ring,a red book,"4,166,254,316",a pink ring,"368,99,492,264",,,,
0678,color_binding,a yellow pan and a black watch,a yellow pan,"279,228,467,448",a black watch,"29,180,205,416",,,,
0679,color_binding,an orange umbrella and a white giraffe,an orange umbrella,"233,140,457,308",a white giraffe,"31,140,200,374",,,,
0680,color_binding,a yellow parking meter and a pink sink,a yellow parking meter,"260,81,503,216",a pink sink,"192,278,362,467",,,,
0681,color_binding,a blue fire hydrant and a black speaker,a blue fire hydrant,"73,306,200,429",a black speaker,"224,96,428,286",,,,
0682,color_binding,a purple donut and a pink suitcase,a purple donut,"227,279,373,446",a pink suitcase,"78,46,215,209",,,,
0683,color_binding,an white oak and a black clock,an white oak,"16,280,242,445",a black clock,"267,28,420,196",,,,
0684,color_binding,a white hair drier and a pink ball,a white hair drier,"316,25,444,217",a pink ball,"161,231,364,428",,,,
0685,color_binding,a yellow laptop and a blue sheep,a yellow laptop,"252,296,466,484",a blue sheep,"280,44,449,269",,,,
0686,color_binding,a orange kite and a pink speaker,a orange kite,"166,158,352,373",a pink speaker,"2,238,154,376",,,,
0687,color_binding,a brown ball and a black remote,a brown ball,"109,255,314,440",a black remote,"75,3,250,130",,,,
0688,color_binding,a pink beetle and a red bin,a pink beetle,"87,39,239,176",a red bin,"261,180,439,406",,,,
0689,color_binding,a gray tree and a pink surfboard,a gray tree,"6,105,251,294",a pink surfboard,"274,286,496,492",,,,
0690,color_binding,a pink toothbrush and a black platypus,a pink toothbrush,"61,226,253,379",a black platypus,"339,94,490,287",,,,
0691,color_binding,a gray bucket and a purple notebook,a gray bucket,"105,284,266,466",a purple notebook,"332,5,485,213",,,,
0692,color_binding,a purple cellphone and a gray hat,a purple cellphone,"201,35,428,181",a gray hat,"38,254,272,452",,,,
0693,color_binding,a purple boy and a orange plant,a purple boy,"125,36,249,181",a orange plant,"237,232,407,471",,,,
0694,color_binding,a brown bed and an purple oven,a brown bed,"156,139,340,375",an purple oven,"17,387,262,510",,,,
0695,color_binding,a black pizza and a green television,a black pizza,"41,222,290,402",a green television,"309,111,486,262",,,,
0696,color_binding,a brown bed and a orange basket,a brown bed,"1,193,155,384",a orange basket,"314,150,468,357",,,,
0697,color_binding,a purple clock and an white umbrella,a purple clock,"280,318,460,455",an white umbrella,"58,61,236,308",,,,
0698,color_binding,a brown platypus and a purple sock,a brown platypus,"130,144,331,393",a purple sock,"347,23,505,241",,,,
0699,color_binding,a pink mug and a brown desk,a pink mug,"170,322,338,483",a brown desk,"198,142,336,276",,,,
0700,color_binding,a pink stop sign and a gray candle,a pink stop sign,"78,138,229,297",a gray candle,"365,155,496,332",,,,
0701,color_binding,a yellow bed and a orange microwave,a yellow bed,"230,185,379,339",a orange microwave,"264,17,468,181",,,,
0702,color_binding,a orange teddy bear and a purple desk,a orange teddy bear,"154,273,375,419",a purple desk,"141,29,373,195",,,,
0703,color_binding,a orange person and a blue printer,a orange person,"195,222,399,429",a blue printer,"28,243,190,382",,,,
0704,color_binding,a red rose and a green guitar,a red rose,"205,263,429,473",a green guitar,"0,264,173,506",,,,
0705,color_binding,a blue toaster and a purple tape,a blue toaster,"94,278,329,480",a purple tape,"211,134,375,274",,,,
0706,color_binding,a green giraffe and a blue plate,a green giraffe,"352,117,480,275",a blue plate,"104,155,289,296",,,,
0707,color_binding,a orange laptop and a green mouse,a orange laptop,"72,162,276,390",a green mouse,"380,113,507,357",,,,
0708,color_binding,a blue teddy bear and a orange wallet,a blue teddy bear,"98,236,320,429",a orange wallet,"261,38,389,230",,,,
0709,color_binding,a yellow beetle and a gray soap,a yellow beetle,"58,222,220,433",a gray soap,"274,348,461,512",,,,
0710,color_binding,a pink sink and a green desk,a pink sink,"296,165,454,338",a green desk,"24,157,250,377",,,,
0711,color_binding,an pink apple and a red television,an pink apple,"4,94,159,279",a red television,"350,202,473,342",,,,
0712,color_binding,a pink person and a brown parking meter,a pink person,"132,81,301,314",a brown parking meter,"1,349,155,494",,,,
0713,color_binding,a brown boy and a black toothbrush,a brown boy,"270,241,481,385",a black toothbrush,"73,241,244,485",,,,
0714,color_binding,an brown apple and a blue tennis racket,an brown apple,"293,193,476,373",a blue tennis racket,"13,290,203,477",,,,
0715,color_binding,a gray boat and a brown screwdriver,a gray boat,"200,245,336,409",a brown screwdriver,"96,15,341,200",,,,
0716,color_binding,a white bed and a green giraffe,a white bed,"274,208,485,409",a green giraffe,"56,175,216,398",,,,
0717,color_binding,a gray pizza and a brown door,a gray pizza,"349,210,477,384",a brown door,"13,20,247,205",,,,
0718,color_binding,a black turtle and a green hammer,a black turtle,"276,133,466,341",a green hammer,"50,35,213,240",,,,
0719,color_binding,a brown cat and a blue television,a brown cat,"227,199,391,444",a blue television,"57,256,219,486",,,,
0720,color_binding,a blue handbag and a green toaster,a blue handbag,"9,199,259,361",a green toaster,"299,220,432,366",,,,
0721,color_binding,a red tree and a green zebra,a red tree,"213,224,454,454",a green zebra,"197,57,347,202",,,,
0722,color_binding,a orange turtle and a black bucket,a orange turtle,"267,261,512,410",a black bucket,"81,76,248,291",,,,
0723,color_binding,a gray baseball bat and a purple notebook,a gray baseball bat,"330,171,463,347",a purple notebook,"54,219,256,405",,,,
0724,color_binding,a red laptop and a blue baseball glove,a red laptop,"336,266,473,462",a blue baseball glove,"106,12,338,231",,,,
0725,color_binding,a pink couch and a brown teddy bear,a pink couch,"223,42,437,206",a brown teddy bear,"115,312,356,439",,,,
0726,color_binding,a yellow rose and a white platypus,a yellow rose,"133,85,340,253",a white platypus,"78,255,210,499",,,,
0727,color_binding,a green knife and an purple elephant,a green knife,"321,195,445,379",an purple elephant,"32,307,235,512",,,,
0728,color_binding,a yellow bus and a white skateboard,a yellow bus,"347,267,487,496",a white skateboard,"43,185,185,333",,,,
0729,color_binding,a purple bench and a green snowboard,a purple bench,"84,128,232,305",a green snowboard,"283,32,404,171",,,,
0730,color_binding,a red sandwich and a yellow blender,a red sandwich,"206,214,347,356",a yellow blender,"341,33,471,176",,,,
0731,color_binding,a black blender and a red backpack,a black blender,"242,57,433,241",a red backpack,"25,43,218,271",,,,
0732,color_binding,a yellow shower and a orange monitor,a yellow shower,"29,39,242,242",a orange monitor,"47,282,220,469",,,,
0733,color_binding,a blue cow and a gray turtle,a blue cow,"245,245,382,433",a gray turtle,"102,36,328,156",,,,
0734,color_binding,a yellow person and a green notebook,a yellow person,"39,136,268,345",a green notebook,"283,124,480,341",,,,
0735,color_binding,a red clock and a brown blender,a red clock,"45,79,293,302",a brown blender,"89,328,332,509",,,,
0736,color_binding,a green chair and a brown cellphone,a green chair,"264,273,442,509",a brown cellphone,"14,132,240,268",,,,
0737,color_binding,a green suitcase and a purple sock,a green suitcase,"200,4,418,241",a purple sock,"186,262,412,400",,,,
0738,color_binding,a white cow and a blue mushroom,a white cow,"209,263,420,428",a blue mushroom,"40,84,165,301",,,,
0739,color_binding,a white suitcase and a red zebra,a white suitcase,"356,240,476,425",a red zebra,"155,73,289,315",,,,
0740,color_binding,a yellow bed and a green ladder,a yellow bed,"89,111,291,341",a green ladder,"348,273,491,454",,,,
0741,color_binding,a pink cat and a brown book,a pink cat,"148,235,305,378",a brown book,"36,2,271,210",,,,
0742,color_binding,a red parking meter and a gray wallet,a red parking meter,"39,237,249,462",a gray wallet,"338,330,500,495",,,,
0743,color_binding,a blue skyscraper and a white bowl,a blue skyscraper,"125,272,256,473",a white bowl,"318,238,486,480",,,,
0744,color_binding,a blue cellphone and a brown handbag,a blue cellphone,"291,27,448,201",a brown handbag,"36,29,256,214",,,,
0745,color_binding,a black cow and a green horse,a black cow,"226,276,441,462",a green horse,"259,25,440,195",,,,
0746,color_binding,a orange pizza and a white refrigerator,a orange pizza,"200,273,370,432",a white refrigerator,"207,13,439,155",,,,
0747,color_binding,a red surfboard and a pink shoe,a red surfboard,"225,163,464,405",a pink shoe,"18,107,207,322",,,,
0748,color_binding,a red beetle and a blue fire hydrant,a red beetle,"222,177,390,379",a blue fire hydrant,"56,227,189,432",,,,
0749,color_binding,a brown bus and a blue shoe,a brown bus,"324,245,445,495",a blue shoe,"55,203,255,386",,,,
0750,color_binding,an white oak and a gray toaster,an white oak,"151,256,293,464",a gray toaster,"311,211,478,418",,,,
0751,color_binding,a yellow book and a blue wallet,a yellow book,"249,59,473,240",a blue wallet,"315,261,446,500",,,,
0752,color_binding,a brown guitar and a green ruler,a brown guitar,"106,13,251,135",a green ruler,"242,321,415,492",,,,
0753,color_binding,a white broom and a green pillow,a white broom,"58,61,303,221",a green pillow,"225,311,470,489",,,,
0754,color_binding,a purple ball and a black blender,a purple ball,"219,262,446,506",a black blender,"88,296,212,465",,,,
0755,color_binding,a white tennis racket and a green curtain,a white tennis racket,"149,223,386,348",a green curtain,"154,42,365,219",,,,
0756,color_binding,a black fork and a red mushroom,a black fork,"179,45,306,165",a red mushroom,"346,158,479,302",,,,
0757,color_binding,a green handbag and a blue door,a green handbag,"66,236,237,446",a blue door,"283,106,479,281",,,,
0758,color_binding,a black bed and a yellow book,a black bed,"307,236,440,374",a yellow book,"47,123,169,310",,,,
0759,color_binding,a red screwdriver and a gray bin,a red screwdriver,"242,252,439,449",a gray bin,"3,9,223,201",,,,
0760,color_binding,a orange tie and a black hammer,a orange tie,"285,243,428,469",a black hammer,"24,183,210,347",,,,
0761,color_binding,a blue laptop and a purple pizza,a blue laptop,"124,16,348,196",a purple pizza,"301,267,454,488",,,,
0762,color_binding,a purple charger and a black backpack,a purple charger,"289,185,432,329",a black backpack,"24,150,250,386",,,,
0763,color_binding,a black bus and a white bottle,a black bus,"277,244,477,440",a white bottle,"141,12,308,185",,,,
0764,color_binding,a gray bench and a purple monitor,a gray bench,"88,314,268,451",a purple monitor,"4,13,219,168",,,,
0765,color_binding,a pink carrot and a purple shower,a pink carrot,"97,261,253,399",a purple shower,"230,29,459,248",,,,
0766,color_binding,a gray sheep and a purple toothbrush,a gray sheep,"252,276,417,487",a purple toothbrush,"182,35,351,197",,,,
0767,color_binding,a pink bicycle and a yellow bus,a pink bicycle,"363,172,495,402",a yellow bus,"102,31,240,219",,,,
0768,color_binding,"a yellow plant, a white baseball glove and a green fire hydrant",a yellow plant,"252,85,387,256",a white baseball glove,"77,25,206,187",a green fire hydrant,"66,242,243,346",,
0769,color_binding,"a white surfboard, a gray truck and a purple flashlight",a white surfboard,"261,49,408,178",a gray truck,"213,274,326,411",a purple flashlight,"112,80,232,228",,
0770,color_binding,"a green skateboard, a black broom and a white soap",a green skateboard,"360,92,505,237",a black broom,"285,318,426,442",a white soap,"108,316,284,485",,
0771,color_binding,"a yellow toilet, a green microwave and a purple cup",a yellow toilet,"71,127,207,265",a green microwave,"86,267,251,375",a purple cup,"302,363,452,468",,
0772,color_binding,"a blue banana, a red snowboard and a white leaf",a blue banana,"102,319,236,442",a red snowboard,"198,19,362,175",a white leaf,"364,337,489,479",,
0773,color_binding,"a white microwave, a purple banana and a black broom",a white microwave,"223,282,395,382",a purple banana,"214,63,348,196",a black broom,"384,44,512,164",,
0774,color_binding,"a gray banana, a purple fork and a black motorcycle",a gray banana,"1,241,117,420",a purple fork,"256,100,380,277",a black motorcycle,"86,80,211,199",,
0775,color_binding,"a red suitcase, a black candle and a green toolbox",a red suitcase,"142,69,297,240",a black candle,"304,109,419,256",a green toolbox,"293,292,447,452",,
0776,color_binding,"a black bicycle, a green skateboard and a blue bear",a black bicycle,"199,131,323,267",a green skateboard,"233,310,377,467",a blue bear,"105,275,207,454",,
0777,color_binding,"a black bed, a purple cow and a white pillow",a black bed,"49,305,201,482",a purple cow,"334,49,446,202",a white pillow,"104,62,204,219",,
0778,color_binding,"a brown skyscraper, a white vase and a green crocodile",a brown skyscraper,"169,292,288,464",a white vase,"393,260,493,407",a green crocodile,"65,116,242,273",,
0779,color_binding,"a black bus, a gray suitcase and a purple ball",a black bus,"70,316,224,434",a gray suitcase,"126,35,226,195",a purple ball,"247,204,399,309",,
0780,color_binding,"a red table, a white kite and a blue suitcase",a red table,"164,122,287,238",a white kite,"39,55,162,214",a blue suitcase,"20,322,126,470",,
0781,color_binding,"a orange bed, a blue mug and a pink printer",a orange bed,"228,23,368,187",a blue mug,"209,194,311,358",a pink printer,"66,44,171,183",,
0782,color_binding,"a red lamp, an orange hot-dog and a blue handbag",a red lamp,"182,151,290,279",an orange hot-dog,"101,44,248,144",a blue handbag,"338,166,500,317",,
0783,color_binding,"a pink lamp, a blue cellphone and a orange bear",a pink lamp,"66,328,244,456",a blue cellphone,"95,124,258,255",a orange bear,"270,174,433,291",,
0784,color_binding,"a white bed, a gray platypus and a pink pan",a white bed,"302,203,443,355",a gray platypus,"282,8,438,155",a pink pan,"59,295,219,470",,
0785,color_binding,"a yellow skyscraper, a orange bottle and a gray broom",a yellow skyscraper,"322,133,426,312",a orange bottle,"20,216,156,340",a gray broom,"316,314,466,436",,
0786,color_binding,"a pink skyscraper, a orange plate and a white door",a pink skyscraper,"215,164,344,307",a orange plate,"118,326,287,473",a white door,"27,79,174,213",,
0787,color_binding,"a orange lamp, a white ball and a purple monitor",a orange lamp,"361,34,477,189",a white ball,"104,76,271,182",a purple monitor,"311,212,437,320",,
0788,color_binding,"a brown knife, a gray ladder and a green speaker",a brown knife,"264,9,390,114",a gray ladder,"59,375,172,495",a green speaker,"224,346,391,465",,
0789,color_binding,"a brown rose, a green bear and a black ball",a brown rose,"100,85,235,252",a green bear,"351,9,495,161",a black ball,"288,268,393,372",,
0790,color_binding,"a green train, a orange candle and a brown shirt",a green train,"275,40,439,209",a orange candle,"25,323,183,484",a brown shirt,"325,291,455,466",,
0791,color_binding,"a white laptop, a pink keyboard and a black truck",a white laptop,"313,346,470,498",a pink keyboard,"8,304,137,425",a black truck,"288,28,391,158",,
0792,color_binding,"a white fire hydrant, a black hat and a purple bucket",a white fire hydrant,"367,61,493,204",a black hat,"51,307,211,483",a purple bucket,"118,40,257,207",,
0793,color_binding,"a red rose, a pink train and a brown snowboard",a red rose,"349,46,471,211",a pink train,"268,233,432,378",a brown snowboard,"31,108,206,261",,
0794,color_binding,"a pink bed, a yellow bicycle and a blue screwdriver",a pink bed,"57,174,217,343",a yellow bicycle,"264,92,368,244",a blue screwdriver,"83,27,259,160",,
0795,color_binding,"a orange banana, a green flower and a pink plate",a orange banana,"136,166,250,280",a green flower,"270,212,428,312",a pink plate,"108,335,270,484",,
0796,color_binding,"a blue shower, a brown shampoo and a pink ring",a blue shower,"13,138,146,313",a brown shampoo,"384,200,490,335",a pink ring,"233,290,364,467",,
0797,color_binding,"a green rose, an pink oven and a gray shirt",a green rose,"11,147,144,250",an pink oven,"272,346,380,497",a gray shirt,"277,151,442,274",,
0798,color_binding,"an pink oak, a brown couch and a yellow speaker",an pink oak,"66,71,201,247",a brown couch,"304,318,427,494",a yellow speaker,"78,278,226,432",,
0799,color_binding,"a gray clock, a yellow keyboard and a pink turtle",a gray clock,"14,310,148,483",a yellow keyboard,"7,164,162,308",a pink turtle,"230,44,404,213",,
0800,color_binding,"a gray keyboard, a pink sandwich and a red spoon",a gray keyboard,"156,207,323,340",a pink sandwich,"327,330,435,465",a red spoon,"185,37,294,201",,
0801,color_binding,"a blue tie, a pink bin and a gray bucket",a blue tie,"324,296,473,410",a pink bin,"157,131,334,264",a gray bucket,"136,350,265,475",,
0802,color_binding,"an gray oak, a brown horse and a white bowl",an gray oak,"325,328,436,475",a brown horse,"97,210,198,367",a white bowl,"313,126,433,302",,
0803,color_binding,"a red table, a pink ball and a white scarf",a red table,"265,65,409,182",a pink ball,"95,202,274,302",a white scarf,"153,323,304,460",,
0804,color_binding,"a red cow, a white plate and a purple blender",a red cow,"268,211,428,357",a white plate,"155,313,256,459",a purple blender,"177,31,315,147",,
0805,color_binding,"a purple skyscraper, a blue bird and an gray elephant",a purple skyscraper,"190,342,349,444",a blue bird,"137,71,316,230",an gray elephant,"41,348,152,450",,
0806,color_binding,"a green tree, a blue bus and a pink cow",a green tree,"334,120,482,282",a blue bus,"330,307,476,445",a pink cow,"181,293,298,421",,
0807,color_binding,"a purple book, a brown train and a orange door",a purple book,"203,37,373,197",a brown train,"166,246,318,373",a orange door,"30,6,202,176",,
0808,color_binding,"a yellow keyboard, a gray plate and a white bin",a yellow keyboard,"304,161,484,330",a gray plate,"357,16,493,138",a white bin,"53,2,175,114",,
0809,color_binding,"a purple chair, a blue keyboard and a white truck",a purple chair,"98,247,207,378",a blue keyboard,"121,67,289,236",a white truck,"268,272,435,434",,
0810,color_binding,"a purple fork, a brown bowl and a pink blender",a purple fork,"183,13,303,160",a brown bowl,"44,367,160,506",a pink blender,"310,183,433,316",,
0811,color_binding,"a red bus, a gray snowboard and a orange bin",a red bus,"295,334,469,487",a gray snowboard,"45,214,200,393",a orange bin,"311,13,460,180",,
0812,color_binding,"a pink pizza, a brown kite and a orange bowl",a pink pizza,"205,348,363,451",a brown kite,"261,124,423,302",a orange bowl,"0,133,140,239",,
0813,color_binding,"a blue bicycle, a white pizza and a brown charger",a blue bicycle,"124,197,294,357",a white pizza,"160,378,291,481",a brown charger,"219,6,356,157",,
0814,color_binding,"a gray baby, a brown snowboard and a green curtain",a gray baby,"248,333,428,442",a brown snowboard,"14,308,115,437",a green curtain,"8,29,138,205",,
0815,color_binding,"a black keyboard, a red vase and a blue tie",a black keyboard,"13,105,173,280",a red vase,"383,351,505,507",a blue tie,"179,145,319,321",,
0816,color_binding,"a black dog, a pink ball and a orange curtain",a black dog,"350,346,497,473",a pink ball,"23,181,179,338",a orange curtain,"191,302,295,471",,
0817,color_binding,"a gray carrot, a purple charger and a brown refrigerator",a gray carrot,"315,113,465,290",a purple charger,"170,20,308,199",a brown refrigerator,"118,254,295,368",,
0818,color_binding,"a purple person, a red baseball bat and a white glass",a purple person,"360,370,482,486",a red baseball bat,"31,318,187,441",a white glass,"193,158,313,322",,
0819,color_binding,"a brown boat, a pink cow and a purple sock",a brown boat,"189,14,306,167",a pink cow,"30,320,155,492",a purple sock,"74,81,186,256",,
0820,color_binding,"a blue rose, a gray cellphone and a brown keyboard",a blue rose,"228,342,398,489",a gray cellphone,"3,161,180,267",a brown keyboard,"184,228,318,332",,
0821,color_binding,"a purple broom, a blue truck and a gray tape",a purple broom,"188,154,320,307",a blue truck,"21,214,145,377",a gray tape,"254,379,419,500",,
0822,color_binding,"a white clock, a orange parking meter and a red soap",a white clock,"30,89,139,209",a orange parking meter,"132,302,260,417",a red soap,"256,187,397,299",,
0823,color_binding,"an black elephant, a purple basket and a yellow ring",an black elephant,"296,56,437,170",a purple basket,"53,305,185,444",a yellow ring,"283,344,417,498",,
0824,color_binding,"a brown banana, a green ruler and a black curtain",a brown banana,"133,320,283,458",a green ruler,"169,154,277,265",a black curtain,"273,2,441,150",,
0825,color_binding,"an brown oak, a purple clock and a green sandwich",an brown oak,"167,178,335,294",a purple clock,"28,209,133,324",a green sandwich,"283,375,460,494",,
0826,color_binding,"a yellow person, a brown knife and a gray plate",a yellow person,"167,186,319,338",a brown knife,"159,379,321,496",a gray plate,"164,16,337,162",,
0827,color_binding,"an red umbrella, a orange tiger and a green ball",an red umbrella,"98,137,260,270",a orange tiger,"294,144,436,286",a green ball,"253,352,406,491",,
0828,color_binding,"a purple keyboard, an white oven and a gray shirt",a purple keyboard,"44,119,192,239",an white oven,"263,327,366,434",a gray shirt,"199,126,343,302",,
0829,color_binding,"a blue surfboard, a white flower and a purple candle",a blue surfboard,"159,292,330,468",a white flower,"233,106,363,212",a purple candle,"369,384,474,510",,
0830,color_binding,"a green stop sign, a white guitar and a orange candle",a green stop sign,"159,172,267,321",a white guitar,"315,220,451,372",a orange candle,"12,333,113,461",,
0831,color_binding,"a gray fork, a black motorcycle and a blue sock",a gray fork,"157,268,290,430",a black motorcycle,"391,182,504,283",a blue sock,"129,50,255,200",,
0832,color_binding,"a pink rose, a purple plant and an gray apple",a pink rose,"353,162,490,329",a purple plant,"79,39,183,204",an gray apple,"213,51,325,210",,
0833,color_binding,"a brown beetle, a yellow backpack and a white glass",a brown beetle,"255,132,355,244",a yellow backpack,"384,110,484,216",a white glass,"49,347,163,491",,
0834,color_binding,"a brown baby, a white bear and a green leaf",a brown baby,"31,213,207,384",a white bear,"386,219,501,358",a green leaf,"342,361,505,486",,
0835,color_binding,"a white stop sign, a brown kite and a purple door",a white stop sign,"247,152,348,267",a brown kite,"296,324,452,494",a purple door,"155,309,279,421",,
0836,color_binding,"a blue kite, a purple hammer and a orange ring",a blue kite,"312,203,434,365",a purple hammer,"147,343,283,462",a orange ring,"88,14,206,131",,
0837,color_binding,"a orange parking meter, a red horse and a yellow tape",a orange parking meter,"276,293,379,410",a red horse,"356,65,493,193",a yellow tape,"31,42,165,154",,
0838,color_binding,"a gray baby, a white motorcycle and a purple mug",a gray baby,"12,255,152,418",a white motorcycle,"356,9,479,169",a purple mug,"164,156,340,330",,
0839,color_binding,"an purple oak, a white bed and a green platypus",an purple oak,"222,245,340,362",a white bed,"161,111,275,234",a green platypus,"40,308,197,448",,
0840,color_binding,"a purple sink, a black shoe and a brown drill",a purple sink,"49,353,210,454",a black shoe,"307,335,415,475",a brown drill,"30,146,151,289",,
0841,color_binding,"a red toilet, a purple zebra and a orange fire hydrant",a red toilet,"39,287,153,458",a purple zebra,"330,276,505,406",a orange fire hydrant,"110,151,266,266",,
0842,color_binding,"a orange beetle, a gray pizza and an blue oven",a orange beetle,"257,29,386,165",a gray pizza,"144,310,280,415",an blue oven,"347,179,469,286",,
0843,color_binding,"a orange baby, a green turtle and a yellow soap",a orange baby,"149,5,316,114",a green turtle,"4,354,174,467",a yellow soap,"358,301,458,406",,
0844,color_binding,"a yellow guitar, a blue charger and a green flashlight",a yellow guitar,"167,81,337,189",a blue charger,"334,221,507,341",a green flashlight,"50,38,166,197",,
0845,color_binding,"a orange sheep, a red guitar and a blue horse",a orange sheep,"26,135,206,243",a red guitar,"87,295,220,450",a blue horse,"345,119,454,221",,
0846,color_binding,"a orange laptop, a blue baseball bat and a brown suitcase",a orange laptop,"98,59,236,192",a blue baseball bat,"153,351,327,506",a brown suitcase,"334,210,444,368",,
0847,color_binding,"a pink table, a blue shoe and a gray sock",a pink table,"177,227,322,400",a blue shoe,"328,333,474,482",a gray sock,"335,54,480,196",,
0848,color_binding,"an yellow apple, a pink traffic light and a brown speaker",an yellow apple,"354,77,507,221",a pink traffic light,"82,0,244,167",a brown speaker,"100,342,270,474",,
0849,color_binding,"a green cat, a pink carrot and a brown refrigerator",a green cat,"288,266,429,442",a pink carrot,"40,161,203,327",a brown refrigerator,"47,329,172,441",,
0850,color_binding,"a white dog, a pink cake and an brown elephant",a white dog,"196,95,298,254",a pink cake,"323,41,475,195",an brown elephant,"335,372,487,474",,
0851,color_binding,"a purple table, a black train and a pink crocodile",a purple table,"65,88,202,191",a black train,"228,232,382,400",a pink crocodile,"47,282,149,430",,
0852,color_binding,"a pink tiger, a red pillow and a orange basket",a pink tiger,"339,308,501,423",a red pillow,"62,115,182,291",a orange basket,"241,95,399,214",,
0853,color_binding,"a purple chair, a gray bench and a white television",a purple chair,"355,179,496,313",a gray bench,"8,309,156,429",a white television,"120,60,225,217",,
0854,color_binding,"a gray toilet, a purple bottle and a brown train",a gray toilet,"119,92,295,265",a purple bottle,"335,266,505,371",a brown train,"86,365,219,499",,
0855,color_binding,"a white microwave, a purple bird and an blue oven",a white microwave,"189,250,352,414",a purple bird,"49,82,164,197",an blue oven,"298,75,443,190",,
0856,color_binding,"an orange oak, a green fire hydrant and a blue tape",an orange oak,"38,22,214,202",a green fire hydrant,"222,125,325,296",a blue tape,"340,111,505,261",,
0857,color_binding,"a orange bear, a green ball and a brown drill",a orange bear,"251,377,430,506",a green ball,"192,128,345,238",a brown drill,"49,303,202,412",,
0858,color_binding,"a yellow plant, a green cow and a brown candle",a yellow plant,"125,81,276,256",a green cow,"276,338,441,481",a brown candle,"304,56,434,167",,
0859,color_binding,"a blue cow, a black hammer and a purple watch",a blue cow,"8,371,162,474",a black hammer,"294,360,417,494",a purple watch,"168,201,336,327",,
0860,color_binding,"a pink broom, a red horse and a white snowboard",a pink broom,"266,129,397,300",a red horse,"112,212,265,336",a white snowboard,"230,362,352,512",,
0861,color_binding,"a brown skateboard, a yellow snowboard and a white scarf",a brown skateboard,"296,300,417,471",a yellow snowboard,"231,42,408,211",a white scarf,"0,81,174,192",,
0862,color_binding,"a red dog, a yellow bicycle and a black charger",a red dog,"289,111,396,267",a yellow bicycle,"62,312,229,487",a black charger,"248,336,378,480",,
0863,color_binding,"a orange surfboard, a pink basket and a yellow scarf",a orange surfboard,"147,370,300,471",a pink basket,"137,83,244,234",a yellow scarf,"260,181,438,317",,
0864,color_binding,"a purple bottle, a pink mushroom and a brown toolbox",a purple bottle,"192,167,297,341",a pink mushroom,"333,1,468,128",a brown toolbox,"334,221,471,395",,
0865,color_binding,"a green person, a black spoon and a yellow screwdriver",a green person,"375,142,506,283",a black spoon,"131,62,243,200",a yellow screwdriver,"127,322,259,445",,
0866,color_binding,"a red clock, a yellow hair drier and a white shoe",a red clock,"301,172,461,277",a yellow hair drier,"143,320,252,449",a white shoe,"6,359,114,467",,
0867,color_binding,"an brown oak, a orange table and a black cup",an brown oak,"1,198,174,366",a orange table,"335,347,510,503",a black cup,"359,4,486,143",,
0868,color_binding,"a orange lamp, a purple cup and a brown speaker",a orange lamp,"340,186,456,326",a purple cup,"199,11,320,145",a brown speaker,"11,201,174,343",,
0869,color_binding,"a gray shampoo, a yellow door and a purple ring",a gray shampoo,"173,42,323,204",a yellow door,"194,308,345,480",a purple ring,"377,18,495,145",,
0870,color_binding,"a orange dog, a red clock and a yellow bottle",a orange dog,"67,111,175,249",a red clock,"167,269,346,376",a yellow bottle,"2,327,121,499",,
0871,color_binding,"a yellow dog, a brown bottle and a red platypus",a yellow dog,"214,341,328,503",a brown bottle,"3,223,164,401",a red platypus,"258,86,361,230",,
0872,color_binding,"a orange baseball bat, a green traffic light and a yellow soap",a orange baseball bat,"88,84,215,208",a green traffic light,"321,352,476,468",a yellow soap,"315,142,482,316",,
0873,color_binding,"a black bus, a gray table and a white frisbee",a black bus,"38,77,211,213",a gray table,"106,273,240,446",a white frisbee,"277,204,446,321",,
0874,color_binding,"a pink snowboard, a orange tennis racket and a brown leaf",a pink snowboard,"145,238,296,345",a orange tennis racket,"311,195,455,308",a brown leaf,"226,381,357,488",,
0875,color_binding,"a blue hair drier, a green leaf and a red scarf",a blue hair drier,"117,239,235,371",a green leaf,"333,44,483,197",a red scarf,"327,367,505,493",,
0876,color_binding,"a orange snowboard, a blue candle and a gray tape",a orange snowboard,"243,19,405,185",a blue candle,"334,210,485,341",a gray tape,"290,364,460,504",,
0877,color_binding,"a blue giraffe, a brown fork and a orange printer",a blue giraffe,"165,261,300,394",a brown fork,"101,97,277,229",a orange printer,"309,58,469,173",,
0878,color_binding,"a pink carrot, a red teddy bear and a brown door",a pink carrot,"8,123,110,245",a red teddy bear,"92,293,228,412",a brown door,"322,148,461,321",,
0879,color_binding,"a blue plant, a white guitar and a pink toolbox",a blue plant,"103,322,214,486",a white guitar,"69,185,179,304",a pink toolbox,"332,281,507,440",,
0880,color_binding,"a red cat, a brown toilet and a white pan",a red cat,"143,338,258,458",a brown toilet,"62,188,218,334",a white pan,"338,200,508,353",,
0881,color_binding,"a purple boy, a black clock and a brown guitar",a purple boy,"307,167,473,275",a black clock,"85,164,227,317",a brown guitar,"384,371,493,503",,
0882,color_binding,"a pink teddy bear, a yellow plate and a red glass",a pink teddy bear,"305,246,454,391",a yellow plate,"79,104,192,210",a red glass,"351,38,507,186",,
0883,color_binding,"a red toilet, a yellow zebra and a green ball",a red toilet,"75,203,189,378",a yellow zebra,"29,51,199,160",a green ball,"198,304,344,452",,
0884,color_binding,"a blue donut, a orange shirt and a white basket",a blue donut,"25,282,185,421",a orange shirt,"338,227,488,377",a white basket,"48,28,170,171",,
0885,color_binding,"a white donut, a pink train and a purple soap",a white donut,"231,139,377,242",a pink train,"45,273,213,428",a purple soap,"332,301,436,467",,
0886,color_binding,"a green stop sign, a black pizza and a gray curtain",a green stop sign,"32,190,175,306",a black pizza,"248,323,382,435",a gray curtain,"140,17,305,153",,
0887,color_binding,"a purple bear, a yellow truck and a gray candle",a purple bear,"152,356,271,474",a yellow truck,"19,196,119,322",a gray candle,"394,88,498,250",,
0888,color_binding,"a purple laptop, a yellow bird and a gray baseball bat",a purple laptop,"51,213,227,364",a yellow bird,"338,58,444,173",a gray baseball bat,"52,20,201,146",,
0889,color_binding,"a gray teddy bear, a pink hat and a black shirt",a gray teddy bear,"377,163,490,320",a pink hat,"41,86,167,208",a black shirt,"202,216,332,345",,
0890,color_binding,"a red car, a green donut and a gray hat",a red car,"238,49,381,163",a green donut,"66,377,197,509",a gray hat,"297,332,464,453",,
0891,color_binding,"a red rose, a gray suitcase and a white soap",a red rose,"100,305,215,478",a gray suitcase,"309,230,428,401",a white soap,"96,101,204,241",,
0892,color_binding,"a yellow vase, a blue ball and a green ladder",a yellow vase,"235,21,339,192",a blue ball,"115,327,292,432",a green ladder,"5,18,160,146",,
0893,color_binding,"a pink horse, a white zebra and a black wallet",a pink horse,"33,202,179,367",a white zebra,"292,321,442,483",a black wallet,"24,21,160,166",,
0894,color_binding,"a pink bed, a white car and an orange apple",a pink bed,"249,111,407,254",a white car,"20,229,125,394",an orange apple,"26,4,193,137",,
0895,color_binding,"a black rose, a purple shower and a yellow hair drier",a black rose,"288,38,427,213",a purple shower,"240,266,414,444",a yellow hair drier,"31,61,207,200",,
0896,color_binding,"a green mouse, a white backpack, a gray soap and a black ring",a green mouse,"330,173,468,279",a white backpack,"189,138,282,254",a gray soap,"15,371,161,470",a black ring,"323,86,468,168"
0897,color_binding,"a brown cake, a pink shoe, a yellow sock and a purple scarf",a brown cake,"66,169,191,265",a pink shoe,"355,37,495,182",a yellow sock,"376,399,503,487",a purple scarf,"306,244,415,368"
0898,color_binding,"a purple bench, a pink keyboard, a white carrot and a orange knife",a purple bench,"307,316,435,456",a pink keyboard,"165,76,282,172",a white carrot,"368,150,496,263",a orange knife,"185,342,282,463"
0899,color_binding,"a purple microwave, a blue parking meter, a red pizza and an gray oven",a purple microwave,"341,299,473,409",a blue parking meter,"130,198,248,347",a red pizza,"310,161,446,248",an gray oven,"128,4,212,97"
0900,color_binding,"a pink kite, a red snowboard, a yellow truck and a purple drill",a pink kite,"200,76,315,183",a red snowboard,"45,282,145,423",a yellow truck,"351,249,489,377",a purple drill,"356,100,456,229"
0901,color_binding,"a orange dog, a blue person, a green hammer and a brown monitor",a orange dog,"29,360,111,508",a blue person,"188,46,290,148",a green hammer,"330,355,480,500",a brown monitor,"11,43,125,151"
0902,color_binding,"an purple umbrella, a blue guitar, a orange candle and a brown desk",an purple umbrella,"369,29,481,149",a blue guitar,"370,271,480,418",a orange candle,"78,199,197,344",a brown desk,"195,346,309,442"
0903,color_binding,"a green bed, a brown kite, a red scarf and a purple curtain",a green bed,"157,171,251,274",a brown kite,"365,2,502,98",a red scarf,"303,169,391,293",a purple curtain,"190,302,296,419"
0904,color_binding,"a green horse, a purple bear, a pink sink and a red ring",a green horse,"192,199,339,340",a purple bear,"402,103,504,197",a pink sink,"54,147,153,251",a red ring,"175,2,323,85"
0905,color_binding,"a blue hair drier, a white truck, a black zebra and an brown oven",a blue hair drier,"263,222,399,372",a white truck,"398,71,511,214",a black zebra,"12,266,146,384",an brown oven,"246,92,383,214"
0906,color_binding,"a yellow rose, a purple toilet, a brown crocodile and a black shoe",a yellow rose,"2,306,123,398",a purple toilet,"74,140,158,251",a brown crocodile,"210,36,351,140",a black shoe,"295,396,390,501"
0907,color_binding,"a black tree, a orange toothbrush, a purple vase and a brown hat",a black tree,"223,262,330,350",a orange toothbrush,"24,155,146,276",a purple vase,"348,71,484,194",a brown hat,"255,410,335,505"
0908,color_binding,"a yellow plant, a red zebra, a white leaf and a brown speaker",a yellow plant,"285,159,423,284",a red zebra,"150,8,245,122",a white leaf,"39,196,165,307",a brown speaker,"17,319,126,467"
0909,color_binding,"a green bird, a yellow tie, a purple mug and a black refrigerator",a green bird,"293,277,390,407",a yellow tie,"404,24,486,170",a purple mug,"215,103,324,214",a black refrigerator,"36,332,124,463"
0910,color_binding,"a blue flower, a brown handbag, a white tie and a yellow bucket",a blue flower,"57,233,205,337",a brown handbag,"79,351,175,501",a white tie,"203,404,298,485",a yellow bucket,"244,263,353,372"
0911,color_binding,"a orange person, a purple keyboard, a black zebra and a blue shirt",a orange person,"357,145,496,256",a purple keyboard,"95,29,182,115",a black zebra,"168,352,284,468",a blue shirt,"222,49,310,171"
0912,color_binding,"a blue motorcycle, a brown tennis racket, a black truck and a orange scarf",a blue motorcycle,"156,220,238,300",a brown tennis racket,"295,205,420,321",a black truck,"225,49,358,183",a orange scarf,"96,304,188,418"
0913,color_binding,"a pink person, a gray cow, a brown surfboard and a red speaker",a pink person,"128,285,262,396",a gray cow,"100,79,216,165",a brown surfboard,"311,223,413,369",a red speaker,"257,59,373,161"
0914,color_binding,"a white cellphone, a green boat, a blue tie and a gray crocodile",a white cellphone,"3,132,151,282",a green boat,"72,319,192,435",a blue tie,"255,117,380,201",a gray crocodile,"420,45,511,169"
0915,color_binding,"a blue flower, a green backpack, a pink soap and a orange refrigerator",a blue flower,"56,188,166,330",a green backpack,"318,27,440,161",a pink soap,"202,6,296,124",a orange refrigerator,"165,346,270,488"
0916,color_binding,"a black lamp, a pink donut, a purple bench and a blue sock",a black lamp,"162,98,245,218",a pink donut,"227,295,362,430",a purple bench,"49,297,194,394",a blue sock,"346,33,484,181"
0917,color_binding,"a yellow platypus, an blue apple, a gray baseball glove and a pink screwdriver",a yellow platypus,"50,5,161,141",an blue apple,"203,24,296,139",a gray baseball glove,"306,54,422,190",a pink screwdriver,"330,371,451,489"
0918,color_binding,"a red mushroom, a yellow zebra, a brown mug and a blue shirt",a red mushroom,"180,246,289,373",a yellow zebra,"337,369,473,510",a brown mug,"86,37,184,130",a blue shirt,"308,125,391,272"
0919,color_binding,"a yellow boy, an gray hot-dog, a red shoe and a white pillow",a yellow boy,"244,40,366,135",an gray hot-dog,"31,47,118,128",a red shoe,"106,212,245,320",a white pillow,"308,400,425,481"
0920,color_binding,"a brown handbag, a orange shampoo, a pink leaf and a white flashlight",a brown handbag,"333,302,454,452",a orange shampoo,"33,158,153,291",a pink leaf,"222,228,312,308",a white flashlight,"56,312,192,445"
0921,color_binding,"a blue watch, a orange speaker, a yellow printer and a purple notebook",a blue watch,"362,245,506,349",a orange speaker,"71,221,165,369",a yellow printer,"60,38,147,156",a purple notebook,"196,123,289,203"
0922,color_binding,"a red keyboard, a yellow train, a pink hair drier and a orange sock",a red keyboard,"76,269,171,371",a yellow train,"11,149,155,235",a pink hair drier,"233,140,377,267",a orange sock,"101,424,188,506"
0923,color_binding,"a yellow skyscraper, a brown chair, a pink ladder and a white wallet",a yellow skyscraper,"307,255,455,375",a brown chair,"31,230,131,315",a pink ladder,"84,82,224,211",a white wallet,"146,317,293,450"
0924,color_binding,"a red bottle, a gray shower, a purple truck and a pink bin",a red bottle,"125,89,249,220",a gray shower,"117,399,204,510",a purple truck,"308,335,432,458",a pink bin,"31,247,124,353"
0925,color_binding,"a orange toaster, a red bowl, a yellow mouse and a purple basket",a orange toaster,"30,349,162,488",a red bowl,"215,335,305,471",a yellow mouse,"341,214,458,336",a purple basket,"111,77,225,227"
0926,color_binding,"a orange keyboard, a gray flower, a green carrot and a pink horse",a orange keyboard,"23,377,125,500",a gray flower,"207,332,300,449",a green carrot,"253,187,383,275",a pink horse,"107,10,234,112"
0927,color_binding,"a pink skyscraper, a green banana, a purple giraffe and a red crocodile",a pink skyscraper,"192,44,321,189",a green banana,"34,187,167,337",a purple giraffe,"268,216,363,337",a red crocodile,"45,410,182,503"
0928,color_binding,"a red platypus, a white knife, a gray hair drier and a pink basket",a red platypus,"198,331,308,426",a white knife,"275,14,357,139",a gray hair drier,"128,37,265,135",a pink basket,"28,173,120,290"
0929,color_binding,"a orange mouse, a red motorcycle, a green sock and a white soap",a orange mouse,"186,28,273,147",a red motorcycle,"36,23,120,123",a green sock,"247,183,370,331",a white soap,"33,320,128,440"
0930,color_binding,"a gray baby, a purple sink, a green basket and a white toolbox",a gray baby,"17,374,167,504",a purple sink,"114,192,201,322",a green basket,"319,258,411,404",a white toolbox,"175,386,271,512"
0931,color_binding,"a gray car, a white toaster, a green crocodile and a orange watch",a gray car,"368,313,474,426",a white toaster,"316,4,439,129",a green crocodile,"294,158,383,281",a orange watch,"75,336,184,467"
0932,color_binding,"a gray sandwich, a yellow suitcase, a green fork and a brown truck",a gray sandwich,"382,217,512,319",a yellow suitcase,"118,17,262,97",a green fork,"228,270,309,368",a brown truck,"60,305,144,440"
0933,color_binding,"a pink kite, a green ruler, a blue flashlight and a red door",a pink kite,"301,361,440,447",a green ruler,"191,145,287,263",a blue flashlight,"32,220,145,351",a red door,"256,24,380,141"
0934,color_binding,"a pink train, a gray suitcase, a yellow desk and a orange toolbox",a pink train,"26,129,118,222",a gray suitcase,"365,179,479,284",a yellow desk,"67,392,183,509",a orange toolbox,"263,188,353,338"
0935,color_binding,"a purple horse, an pink elephant, a brown tape and a blue shirt",a purple horse,"393,338,484,487",an pink elephant,"399,163,479,266",a brown tape,"173,141,306,255",a blue shirt,"365,29,471,133"
0936,color_binding,"a blue parking meter, a orange cup, a purple turtle and a green wallet",a blue parking meter,"75,20,183,138",a orange cup,"321,316,424,417",a purple turtle,"32,236,159,367",a green wallet,"283,173,431,268"
0937,color_binding,"a blue clock, a gray bowl, a orange tennis racket and a white remote",a blue clock,"168,124,307,265",a gray bowl,"107,288,252,375",a orange tennis racket,"330,77,480,188",a white remote,"373,243,504,356"
0938,color_binding,"a purple tree, a white banana, a yellow clock and a red handbag",a purple tree,"200,142,327,233",a white banana,"231,324,376,439",a yellow clock,"71,55,190,176",a red handbag,"92,243,201,353"
0939,color_binding,"a yellow microwave, a white tiger, a pink traffic light and a brown curtain",a yellow microwave,"58,271,181,358",a white tiger,"253,36,359,151",a pink traffic light,"365,310,512,407",a brown curtain,"192,175,311,314"
0940,color_binding,"a gray platypus, a white toaster, a blue flashlight and a orange remote",a gray platypus,"189,317,323,427",a white toaster,"37,386,151,489",a blue flashlight,"80,55,224,197",a orange remote,"338,238,487,320"
0941,color_binding,"a red bed, a blue fork, a black tape and a pink door",a red bed,"153,129,253,267",a blue fork,"402,191,511,309",a black tape,"214,35,316,118",a pink door,"345,52,449,163"
0942,color_binding,"a purple chair, a green table, a pink teddy bear and a blue motorcycle",a purple chair,"168,263,283,407",a green table,"92,91,228,211",a pink teddy bear,"366,340,512,486",a blue motorcycle,"16,299,97,397"
0943,color_binding,"a black car, a purple cat, a yellow skateboard and a brown baseball glove",a black car,"312,347,438,473",a purple cat,"314,84,402,167",a yellow skateboard,"312,226,459,338",a brown baseball glove,"130,61,245,174"
0944,color_binding,"an white elephant, a pink candle, a blue ladder and a yellow bucket",an white elephant,"220,218,346,299",a pink candle,"24,179,118,312",a blue ladder,"184,41,326,134",a yellow bucket,"64,380,201,477"
0945,color_binding,"a orange beetle, a gray banana, a green baseball glove and a white television",a orange beetle,"229,260,369,394",a gray banana,"73,50,201,147",a green baseball glove,"350,112,469,244",a white television,"129,358,217,488"
0946,color_binding,"a red cat, a white tiger, a yellow ladder and a purple wallet",a red cat,"14,92,164,223",a white tiger,"315,185,413,326",a yellow ladder,"24,410,128,495",a purple wallet,"145,411,292,498"
0947,color_binding,"a gray microwave, a red suitcase, a yellow shoe and a blue ball",a gray microwave,"215,227,315,329",a red suitcase,"346,12,467,137",a yellow shoe,"43,193,159,311",a blue ball,"72,347,206,469"
0948,color_binding,"a blue dog, a black clock, a white screwdriver and a gray wallet",a blue dog,"388,361,500,473",a black clock,"218,355,322,436",a white screwdriver,"72,286,190,392",a gray wallet,"283,130,413,217"
0949,color_binding,"a gray dog, a brown guitar, a white giraffe and a blue scarf",a gray dog,"119,80,262,192",a brown guitar,"317,38,462,166",a white giraffe,"1,342,151,431",a blue scarf,"320,388,413,478"
0950,color_binding,"a white keyboard, a purple cake, a orange candle and a brown toolbox",a white keyboard,"264,51,369,163",a purple cake,"373,315,483,429",a orange candle,"8,124,91,252",a brown toolbox,"183,199,296,308"
0951,color_binding,"an orange oak, a gray train, a black monitor and a green television",an orange oak,"10,27,132,136",a gray train,"185,353,272,478",a black monitor,"280,379,417,483",a green television,"173,96,261,201"
0952,color_binding,"a gray banana, a white tie, a yellow traffic light and a blue pillow",a gray banana,"275,73,393,179",a white tie,"68,290,194,375",a yellow traffic light,"341,311,456,430",a blue pillow,"134,51,225,151"
0953,color_binding,"a brown person, a black bottle, a purple turtle and a yellow watch",a brown person,"183,124,302,241",a black bottle,"315,293,450,401",a purple turtle,"95,298,196,392",a yellow watch,"315,77,455,215"
0954,color_binding,"a purple cup, a red charger, a pink bucket and a gray printer",a purple cup,"305,370,402,465",a red charger,"183,212,325,309",a pink bucket,"381,181,469,318",a gray printer,"81,65,196,195"
0955,color_binding,"a green tree, a red donut, a gray bird and a pink knife",a green tree,"305,292,399,406",a red donut,"226,18,344,127",a gray bird,"66,176,188,311",a pink knife,"339,157,462,286"
0956,color_binding,"a brown broom, an purple elephant, a yellow frisbee and a pink monitor",a brown broom,"137,100,221,198",an purple elephant,"292,139,377,283",a yellow frisbee,"97,205,242,289",a pink monitor,"281,1,386,83"
0957,color_binding,"a yellow beetle, a black book, a green train and a red tape",a yellow beetle,"209,231,318,361",a black book,"268,81,391,216",a green train,"406,264,507,363",a red tape,"21,149,112,263"
0958,color_binding,"a blue tree, a white toaster, a yellow hair drier and a green mouse",a blue tree,"278,178,384,327",a white toaster,"45,353,141,438",a yellow hair drier,"235,332,359,458",a green mouse,"398,244,512,371"
0959,color_binding,"a blue donut, a pink horse, a gray shower and a red toolbox",a blue donut,"12,249,149,363",a pink horse,"252,212,362,355",a gray shower,"238,85,360,205",a red toolbox,"82,9,199,109"
0960,color_binding,"a yellow book, a blue sink, a gray frisbee and a pink refrigerator",a yellow book,"2,348,120,431",a blue sink,"43,68,157,180",a gray frisbee,"354,162,493,282",a pink refrigerator,"149,266,232,412"
0961,color_binding,"a blue boat, a gray tiger, a yellow sink and a black mug",a blue boat,"311,134,406,250",a gray tiger,"260,318,378,412",a yellow sink,"87,427,229,508",a black mug,"174,185,297,292"
0962,color_binding,"a gray tree, a brown person, a green crocodile and a yellow ball",a gray tree,"107,80,218,162",a brown person,"296,149,398,295",a green crocodile,"190,320,290,401",a yellow ball,"50,403,196,494"
0963,color_binding,"a green parking meter, a red horse, a white knife and a purple curtain",a green parking meter,"27,336,115,438",a red horse,"110,92,194,189",a white knife,"124,197,269,339",a purple curtain,"176,384,300,505"
0964,color_binding,"a pink pizza, a brown knife, a white turtle and a black plate",a pink pizza,"262,198,353,344",a brown knife,"146,20,257,170",a white turtle,"409,110,490,219",a black plate,"48,274,198,382"
0965,color_binding,"a purple parking meter, a red pizza, a brown mug and a gray hammer",a purple parking meter,"78,89,185,203",a red pizza,"84,305,210,385",a brown mug,"345,350,485,438",a gray hammer,"306,62,450,183"
0966,color_binding,"a black couch, a brown teddy bear, a gray giraffe and a pink knife",a black couch,"377,343,494,487",a brown teddy bear,"90,134,197,273",a gray giraffe,"282,247,372,396",a pink knife,"110,279,213,360"
0967,color_binding,"a gray bed, an yellow hot-dog, a red suitcase and a green cake",a gray bed,"250,298,348,426",an yellow hot-dog,"315,170,455,294",a red suitcase,"201,150,313,259",a green cake,"52,78,184,180"
0968,color_binding,"a purple bed, a red car, a pink toilet and a black bucket",a purple bed,"327,397,459,502",a red car,"314,177,402,277",a pink toilet,"313,23,439,160",a black bucket,"76,10,185,127"
0969,color_binding,"a pink bench, an purple apple, a red shower and a green blender",a pink bench,"6,132,97,257",an purple apple,"120,194,255,290",a red shower,"31,326,169,430",a green blender,"287,213,373,361"
0970,color_binding,"a orange rose, a white chair, a red keyboard and a gray printer",a orange rose,"79,33,169,132",a white chair,"368,25,510,126",a red keyboard,"237,169,324,283",a gray printer,"368,230,482,314"
0971,color_binding,"a orange laptop, a red person, a white tie and a brown door",a orange laptop,"287,7,390,139",a red person,"144,85,258,231",a white tie,"293,411,419,495",a brown door,"144,270,240,398"
0972,color_binding,"a pink bottle, an green umbrella, a black platypus and a yellow tennis racket",a pink bottle,"121,265,243,402",an green umbrella,"36,1,171,129",a black platypus,"331,256,431,350",a yellow tennis racket,"357,22,480,172"
0973,color_binding,"a orange platypus, an pink elephant, a yellow zebra and a black flashlight",a orange platypus,"190,326,328,466",an pink elephant,"283,125,416,241",a yellow zebra,"50,311,132,401",a black flashlight,"367,368,505,507"
0974,color_binding,"a red bear, a purple knife, a blue mouse and a yellow candle",a red bear,"407,75,512,173",a purple knife,"97,116,198,241",a blue mouse,"213,238,315,383",a yellow candle,"389,285,493,422"
0975,color_binding,"a pink baby, a red mouse, a blue frisbee and a brown shampoo",a pink baby,"352,204,497,317",a red mouse,"36,171,142,264",a blue frisbee,"368,364,451,478",a brown shampoo,"185,243,289,355"
0976,color_binding,"a gray book, a orange table, a white hammer and a black television",a gray book,"88,28,222,134",a orange table,"281,218,397,350",a white hammer,"108,161,225,286",a black television,"176,318,274,435"
0977,color_binding,"a green tree, a red bicycle, a brown sandwich and a purple backpack",a green tree,"7,374,100,481",a red bicycle,"246,323,355,431",a brown sandwich,"159,8,261,113",a purple backpack,"303,56,451,152"
0978,color_binding,"a gray lamp, a orange truck, a black shampoo and a yellow monitor",a gray lamp,"242,276,330,398",a orange truck,"62,175,168,325",a black shampoo,"193,102,326,223",a yellow monitor,"370,167,461,250"
0979,color_binding,"a yellow parking meter, a black suitcase, a orange mouse and a gray ball",a yellow parking meter,"106,55,191,149",a black suitcase,"54,226,158,328",a orange mouse,"280,38,422,155",a gray ball,"182,288,268,430"
0980,color_binding,"a brown banana, a black baseball glove, a green bowl and a blue notebook",a brown banana,"99,158,203,241",a black baseball glove,"287,308,404,429",a green bowl,"63,358,181,443",a blue notebook,"245,49,389,186"
0981,color_binding,"a white dog, a pink carrot, a yellow teddy bear and a purple remote",a white dog,"227,37,340,182",a pink carrot,"109,271,190,358",a yellow teddy bear,"284,363,390,471",a purple remote,"36,413,148,495"
0982,color_binding,"a red microwave, a yellow sheep, a orange toothbrush and a white glass",a red microwave,"408,28,494,159",a yellow sheep,"200,354,322,481",a orange toothbrush,"283,262,395,343",a white glass,"176,215,268,305"
0983,color_binding,"a gray surfboard, a green train, a yellow charger and a red glass",a gray surfboard,"25,243,133,373",a green train,"328,103,472,206",a yellow charger,"35,20,152,106",a red glass,"163,378,273,486"
0984,color_binding,"a red beetle, a orange donut, a blue door and a black notebook",a red beetle,"147,397,233,477",a orange donut,"33,171,157,310",a blue door,"290,34,414,129",a black notebook,"239,241,385,341"
0985,color_binding,"a white bed, a green table, a orange shampoo and a yellow scarf",a white bed,"122,18,265,116",a green table,"359,344,453,494",a orange shampoo,"14,155,130,304",a yellow scarf,"306,242,429,340"
0986,color_binding,"a purple chair, a black giraffe, a blue fire hydrant and a white shampoo",a purple chair,"295,249,382,351",a black giraffe,"366,53,465,202",a blue fire hydrant,"99,261,223,393",a white shampoo,"30,20,111,152"
0987,color_binding,"a red tree, a pink surfboard, a gray shoe and a purple drill",a red tree,"349,257,495,403",a pink surfboard,"12,148,131,288",a gray shoe,"73,395,166,503",a purple drill,"225,224,336,314"
0988,color_binding,"a blue guitar, a orange spoon, a brown truck and a gray candle",a blue guitar,"336,13,483,113",a orange spoon,"169,327,290,422",a brown truck,"307,279,432,385",a gray candle,"41,207,165,356"
0989,color_binding,"a red clock, a blue frisbee, a pink ladder and a yellow watch",a red clock,"189,269,334,375",a blue frisbee,"101,86,196,229",a pink ladder,"400,296,505,414",a yellow watch,"261,21,392,118"
0990,color_binding,"a pink baby, a red laptop, a white handbag and a black zebra",a pink baby,"128,410,229,492",a red laptop,"121,174,201,324",a white handbag,"266,99,378,208",a black zebra,"232,298,380,445"
0991,color_binding,"a pink cow, a white mushroom, a orange tape and a blue speaker",a pink cow,"401,21,499,119",a white mushroom,"184,28,309,128",a orange tape,"99,312,232,403",a blue speaker,"304,209,441,357"
0992,color_binding,"a purple keyboard, a orange kite, a yellow shower and a red hat",a purple keyboard,"314,141,431,237",a orange kite,"122,322,237,469",a yellow shower,"21,67,102,201",a red hat,"83,217,182,307"
0993,color_binding,"a black skyscraper, a white laptop, a green bowl and a yellow fire hydrant",a black skyscraper,"185,236,296,354",a white laptop,"26,137,155,219",a green bowl,"334,160,449,255",a yellow fire hydrant,"285,65,433,148"
0994,color_binding,"a white couch, a brown crocodile, a orange suitcase and a yellow candle",a white couch,"143,177,254,292",a brown crocodile,"387,352,473,442",a orange suitcase,"369,222,457,339",a yellow candle,"8,235,98,383"
0995,color_binding,"an yellow oven, a green mug, a orange wallet and a white sock",an yellow oven,"270,317,372,410",a green mug,"94,33,181,135",a orange wallet,"52,330,162,444",a white sock,"378,122,478,252"
0996,color_binding,"a gray surfboard, a purple giraffe, a black pillow and a yellow desk",a gray surfboard,"137,267,253,403",a purple giraffe,"336,295,467,420",a black pillow,"292,164,440,265",a yellow desk,"162,63,281,151"
0997,color_binding,"a pink dog, a blue flower, an white oven and a orange toolbox",a pink dog,"331,88,453,194",a blue flower,"57,221,161,369",an white oven,"169,128,285,259",a orange toolbox,"61,28,156,141"
0998,color_binding,"a blue giraffe, a black tie, a pink bucket and a red flashlight",a blue giraffe,"349,109,444,193",a black tie,"32,366,136,454",a pink bucket,"57,66,169,195",a red flashlight,"279,253,429,337"
0999,color_binding,"a pink beetle, an gray hot-dog, a purple sock and a green notebook",a pink beetle,"406,336,512,464",an gray hot-dog,"84,240,197,365",a purple sock,"214,355,328,496",a green notebook,"153,32,261,173"
1000,color_binding,"a gray rose, a yellow horse, a purple wallet and a white bin",a gray rose,"322,345,424,468",a yellow horse,"158,321,287,460",a purple wallet,"60,105,183,187",a white bin,"359,153,482,299"
1001,color_binding,"a blue tie, a gray cake, a red truck and a brown tape",a blue tie,"180,84,273,177",a gray cake,"391,350,479,430",a red truck,"232,202,382,329",a brown tape,"82,204,210,319"
1002,color_binding,"a black skyscraper, a white plant, a blue truck and a pink monitor",a black skyscraper,"391,325,483,456",a white plant,"7,75,144,205",a blue truck,"296,149,429,230",a pink monitor,"8,297,115,434"
1003,color_binding,"a blue cat, an yellow umbrella, a green baseball bat and a white horse",a blue cat,"276,277,395,408",an yellow umbrella,"175,256,258,345",a green baseball bat,"141,374,247,489",a white horse,"14,230,102,353"
1004,color_binding,"a red tree, a white parking meter, a green platypus and a orange glass",a red tree,"18,38,110,149",a white parking meter,"214,33,297,148",a green platypus,"78,365,226,482",a orange glass,"164,153,298,236"
1005,color_binding,"a orange baby, a pink bench, a gray mouse and a yellow pan",a orange baby,"247,122,341,228",a pink bench,"56,179,148,266",a gray mouse,"175,230,281,355",a yellow pan,"5,13,155,153"
1006,color_binding,"a brown rose, a purple bed, a orange plate and a gray bin",a brown rose,"50,338,141,459",a purple bed,"395,414,502,505",a orange plate,"169,87,270,221",a gray bin,"410,94,496,234"
1007,color_binding,"a pink clock, a yellow mouse, a brown pan and a black glass",a pink clock,"348,283,495,430",a yellow mouse,"10,112,95,255",a brown pan,"196,66,306,213",a black glass,"193,296,275,422"
1008,color_binding,"a yellow lamp, a gray cake, a pink fire hydrant and a green shirt",a yellow lamp,"163,121,305,216",a gray cake,"342,370,471,504",a pink fire hydrant,"56,269,175,356",a green shirt,"83,21,191,113"
1009,color_binding,"a gray laptop, a blue blender, a brown screwdriver and a orange monitor",a gray laptop,"335,302,476,444",a blue blender,"289,110,428,228",a brown screwdriver,"112,88,206,225",a orange monitor,"53,277,178,358"
1010,color_binding,"an blue oak, a orange person, a white table and a black door",an blue oak,"378,371,492,510",a orange person,"139,159,227,267",a white table,"238,23,340,124",a black door,"42,193,134,317"
1011,color_binding,"a black dog, a red ruler, a brown tape and a blue flashlight",a black dog,"341,62,466,211",a red ruler,"266,261,396,382",a brown tape,"67,287,213,374",a blue flashlight,"76,392,213,496"
1012,color_binding,"an white umbrella, a yellow suitcase, a brown ladder and a black blender",an white umbrella,"409,186,490,325",a yellow suitcase,"364,15,480,135",a brown ladder,"177,263,327,412",a black blender,"89,116,180,197"
1013,color_binding,"a pink keyboard, a blue crocodile, a gray mushroom and a white tennis racket",a pink keyboard,"14,301,121,393",a blue crocodile,"317,377,455,512",a gray mushroom,"335,17,466,126",a white tennis racket,"240,237,369,363"
1014,color_binding,"a blue sheep, a purple banana, a white surfboard and a gray speaker",a blue sheep,"137,220,227,313",a purple banana,"274,359,386,465",a white surfboard,"268,9,359,125",a gray speaker,"121,401,208,503"
1015,color_binding,"a red cake, a blue cup, a yellow fire hydrant and a gray bucket",a red cake,"202,301,282,414",a blue cup,"266,117,371,265",a yellow fire hydrant,"164,97,250,181",a gray bucket,"26,147,133,274"
1016,color_binding,"a yellow couch, a gray kite, a red toaster and a white mug",a yellow couch,"299,234,412,321",a gray kite,"119,229,244,368",a red toaster,"131,14,262,134",a white mug,"302,376,419,484"
1017,color_binding,"a yellow car, a red keyboard, a green baseball bat and a black sock",a yellow car,"239,292,368,379",a red keyboard,"412,215,504,350",a green baseball bat,"152,389,273,489",a black sock,"358,63,501,212"
1018,color_binding,"an yellow oak, a gray bench, a blue train and a purple glass",an yellow oak,"154,351,261,481",a gray bench,"181,74,290,154",a blue train,"332,266,447,379",a purple glass,"296,76,429,171"
1019,color_binding,"a black train, a blue flower, a white spoon and a gray soap",a black train,"298,215,445,322",a blue flower,"57,273,192,388",a white spoon,"194,353,321,455",a gray soap,"101,75,212,160"
1020,color_binding,"a purple vase, a yellow tiger, a gray wallet and a brown glass",a purple vase,"88,254,176,373",a yellow tiger,"245,182,368,320",a gray wallet,"403,255,485,343",a brown glass,"105,8,247,150"
1021,color_binding,"a red carrot, a green skateboard, a black toolbox and a yellow television",a red carrot,"52,398,166,490",a green skateboard,"380,184,497,304",a black toolbox,"63,217,204,302",a yellow television,"259,320,391,468"
1022,color_binding,"a purple boy, a white toaster, a brown glass and a red soap",a purple boy,"351,99,458,224",a white toaster,"180,121,266,235",a brown glass,"159,238,248,381",a red soap,"26,87,111,233"
1023,color_binding,"a blue bicycle, a brown surfboard, a black cake and a green glass",a blue bicycle,"218,254,327,370",a brown surfboard,"23,13,158,147",a black cake,"81,270,165,406",a green glass,"121,156,240,240"
1024,attribute_binding,a short carrot,a short carrot,"66,4,331,472",,,,,,
1025,attribute_binding,a soft candle,a soft candle,"139,44,509,436",,,,,,
1026,attribute_binding,a crowded toolbox,a crowded toolbox,"74,55,342,290",,,,,,
1027,attribute_binding,a happy baseball glove,a happy baseball glove,"12,21,461,297",,,,,,
1028,attribute_binding,an large oven,an large oven,"134,3,336,497",,,,,,
1029,attribute_binding,a shiny bird,a shiny bird,"28,173,512,448",,,,,,
1030,attribute_binding,a green pizza,a green pizza,"129,68,340,297",,,,,,
1031,attribute_binding,a rough television,a rough television,"46,41,257,455",,,,,,
1032,attribute_binding,a wooden bowl,a wooden bowl,"41,74,399,355",,,,,,
1033,attribute_binding,a clean sock,a clean sock,"222,24,442,502",,,,,,
1034,attribute_binding,a fluffy pan,a fluffy pan,"9,25,487,416",,,,,,
1035,attribute_binding,a tall sheep,a tall sheep,"177,67,494,404",,,,,,
1036,attribute_binding,a large keyboard,a large keyboard,"18,260,485,492",,,,,,
1037,attribute_binding,an happy apple,an happy apple,"8,164,418,320",,,,,,
1038,attribute_binding,a blue drill,a blue drill,"3,16,248,283",,,,,,
1039,attribute_binding,a clean snowboard,a clean snowboard,"1,56,497,211",,,,,,
1040,attribute_binding,a rotten leaf,a rotten leaf,"31,57,447,509",,,,,,
1041,attribute_binding,a wooden wallet,a wooden wallet,"13,9,296,414",,,,,,
1042,attribute_binding,a soft bear,a soft bear,"119,101,504,359",,,,,,
1043,attribute_binding,a fuzzy vase,a fuzzy vase,"223,187,386,421",,,,,,
1044,attribute_binding,a rough teddy bear,a rough teddy bear,"70,22,249,512",,,,,,
1045,attribute_binding,a blue cellphone,a blue cellphone,"247,25,451,186",,,,,,
1046,attribute_binding,a blue tennis racket,a blue tennis racket,"282,4,464,490",,,,,,
1047,attribute_binding,a fluffy boat,a fluffy boat,"70,46,386,417",,,,,,
1048,attribute_binding,a smooth laptop,a smooth laptop,"244,119,473,502",,,,,,
1049,attribute_binding,a white bucket,a white bucket,"42,86,217,478",,,,,,
1050,attribute_binding,a black frisbee,a black frisbee,"71,23,305,505",,,,,,
1051,attribute_binding,a crowded handbag,a crowded handbag,"105,0,305,437",,,,,,
1052,attribute_binding,a short screwdriver,a short screwdriver,"9,116,454,494",,,,,,
1053,attribute_binding,a small tree,a small tree,"25,125,303,492",,,,,,
1054,attribute_binding,a tall rose,a tall rose,"48,189,313,424",,,,,,
1055,attribute_binding,a warm baby,a warm baby,"87,17,300,385",,,,,,
1056,attribute_binding,a warm lamp,a warm lamp,"292,28,482,443",,,,,,
1057,attribute_binding,a white toilet,a white toilet,"79,2,348,499",,,,,,
1058,attribute_binding,a smooth basket,a smooth basket,"6,162,314,329",,,,,,
1059,attribute_binding,a fast backpack,a fast backpack,"255,182,414,489",,,,,,
1060,attribute_binding,a fast donut,a fast donut,"189,193,340,456",,,,,,
1061,attribute_binding,a green fork,a green fork,"96,12,314,368",,,,,,
1062,attribute_binding,a bright hat,a bright hat,"54,50,491,473",,,,,,
1063,attribute_binding,a fast fire hydrant,a fast fire hydrant,"9,198,302,380",,,,,,
1064,attribute_binding,a pink sandwich,a pink sandwich,"158,99,393,416",,,,,,
1065,attribute_binding,a white glass,a white glass,"22,10,486,227",,,,,,
1066,attribute_binding,a fast boy,a fast boy,"39,31,301,439",,,,,,
1067,attribute_binding,a small tape,a small tape,"124,11,476,311",,,,,,
1068,attribute_binding,a small blender,a small blender,"30,25,463,276",,,,,,
1069,attribute_binding,a green ruler,a green ruler,"28,125,285,478",,,,,,
1070,attribute_binding,a warm book,a warm book,"27,4,408,174",,,,,,
1071,attribute_binding,a soft notebook,a soft notebook,"161,24,453,302",,,,,,
1072,attribute_binding,a short tie,a short tie,"93,3,405,500",,,,,,
1073,attribute_binding,an short umbrella,an short umbrella,"154,90,439,288",,,,,,
1074,attribute_binding,a tall mushroom,a tall mushroom,"0,85,316,378",,,,,,
1075,attribute_binding,a tall platypus,a tall platypus,"18,14,381,443",,,,,,
1076,attribute_binding,a yellow mouse,a yellow mouse,"203,175,434,507",,,,,,
1077,attribute_binding,a fast curtain,a fast curtain,"16,180,429,479",,,,,,
1078,attribute_binding,a fuzzy couch,a fuzzy couch,"7,114,466,460",,,,,,
1079,attribute_binding,a shiny parking meter,a shiny parking meter,"183,173,425,491",,,,,,
1080,attribute_binding,a shiny knife,a shiny knife,"52,97,408,392",,,,,,
1081,attribute_binding,a red hair drier,a red hair drier,"72,107,294,283",,,,,,
1082,attribute_binding,a happy skyscraper,a happy skyscraper,"147,244,488,470",,,,,,
1083,attribute_binding,a small cat,a small cat,"77,10,510,181",,,,,,
1084,attribute_binding,a yellow mug,a yellow mug,"280,134,505,309",,,,,,
1085,attribute_binding,an shiny oak,an shiny oak,"37,137,459,341",,,,,,
1086,attribute_binding,a black bench,a black bench,"49,24,272,306",,,,,,
1087,attribute_binding,a silver cow,a silver cow,"5,11,435,469",,,,,,
1088,attribute_binding,a clean monitor,a clean monitor,"132,41,429,444",,,,,,
1089,attribute_binding,a pink giraffe,a pink giraffe,"202,107,419,334",,,,,,
1090,attribute_binding,a fluffy bicycle,a fluffy bicycle,"341,235,493,488",,,,,,
1091,attribute_binding,a yellow shampoo,a yellow shampoo,"131,210,337,501",,,,,,
1092,attribute_binding,a short shower,a short shower,"48,13,488,492",,,,,,
1093,attribute_binding,a clean car,a clean car,"94,72,400,458",,,,,,
1094,attribute_binding,a snowy toaster,a snowy toaster,"189,24,425,420",,,,,,
1095,attribute_binding,a wooden flower,a wooden flower,"267,140,502,508",,,,,,
1096,attribute_binding,a shiny bus,a shiny bus,"1,11,358,329",,,,,,
1097,attribute_binding,a soft spoon,a soft spoon,"149,114,382,499",,,,,,
1098,attribute_binding,a dark surfboard,a dark surfboard,"1,2,199,329",,,,,,
1099,attribute_binding,a warm ball,a warm ball,"24,209,344,481",,,,,,
1100,attribute_binding,a smooth door,a smooth door,"55,10,318,472",,,,,,
1101,attribute_binding,a pink plant,a pink plant,"149,19,320,255",,,,,,
1102,attribute_binding,a wooden bottle,a wooden bottle,"18,30,480,491",,,,,,
1103,attribute_binding,an fuzzy elephant,an fuzzy elephant,"109,27,402,508",,,,,,
1104,attribute_binding,a snowy ladder,a snowy ladder,"48,27,375,339",,,,,,
1105,attribute_binding,a shiny zebra,a shiny zebra,"23,23,475,297",,,,,,
1106,attribute_binding,a red clock,a red clock,"32,101,310,429",,,,,,
1107,attribute_binding,a large soap,a large soap,"63,52,495,376",,,,,,
1108,attribute_binding,a white turtle,a white turtle,"1,2,490,473",,,,,,
1109,attribute_binding,a pink plate,a pink plate,"15,40,338,386",,,,,,
1110,attribute_binding,a clean horse,a clean horse,"143,186,479,440",,,,,,
1111,attribute_binding,a dark chair,a dark chair,"47,18,467,494",,,,,,
1112,attribute_binding,a green cup,a green cup,"37,127,471,446",,,,,,
1113,attribute_binding,a warm table,a warm table,"189,292,439,462",,,,,,
1114,attribute_binding,a fuzzy bin,a fuzzy bin,"90,5,500,231",,,,,,
1115,attribute_binding,an shiny hot-dog,an shiny hot-dog,"21,125,409,293",,,,,,
1116,attribute_binding,a wooden cake,a wooden cake,"136,303,407,499",,,,,,
1117,attribute_binding,a dark traffic light,a dark traffic light,"271,187,438,345",,,,,,
1118,attribute_binding,a tall motorcycle,a tall motorcycle,"168,289,420,447",,,,,,
1119,attribute_binding,a aggressive desk,a aggressive desk,"25,162,345,503",,,,,,
1120,attribute_binding,a soft flashlight,a soft flashlight,"70,134,288,484",,,,,,
1121,attribute_binding,a shiny suitcase,a shiny suitcase,"23,2,470,457",,,,,,
1122,attribute_binding,a silver shirt,a silver shirt,"117,164,440,389",,,,,,
1123,attribute_binding,a small shoe,a small shoe,"50,49,266,478",,,,,,
1124,attribute_binding,a warm bed,a warm bed,"29,26,429,502",,,,,,
1125,attribute_binding,a crowded guitar,a crowded guitar,"97,306,505,478",,,,,,
1126,attribute_binding,a tall train,a tall train,"113,173,265,404",,,,,,
1127,attribute_binding,a soft refrigerator,a soft refrigerator,"23,9,493,506",,,,,,
1128,attribute_binding,a black tiger,a black tiger,"28,72,414,399",,,,,,
1129,attribute_binding,a green microwave,a green microwave,"87,198,490,419",,,,,,
1130,attribute_binding,a large skateboard,a large skateboard,"168,166,332,500",,,,,,
1131,attribute_binding,a large charger,a large charger,"6,42,232,292",,,,,,
1132,attribute_binding,a clean toothbrush,a clean toothbrush,"30,63,470,480",,,,,,
1133,attribute_binding,a silver truck,a silver truck,"14,136,365,429",,,,,,
1134,attribute_binding,a shiny kite,a shiny kite,"106,104,449,266",,,,,,
1135,attribute_binding,a snowy broom,a snowy broom,"109,60,389,503",,,,,,
1136,attribute_binding,a black remote,a black remote,"131,0,370,495",,,,,,
1137,attribute_binding,a white person,a white person,"86,30,407,497",,,,,,
1138,attribute_binding,a blue hammer,a blue hammer,"110,157,490,483",,,,,,
1139,attribute_binding,a tall scarf,a tall scarf,"105,312,304,501",,,,,,
1140,attribute_binding,a short stop sign,a short stop sign,"78,61,434,472",,,,,,
1141,attribute_binding,a black pillow,a black pillow,"82,12,435,480",,,,,,
1142,attribute_binding,a small dog,a small dog,"10,27,204,242",,,,,,
1143,attribute_binding,a dark ring,a dark ring,"50,1,400,205",,,,,,
1144,attribute_binding,a rough beetle,a rough beetle,"169,114,340,505",,,,,,
1145,attribute_binding,a smooth sink,a smooth sink,"141,27,491,200",,,,,,
1146,attribute_binding,a dark watch,a dark watch,"199,109,441,296",,,,,,
1147,attribute_binding,a black baseball bat,a black baseball bat,"142,178,451,495",,,,,,
1148,attribute_binding,a yellow speaker,a yellow speaker,"106,297,364,512",,,,,,
1149,attribute_binding,a aggressive banana,a aggressive banana,"287,46,506,247",,,,,,
1150,attribute_binding,a clean printer,a clean printer,"84,11,443,503",,,,,,
1151,attribute_binding,a black crocodile,a black crocodile,"159,75,417,290",,,,,,
1152,attribute_binding,a blue ruler and a pink scarf,a blue ruler,"37,187,237,380",a pink scarf,"246,94,440,278",,,,
1153,attribute_binding,a dark zebra and a rough pillow,a dark zebra,"107,47,314,292",a rough pillow,"148,304,380,487",,,,
1154,attribute_binding,a fuzzy laptop and a bright refrigerator,a fuzzy laptop,"256,241,423,447",a bright refrigerator,"61,138,225,283",,,,
1155,attribute_binding,a small banana and a large shampoo,a small banana,"44,253,253,496",a large shampoo,"319,59,452,279",,,,
1156,attribute_binding,a rotten laptop and a warm handbag,a rotten laptop,"90,331,267,505",a warm handbag,"338,275,499,468",,,,
1157,attribute_binding,a tall boy and a red toolbox,a tall boy,"234,197,476,426",a red toolbox,"14,253,190,444",,,,
1158,attribute_binding,a clean bus and a red boy,a clean bus,"38,256,244,494",a red boy,"311,134,431,353",,,,
1159,attribute_binding,a green parking meter and a short speaker,a green parking meter,"225,70,446,229",a short speaker,"326,257,448,485",,,,
1160,attribute_binding,a crowded shower and a clean desk,a crowded shower,"101,166,326,362",a clean desk,"369,216,496,352",,,,
1161,attribute_binding,a blue pizza and a pink soap,a blue pizza,"113,193,295,322",a pink soap,"92,325,236,455",,,,
1162,attribute_binding,a wooden bus and a red refrigerator,a wooden bus,"184,53,360,275",a red refrigerator,"13,75,175,294",,,,
1163,attribute_binding,a tall clock and an short umbrella,a tall clock,"78,157,258,297",an short umbrella,"312,285,510,417",,,,
1164,attribute_binding,a crowded skateboard and a soft ladder,a crowded skateboard,"304,272,507,474",a soft ladder,"113,327,243,493",,,,
1165,attribute_binding,a short snowboard and a blue cake,a short snowboard,"195,38,318,192",a blue cake,"40,168,167,401",,,,
1166,attribute_binding,a bright spoon and a large leaf,a bright spoon,"133,303,362,502",a large leaf,"154,109,392,232",,,,
1167,attribute_binding,a white sandwich and a warm glass,a white sandwich,"29,38,215,250",a warm glass,"278,24,497,197",,,,
1168,attribute_binding,a red clock and a happy bucket,a red clock,"275,376,424,503",a happy bucket,"178,88,411,298",,,,
1169,attribute_binding,an wooden elephant and a warm ladder,an wooden elephant,"304,73,500,208",a warm ladder,"153,180,275,372",,,,
1170,attribute_binding,a large microwave and a black broom,a large microwave,"70,176,291,309",a black broom,"70,317,246,463",,,,
1171,attribute_binding,a pink bird and a green handbag,a pink bird,"216,155,414,336",a green handbag,"243,18,431,138",,,,
1172,attribute_binding,a wooden bowl and a rough ruler,a wooden bowl,"158,233,376,368",a rough ruler,"7,10,227,175",,,,
1173,attribute_binding,a short sink and a large scarf,a short sink,"147,241,357,410",a large scarf,"198,11,365,183",,,,
1174,attribute_binding,an snowy oven and a green sock,an snowy oven,"228,141,447,322",a green sock,"6,38,145,236",,,,
1175,attribute_binding,a rotten tree and a blue sock,a rotten tree,"263,114,426,290",a blue sock,"59,227,255,353",,,,
1176,attribute_binding,a smooth leaf and a rotten refrigerator,a smooth leaf,"269,127,505,318",a rotten refrigerator,"29,242,234,464",,,,
1177,attribute_binding,a shiny book and a red mushroom,a shiny book,"1,194,197,399",a red mushroom,"63,7,300,136",,,,
1178,attribute_binding,a dark bicycle and a pink ladder,a dark bicycle,"101,3,351,237",a pink ladder,"365,127,486,294",,,,
1179,attribute_binding,a blue motorcycle and a small tennis racket,a blue motorcycle,"273,274,413,481",a small tennis racket,"18,181,208,337",,,,
1180,attribute_binding,a rotten parking meter and a bright tiger,a rotten parking meter,"46,252,238,436",a bright tiger,"243,243,380,435",,,,
1181,attribute_binding,a large tree and a green tennis racket,a large tree,"227,109,389,343",a green tennis racket,"10,263,181,492",,,,
1182,attribute_binding,a aggressive hammer and a yellow wallet,a aggressive hammer,"218,27,458,224",a yellow wallet,"97,303,269,488",,,,
1183,attribute_binding,a blue toaster and a white bowl,a blue toaster,"201,282,339,434",a white bowl,"113,88,294,246",,,,
1184,attribute_binding,a dark bicycle and a aggressive drill,a dark bicycle,"35,243,257,396",a aggressive drill,"17,96,204,239",,,,
1185,attribute_binding,a wooden train and a clean plate,a wooden train,"270,62,505,226",a clean plate,"272,388,481,508",,,,
1186,attribute_binding,a white flower and a dark bin,a white flower,"1,149,199,331",a dark bin,"35,335,189,457",,,,
1187,attribute_binding,a bright boat and a clean scarf,a bright boat,"271,257,433,491",a clean scarf,"178,75,298,208",,,,
1188,attribute_binding,a warm banana and a silver speaker,a warm banana,"101,48,338,190",a silver speaker,"66,208,233,341",,,,
1189,attribute_binding,a tall motorcycle and a dark ruler,a tall motorcycle,"279,7,507,161",a dark ruler,"28,100,238,263",,,,
1190,attribute_binding,a wooden teddy bear and a fluffy bowl,a wooden teddy bear,"72,63,206,301",a fluffy bowl,"319,7,444,147",,,,
1191,attribute_binding,a large ladder and a yellow desk,a large ladder,"219,37,370,165",a yellow desk,"40,238,226,443",,,,
1192,attribute_binding,a clean suitcase and a shiny shampoo,a clean suitcase,"260,189,442,412",a shiny shampoo,"93,112,223,356",,,,
1193,attribute_binding,a soft table and a wooden scarf,a soft table,"349,16,477,232",a wooden scarf,"76,37,268,223",,,,
1194,attribute_binding,a rough book and a pink chair,a rough book,"77,192,308,377",a pink chair,"312,124,481,252",,,,
1195,attribute_binding,a shiny person and a smooth zebra,a shiny person,"239,144,416,305",a smooth zebra,"100,305,229,482",,,,
1196,attribute_binding,a snowy pillow and a pink glass,a snowy pillow,"107,275,234,491",a pink glass,"256,70,449,241",,,,
1197,attribute_binding,a fuzzy ruler and a dark charger,a fuzzy ruler,"95,269,326,500",a dark charger,"1,9,231,248",,,,
1198,attribute_binding,a black bottle and a blue door,a black bottle,"341,254,511,437",a blue door,"58,224,275,428",,,,
1199,attribute_binding,a rotten boy and a dark teddy bear,a rotten boy,"20,78,197,319",a dark teddy bear,"358,312,495,461",,,,
1200,attribute_binding,a happy bottle and a snowy monitor,a happy bottle,"23,276,273,495",a snowy monitor,"305,156,452,317",,,,
1201,attribute_binding,a fuzzy baby and a small sandwich,a fuzzy baby,"153,195,321,339",a small sandwich,"332,267,485,434",,,,
1202,attribute_binding,a blue ruler and a crowded glass,a blue ruler,"260,260,426,468",a crowded glass,"299,16,479,141",,,,
1203,attribute_binding,a small platypus and a tall speaker,a small platypus,"309,6,503,232",a tall speaker,"39,70,171,239",,,,
1204,attribute_binding,a short vase and a black backpack,a short vase,"74,256,234,399",a black backpack,"251,362,401,489",,,,
1205,attribute_binding,a tall ruler and a clean refrigerator,a tall ruler,"144,259,318,436",a clean refrigerator,"288,9,413,227",,,,
1206,attribute_binding,a fast keyboard and a clean bucket,a fast keyboard,"180,265,386,504",a clean bucket,"35,208,173,330",,,,
1207,attribute_binding,a fuzzy handbag and a green plate,a fuzzy handbag,"142,160,310,366",a green plate,"320,60,497,261",,,,
1208,attribute_binding,a silver banana and a aggressive charger,a silver banana,"62,4,276,202",a aggressive charger,"178,264,359,465",,,,
1209,attribute_binding,a red bus and a pink cat,a red bus,"86,252,294,465",a pink cat,"299,231,422,360",,,,
1210,attribute_binding,a wooden tie and a red sock,a wooden tie,"211,9,388,133",a red sock,"51,102,179,332",,,,
1211,attribute_binding,a fast parking meter and a blue motorcycle,a fast parking meter,"212,321,394,477",a blue motorcycle,"186,4,323,247",,,,
1212,attribute_binding,a snowy car and a rough glass,a snowy car,"167,276,338,425",a rough glass,"356,126,494,368",,,,
1213,attribute_binding,a black bed and a happy carrot,a black bed,"186,234,376,373",a happy carrot,"226,30,405,172",,,,
1214,attribute_binding,a large boat and a fluffy monitor,a large boat,"78,127,325,279",a fluffy monitor,"379,308,501,445",,,,
1215,attribute_binding,a wooden train and a aggressive ruler,a wooden train,"183,80,416,288",a aggressive ruler,"2,69,136,216",,,,
1216,attribute_binding,a snowy desk and a fast glass,a snowy desk,"43,193,293,421",a fast glass,"310,104,454,347",,,,
1217,attribute_binding,a fast boy and a rotten motorcycle,a fast boy,"274,228,441,397",a rotten motorcycle,"70,38,300,201",,,,
1218,attribute_binding,a fast cat and a snowy plant,a fast cat,"251,312,498,492",a snowy plant,"22,37,251,271",,,,
1219,attribute_binding,a fluffy toothbrush and a dark screwdriver,a fluffy toothbrush,"64,97,305,265",a dark screwdriver,"321,209,508,459",,,,
1220,attribute_binding,a shiny blender and a fast leaf,a shiny blender,"54,157,183,320",a fast leaf,"347,101,495,255",,,,
1221,attribute_binding,a pink bird and a soft zebra,a pink bird,"278,49,441,238",a soft zebra,"13,349,262,480",,,,
1222,attribute_binding,a snowy boat and a white ruler,a snowy boat,"288,267,447,421",a white ruler,"6,42,175,268",,,,
1223,attribute_binding,a aggressive tiger and a bright suitcase,a aggressive tiger,"257,331,455,512",a bright suitcase,"316,126,439,283",,,,
1224,attribute_binding,a yellow baby and a rotten wallet,a yellow baby,"161,74,298,318",a rotten wallet,"17,72,155,255",,,,
1225,attribute_binding,a fluffy crocodile and a snowy basket,a fluffy crocodile,"192,14,331,212",a snowy basket,"29,254,191,436",,,,
1226,attribute_binding,an fluffy oak and a fast platypus,an fluffy oak,"291,159,470,350",a fast platypus,"14,246,217,425",,,,
1227,attribute_binding,a tall bed and a blue truck,a tall bed,"96,164,261,409",a blue truck,"247,3,490,127",,,,
1228,attribute_binding,a blue car and a silver horse,a blue car,"292,24,456,193",a silver horse,"44,277,277,449",,,,
1229,attribute_binding,a red mouse and a snowy hat,a red mouse,"141,38,302,162",a snowy hat,"313,191,433,333",,,,
1230,attribute_binding,a clean lamp and a dark ring,a clean lamp,"238,20,361,261",a dark ring,"20,245,225,452",,,,
1231,attribute_binding,a crowded tree and an tall oven,a crowded tree,"200,201,409,450",an tall oven,"203,3,341,171",,,,
1232,attribute_binding,a blue screwdriver and a fast door,a blue screwdriver,"166,163,312,301",a fast door,"365,18,492,195",,,,
1233,attribute_binding,a snowy keyboard and a blue tennis racket,a snowy keyboard,"48,184,206,374",a blue tennis racket,"288,158,434,298",,,,
1234,attribute_binding,a bright table and an tall umbrella,a bright table,"217,134,436,368",an tall umbrella,"53,276,213,490",,,,
1235,attribute_binding,a blue laptop and an short hot-dog,a blue laptop,"196,70,442,304",an short hot-dog,"225,333,394,474",,,,
1236,attribute_binding,a yellow cellphone and a rough giraffe,a yellow cellphone,"273,175,406,308",a rough giraffe,"124,77,257,213",,,,
1237,attribute_binding,a fuzzy tiger and a shiny motorcycle,a fuzzy tiger,"114,57,348,269",a shiny motorcycle,"221,374,370,502",,,,
1238,attribute_binding,a clean spoon and a yellow shirt,a clean spoon,"165,159,381,384",a yellow shirt,"378,21,511,145",,,,
1239,attribute_binding,a blue bear and a wooden watch,a blue bear,"245,157,489,322",a wooden watch,"94,347,320,480",,,,
1240,attribute_binding,a yellow ladder and a small ring,a yellow ladder,"359,201,484,355",a small ring,"13,294,157,438",,,,
1241,attribute_binding,a red cat and a dark banana,a red cat,"1,262,231,450",a dark banana,"276,194,500,331",,,,
1242,attribute_binding,a yellow baby and a red lamp,a yellow baby,"123,272,336,401",a red lamp,"306,23,433,191",,,,
1243,attribute_binding,a blue bed and a pink bear,a blue bed,"199,211,378,379",a pink bear,"59,353,180,488",,,,
1244,attribute_binding,an crowded umbrella and a silver bear,an crowded umbrella,"277,328,457,484",a silver bear,"159,36,299,268",,,,
1245,attribute_binding,a red pan and a dark remote,a red pan,"218,277,409,405",a dark remote,"71,6,228,250",,,,
1246,attribute_binding,a short microwave and a snowy hair drier,a short microwave,"236,127,391,321",a snowy hair drier,"88,5,227,232",,,,
1247,attribute_binding,a tall teddy bear and a black horse,a tall teddy bear,"183,208,420,412",a black horse,"23,282,158,440",,,,
1248,attribute_binding,a shiny lamp and a fluffy television,a shiny lamp,"329,14,484,211",a fluffy television,"67,258,308,460",,,,
1249,attribute_binding,a tall traffic light and a clean motorcycle,a tall traffic light,"132,141,365,317",a clean motorcycle,"24,331,154,454",,,,
1250,attribute_binding,a red flower and a pink pan,a red flower,"260,67,427,263",a pink pan,"288,269,486,459",,,,
1251,attribute_binding,a soft skyscraper and a large television,a soft skyscraper,"98,131,266,252",a large television,"158,277,406,491",,,,
1252,attribute_binding,a dark cake and a yellow television,a dark cake,"349,248,495,489",a yellow television,"131,294,303,452",,,,
1253,attribute_binding,a small hair drier and a smooth hammer,a small hair drier,"208,135,336,341",a smooth hammer,"16,60,192,300",,,,
1254,attribute_binding,a bright skyscraper and a happy watch,a bright skyscraper,"34,279,279,491",a happy watch,"323,97,448,293",,,,
1255,attribute_binding,a shiny laptop and a bright bottle,a shiny laptop,"57,151,267,355",a bright bottle,"315,183,495,390",,,,
1256,attribute_binding,a pink mushroom and a yellow printer,a pink mushroom,"327,161,467,406",a yellow printer,"115,259,297,475",,,,
1257,attribute_binding,a tall baseball glove and a happy bucket,a tall baseball glove,"38,180,248,328",a happy bucket,"277,92,507,282",,,,
1258,attribute_binding,a red tree and a bright toilet,a red tree,"167,122,297,249",a bright toilet,"4,139,134,312",,,,
1259,attribute_binding,a yellow guitar and a small mushroom,a yellow guitar,"284,131,487,333",a small mushroom,"38,210,261,449",,,,
1260,attribute_binding,a fast person and a short soap,a fast person,"262,316,444,488",a short soap,"79,289,209,443",,,,
1261,attribute_binding,a fast pillow and a yellow remote,a fast pillow,"194,104,360,305",a yellow remote,"47,89,191,259",,,,
1262,attribute_binding,a happy traffic light and a dark turtle,a happy traffic light,"305,333,473,483",a dark turtle,"84,141,333,298",,,,
1263,attribute_binding,a yellow tape and a green printer,a yellow tape,"24,133,198,283",a green printer,"12,305,132,433",,,,
1264,attribute_binding,a white rose and a dark bed,a white rose,"222,9,424,228",a dark bed,"32,120,157,286",,,,
1265,attribute_binding,a white skyscraper and an crowded elephant,a white skyscraper,"96,90,294,311",an crowded elephant,"357,4,493,186",,,,
1266,attribute_binding,a smooth platypus and a soft baseball bat,a smooth platypus,"233,20,412,222",a soft baseball bat,"178,242,418,478",,,,
1267,attribute_binding,a yellow spoon and a tall broom,a yellow spoon,"29,225,190,456",a tall broom,"271,44,511,260",,,,
1268,attribute_binding,a green skateboard and a yellow sock,a green skateboard,"237,150,409,328",a yellow sock,"38,67,207,299",,,,
1269,attribute_binding,a tall skateboard and a red motorcycle,a tall skateboard,"15,176,208,386",a red motorcycle,"286,311,433,464",,,,
1270,attribute_binding,a pink pizza and a snowy bin,a pink pizza,"235,61,457,206",a snowy bin,"330,238,450,403",,,,
1271,attribute_binding,a fluffy knife and a snowy desk,a fluffy knife,"250,88,371,267",a snowy desk,"41,192,222,375",,,,
1272,attribute_binding,a shiny beetle and a green notebook,a shiny beetle,"80,174,273,332",a green notebook,"294,316,504,474",,,,
1273,attribute_binding,a rough shampoo and a dark bucket,a rough shampoo,"17,64,216,245",a dark bucket,"153,250,340,422",,,,
1274,attribute_binding,a small cow and an wooden umbrella,a small cow,"84,306,271,481",an wooden umbrella,"307,148,486,299",,,,
1275,attribute_binding,a happy rose and a smooth sheep,a happy rose,"129,203,321,413",a smooth sheep,"157,5,367,173",,,,
1276,attribute_binding,a fluffy bird and a shiny surfboard,a fluffy bird,"34,8,158,234",a shiny surfboard,"207,280,457,405",,,,
1277,attribute_binding,a black screwdriver and a red printer,a black screwdriver,"253,173,469,343",a red printer,"59,171,179,352",,,,
1278,attribute_binding,a pink cat and a white sheep,a pink cat,"3,41,158,205",a white sheep,"56,315,255,491",,,,
1279,attribute_binding,a crowded car and a bright baseball glove,a crowded car,"220,85,440,222",a bright baseball glove,"25,295,195,496",,,,
1280,attribute_binding,"a yellow bird, a happy mouse and a rotten bin",a yellow bird,"187,111,318,273",a happy mouse,"314,326,429,469",a rotten bin,"388,45,511,219",,
1281,attribute_binding,"a bright teddy bear, a green ladder and a silver glass",a bright teddy bear,"68,7,218,142",a green ladder,"310,262,485,364",a silver glass,"322,13,470,132",,
1282,attribute_binding,"a fast train, a fuzzy crocodile and a short sock",a fast train,"133,305,240,413",a fuzzy crocodile,"138,8,265,117",a short sock,"83,178,208,297",,
1283,attribute_binding,"a blue sheep, an rough umbrella and a silver hair drier",a blue sheep,"252,157,394,323",an rough umbrella,"113,348,223,477",a silver hair drier,"35,184,139,292",,
1284,attribute_binding,"a smooth leaf, a bright monitor and a shiny sock",a smooth leaf,"85,236,195,348",a bright monitor,"322,62,488,240",a shiny sock,"217,368,336,485",,
1285,attribute_binding,"a clean bicycle, a soft car and a yellow flower",a clean bicycle,"277,283,454,416",a soft car,"136,21,290,135",a yellow flower,"124,358,255,486",,
1286,attribute_binding,"a fuzzy person, a bright tiger and a fast printer",a fuzzy person,"250,150,350,295",a bright tiger,"238,341,361,510",a fast printer,"85,101,229,279",,
1287,attribute_binding,"a warm skyscraper, a small handbag and a green sock",a warm skyscraper,"297,332,412,502",a small handbag,"219,60,346,223",a green sock,"61,274,240,395",,
1288,attribute_binding,"a green spoon, a large candle and a fuzzy blender",a green spoon,"43,43,175,181",a large candle,"237,392,388,512",a fuzzy blender,"117,196,258,355",,
1289,attribute_binding,"a aggressive skyscraper, a blue toothbrush and a snowy tennis racket",a aggressive skyscraper,"173,51,342,163",a blue toothbrush,"148,184,273,310",a snowy tennis racket,"76,394,256,506",,
1290,attribute_binding,"a snowy bird, a shiny guitar and a silver mug",a snowy bird,"207,95,316,216",a shiny guitar,"132,276,258,416",a silver mug,"356,141,479,290",,
1291,attribute_binding,"a warm ball, a fast sock and a rough glass",a warm ball,"239,61,415,213",a fast sock,"118,285,286,455",a rough glass,"84,48,232,212",,
1292,attribute_binding,"a short laptop, a rough baseball bat and a pink door",a short laptop,"163,67,264,201",a rough baseball bat,"274,275,376,453",a pink door,"348,56,498,216",,
1293,attribute_binding,"a blue dog, a rotten traffic light and a fuzzy desk",a blue dog,"207,310,385,484",a rotten traffic light,"63,77,191,240",a fuzzy desk,"56,298,183,434",,
1294,attribute_binding,"a large donut, a dark parking meter and a wooden tennis racket",a large donut,"97,179,224,358",a dark parking meter,"342,48,449,185",a wooden tennis racket,"346,289,449,389",,
1295,attribute_binding,"a shiny tree, a black table and a crowded mouse",a shiny tree,"0,166,178,305",a black table,"232,391,345,499",a crowded mouse,"234,212,382,390",,
1296,attribute_binding,"a tall plant, a fluffy sink and a yellow speaker",a tall plant,"38,293,200,416",a fluffy sink,"357,261,510,367",a yellow speaker,"241,380,344,508",,
1297,attribute_binding,"a snowy guitar, a pink cake and a red tape",a snowy guitar,"290,342,430,463",a pink cake,"220,146,352,261",a red tape,"42,265,201,441",,
1298,attribute_binding,"a soft stop sign, a smooth sink and a aggressive soap",a soft stop sign,"21,346,133,470",a smooth sink,"29,165,209,296",a aggressive soap,"231,311,368,443",,
1299,attribute_binding,"a wooden skateboard, a warm fire hydrant and a smooth basket",a wooden skateboard,"70,348,186,469",a warm fire hydrant,"142,3,253,170",a smooth basket,"376,268,498,380",,
1300,attribute_binding,"a yellow microwave, a white vase and a dark flashlight",a yellow microwave,"246,131,361,241",a white vase,"192,336,319,480",a dark flashlight,"84,219,189,344",,
1301,attribute_binding,"a soft banana, an rough oven and a black frisbee",a soft banana,"361,65,497,209",an rough oven,"118,217,297,355",a black frisbee,"107,89,258,210",,
1302,attribute_binding,"a shiny truck, a smooth candle and a clean watch",a shiny truck,"117,295,257,436",a smooth candle,"4,134,104,278",a clean watch,"139,108,313,238",,
1303,attribute_binding,"a short toothbrush, a smooth flower and a silver printer",a short toothbrush,"301,182,457,315",a smooth flower,"111,369,251,481",a silver printer,"86,102,232,260",,
1304,attribute_binding,"a bright suitcase, a smooth pan and a fast bucket",a bright suitcase,"169,89,269,234",a smooth pan,"291,196,452,367",a fast bucket,"123,274,236,411",,
1305,attribute_binding,"a fluffy sandwich, a happy bowl and a fuzzy ring",a fluffy sandwich,"403,25,506,133",a happy bowl,"9,236,170,409",a fuzzy ring,"207,101,353,272",,
1306,attribute_binding,"a rotten plant, a green parking meter and a wooden teddy bear",a rotten plant,"52,53,171,196",a green parking meter,"328,125,466,237",a wooden teddy bear,"160,241,305,388",,
1307,attribute_binding,"a wooden snowboard, a fluffy basket and a shiny bin",a wooden snowboard,"68,168,188,319",a fluffy basket,"302,243,405,403",a shiny bin,"95,344,266,466",,
1308,attribute_binding,"a yellow bottle, a happy toothbrush and a green bowl",a yellow bottle,"194,226,328,349",a happy toothbrush,"178,54,338,160",a green bowl,"58,20,166,176",,
1309,attribute_binding,"a clean toilet, a smooth flower and a fluffy giraffe",a clean toilet,"65,94,190,204",a smooth flower,"172,305,333,467",a fluffy giraffe,"287,136,455,303",,
1310,attribute_binding,"a fuzzy horse, a shiny tennis racket and a pink leaf",a fuzzy horse,"25,194,148,310",a shiny tennis racket,"87,42,267,175",a pink leaf,"277,285,385,454",,
1311,attribute_binding,"a tall fire hydrant, a yellow sink and a soft hat",a tall fire hydrant,"199,208,334,378",a yellow sink,"331,65,487,180",a soft hat,"375,372,482,476",,
1312,attribute_binding,"a snowy person, a yellow ruler and a tall speaker",a snowy person,"46,78,216,203",a yellow ruler,"255,226,377,376",a tall speaker,"327,48,504,223",,
1313,attribute_binding,"an soft hot-dog, an yellow elephant and a rotten drill",an soft hot-dog,"3,396,138,507",an yellow elephant,"380,101,489,276",a rotten drill,"278,363,457,497",,
1314,attribute_binding,"a red bird, a snowy charger and a bright ring",a red bird,"205,25,327,174",a snowy charger,"345,47,471,206",a bright ring,"220,236,362,413",,
1315,attribute_binding,"a large bus, a fluffy banana and a blue remote",a large bus,"320,100,486,205",a fluffy banana,"56,307,166,433",a blue remote,"170,81,306,260",,
1316,attribute_binding,"a fast lamp, a bright toilet and a crowded cake",a fast lamp,"312,213,447,315",a bright toilet,"105,292,283,408",a crowded cake,"7,90,179,231",,
1317,attribute_binding,"a wooden bed, a fast dog and a short refrigerator",a wooden bed,"326,30,431,159",a fast dog,"210,345,329,464",a short refrigerator,"28,93,197,217",,
1318,attribute_binding,"a crowded kite, a smooth snowboard and a dark desk",a crowded kite,"294,246,410,375",a smooth snowboard,"322,39,450,191",a dark desk,"178,29,308,194",,
1319,attribute_binding,"a rotten chair, a fast pillow and a large bucket",a rotten chair,"80,86,187,224",a fast pillow,"214,222,340,348",a large bucket,"261,106,366,217",,
1320,attribute_binding,"an large umbrella, a snowy baseball bat and a rotten shower",an large umbrella,"8,103,169,211",a snowy baseball bat,"353,111,478,243",a rotten shower,"31,285,210,423",,
1321,attribute_binding,"a fast person, a crowded train and a green fire hydrant",a fast person,"54,293,225,409",a crowded train,"83,44,211,170",a green fire hydrant,"227,238,351,347",,
1322,attribute_binding,"a yellow mushroom, a large mug and a blue remote",a yellow mushroom,"201,188,310,316",a large mug,"352,89,478,193",a blue remote,"179,395,288,499",,
1323,attribute_binding,"a dark zebra, a fluffy monitor and a short soap",a dark zebra,"382,57,491,223",a fluffy monitor,"246,216,358,341",a short soap,"45,201,146,365",,
1324,attribute_binding,"a short baby, a bright clock and a soft spoon",a short baby,"268,378,433,503",a bright clock,"307,45,409,220",a soft spoon,"76,134,182,312",,
1325,attribute_binding,"a bright bed, a rotten chair and a rough mushroom",a bright bed,"182,238,299,361",a rotten chair,"23,70,200,211",a rough mushroom,"304,21,411,186",,
1326,attribute_binding,"a large baby, a crowded kite and a silver printer",a large baby,"5,134,134,247",a crowded kite,"247,105,391,216",a silver printer,"161,337,293,466",,
1327,attribute_binding,"a blue baby, a small snowboard and a snowy scarf",a blue baby,"273,374,383,486",a small snowboard,"145,230,284,335",a snowy scarf,"118,36,274,155",,
1328,attribute_binding,"a wooden train, a snowy motorcycle and a large shampoo",a wooden train,"322,109,470,237",a snowy motorcycle,"136,5,286,158",a large shampoo,"261,259,397,410",,
1329,attribute_binding,"a dark lamp, a silver donut and a bright speaker",a dark lamp,"209,153,335,324",a silver donut,"355,339,457,500",a bright speaker,"391,199,505,304",,
1330,attribute_binding,"a red bird, a dark candle and a clean curtain",a red bird,"221,319,339,478",a dark candle,"357,162,505,281",a clean curtain,"172,177,330,312",,
1331,attribute_binding,"a wooden bed, a fluffy cake and a green pan",a wooden bed,"217,241,381,414",a fluffy cake,"25,14,142,142",a green pan,"254,38,418,157",,
1332,attribute_binding,"a large spoon, an small oven and a tall ball",a large spoon,"166,285,322,434",an small oven,"224,24,395,199",a tall ball,"369,312,491,443",,
1333,attribute_binding,"a aggressive train, a rotten sandwich and a red motorcycle",a aggressive train,"133,250,265,356",a rotten sandwich,"168,109,317,232",a red motorcycle,"295,247,438,364",,
1334,attribute_binding,"a tall mushroom, a fuzzy hammer and a fast remote",a tall mushroom,"173,135,323,272",a fuzzy hammer,"338,181,493,311",a fast remote,"112,302,244,420",,
1335,attribute_binding,"a soft carrot, a red broom and a happy flashlight",a soft carrot,"251,40,420,187",a red broom,"18,94,165,197",a happy flashlight,"62,281,218,440",,
1336,attribute_binding,"a rotten skateboard, a silver ruler and a soft desk",a rotten skateboard,"156,304,318,449",a silver ruler,"334,167,488,284",a soft desk,"124,103,261,209",,
1337,attribute_binding,"a rough microwave, a black baseball bat and a crowded tiger",a rough microwave,"154,250,325,423",a black baseball bat,"274,102,441,221",a crowded tiger,"104,61,262,179",,
1338,attribute_binding,"a white skyscraper, a fluffy tree and a aggressive flower",a white skyscraper,"178,350,310,502",a fluffy tree,"9,213,142,369",a aggressive flower,"167,102,344,261",,
1339,attribute_binding,"a tall shoe, a fluffy ladder and a happy door",a tall shoe,"35,330,174,487",a fluffy ladder,"314,136,470,275",a happy door,"26,88,153,193",,
1340,attribute_binding,"a wooden skyscraper, a clean parking meter and a fluffy spoon",a wooden skyscraper,"185,94,318,198",a clean parking meter,"183,290,289,428",a fluffy spoon,"1,401,125,503",,
1341,attribute_binding,"an blue elephant, a fluffy bin and a aggressive sock",an blue elephant,"150,287,287,439",a fluffy bin,"170,59,343,177",a aggressive sock,"320,206,481,344",,
1342,attribute_binding,"a snowy charger, a tall bin and a small watch",a snowy charger,"64,215,199,390",a tall bin,"277,242,386,346",a small watch,"357,38,462,172",,
1343,attribute_binding,"a warm table, a small baseball bat and a tall hair drier",a warm table,"325,69,481,242",a small baseball bat,"145,332,286,504",a tall hair drier,"85,91,231,201",,
1344,attribute_binding,"a rough flower, a aggressive broom and a happy toolbox",a rough flower,"49,198,211,330",a aggressive broom,"171,86,335,188",a happy toolbox,"357,13,459,145",,
1345,attribute_binding,"an rough apple, a clean fire hydrant and a pink television",an rough apple,"128,235,236,372",a clean fire hydrant,"378,215,484,375",a pink television,"5,310,108,475",,
1346,attribute_binding,"a pink cat, a tall bottle and a small skateboard",a pink cat,"137,159,289,283",a tall bottle,"300,306,423,437",a small skateboard,"154,290,286,463",,
1347,attribute_binding,"a fuzzy book, a rough tie and a crowded plate",a fuzzy book,"299,103,421,236",a rough tie,"82,303,255,477",a crowded plate,"25,76,134,216",,
1348,attribute_binding,"a rough baby, a small boy and a blue candle",a rough baby,"261,389,391,504",a small boy,"285,0,443,129",a blue candle,"235,212,407,312",,
1349,attribute_binding,"a snowy toilet, an bright oven and a happy monitor",a snowy toilet,"252,206,425,343",an bright oven,"82,332,251,489",a happy monitor,"31,54,175,213",,
1350,attribute_binding,"a pink chair, a soft skateboard and a smooth toaster",a pink chair,"337,47,438,197",a soft skateboard,"2,202,176,374",a smooth toaster,"359,277,490,426",,
1351,attribute_binding,"a clean pillow, a green flashlight and a dark toolbox",a clean pillow,"136,184,260,320",a green flashlight,"73,335,208,494",a dark toolbox,"179,41,342,167",,
1352,attribute_binding,"a wooden stop sign, a fast turtle and a clean hammer",a wooden stop sign,"254,321,392,460",a fast turtle,"33,52,171,153",a clean hammer,"326,48,473,155",,
1353,attribute_binding,"a green baby, an silver elephant and a rotten hat",a green baby,"263,58,403,165",an silver elephant,"281,218,397,393",a rotten hat,"19,334,182,452",,
1354,attribute_binding,"a yellow book, a clean traffic light and a wooden toolbox",a yellow book,"79,295,213,399",a clean traffic light,"367,342,499,508",a wooden toolbox,"135,14,267,124",,
1355,attribute_binding,"a fuzzy baby, a black suitcase and a rotten tape",a fuzzy baby,"101,257,260,396",a black suitcase,"4,23,133,156",a rotten tape,"318,154,430,326",,
1356,attribute_binding,"a yellow bus, a bright platypus and a rough plate",a yellow bus,"40,12,203,169",a bright platypus,"63,182,196,302",a rough plate,"342,198,451,351",,
1357,attribute_binding,"a large car, a rough boy and an tall hot-dog",a large car,"214,52,326,194",a rough boy,"97,284,244,388",an tall hot-dog,"284,318,394,447",,
1358,attribute_binding,"a white rose, a blue train and a fluffy tie",a white rose,"329,165,494,278",a blue train,"93,112,226,247",a fluffy tie,"83,346,198,446",,
1359,attribute_binding,"a happy car, a soft cat and a shiny backpack",a happy car,"334,276,486,394",a soft cat,"60,321,191,487",a shiny backpack,"134,53,269,195",,
1360,attribute_binding,"a black frisbee, a dark candle and a rough speaker",a black frisbee,"1,72,170,223",a dark candle,"204,256,328,392",a rough speaker,"221,19,396,144",,
1361,attribute_binding,"a warm toilet, a happy vase and a wooden snowboard",a warm toilet,"38,180,191,289",a happy vase,"368,103,509,277",a wooden snowboard,"346,348,475,482",,
1362,attribute_binding,"a red dog, an rotten umbrella and a short baseball glove",a red dog,"205,187,337,330",an rotten umbrella,"0,190,139,365",a short baseball glove,"226,356,327,458",,
1363,attribute_binding,"a rotten hair drier, a fuzzy frisbee and a clean bucket",a rotten hair drier,"258,140,395,262",a fuzzy frisbee,"172,335,298,484",a clean bucket,"321,296,467,447",,
1364,attribute_binding,"a white vase, a aggressive tennis racket and a smooth monitor",a white vase,"191,124,370,287",a aggressive tennis racket,"117,310,282,490",a smooth monitor,"28,45,159,193",,
1365,attribute_binding,"a smooth bird, a wooden parking meter and a large leaf",a smooth bird,"98,79,220,199",a wooden parking meter,"22,363,183,478",a large leaf,"273,309,449,447",,
1366,attribute_binding,"a aggressive book, a red baseball glove and a happy drill",a aggressive book,"110,60,247,221",a red baseball glove,"92,375,213,478",a happy drill,"300,172,429,340",,
1367,attribute_binding,"a clean cat, a black mouse and a shiny pillow",a clean cat,"142,302,282,404",a black mouse,"377,220,494,325",a shiny pillow,"59,57,223,214",,
1368,attribute_binding,"a blue turtle, a red ball and a yellow drill",a blue turtle,"121,158,227,302",a red ball,"276,60,405,238",a yellow drill,"282,341,433,473",,
1369,attribute_binding,"a snowy hat, a white wallet and a pink door",a snowy hat,"364,142,503,318",a white wallet,"150,155,306,284",a pink door,"36,5,186,137",,
1370,attribute_binding,"a silver boat, a crowded wallet and a bright glass",a silver boat,"227,313,360,441",a crowded wallet,"60,332,202,443",a bright glass,"30,63,173,175",,
1371,attribute_binding,"a clean dog, a shiny kite and a black truck",a clean dog,"208,275,337,415",a shiny kite,"65,359,196,499",a black truck,"175,31,336,142",,
1372,attribute_binding,"an large apple, a black plate and a crowded blender",an large apple,"174,27,341,172",a black plate,"205,212,329,392",a crowded blender,"365,13,480,181",,
1373,attribute_binding,"a fluffy couch, a fuzzy kite and an yellow elephant",a fluffy couch,"198,280,298,422",a fuzzy kite,"120,9,245,123",an yellow elephant,"358,338,506,473",,
1374,attribute_binding,"a crowded keyboard, an dark elephant and a soft ball",a crowded keyboard,"379,90,490,212",an dark elephant,"89,311,212,463",a soft ball,"1,31,175,150",,
1375,attribute_binding,"a fluffy boat, a white spoon and a rotten tape",a fluffy boat,"290,275,468,406",a white spoon,"22,27,159,161",a rotten tape,"101,232,216,349",,
1376,attribute_binding,"a green mushroom, a shiny shoe and a yellow scarf",a green mushroom,"207,274,347,429",a shiny shoe,"255,88,402,237",a yellow scarf,"53,317,157,463",,
1377,attribute_binding,"a bright kite, a tall shampoo and a rough refrigerator",a bright kite,"40,215,180,359",a tall shampoo,"202,110,358,268",a rough refrigerator,"365,247,504,413",,
1378,attribute_binding,"a black vase, a rough flashlight and a blue remote",a black vase,"272,158,421,319",a rough flashlight,"44,348,177,489",a blue remote,"104,39,271,148",,
1379,attribute_binding,"a fluffy charger, a green scarf and a happy glass",a fluffy charger,"165,141,275,276",a green scarf,"73,377,226,481",a happy glass,"281,257,423,368",,
1380,attribute_binding,"a rotten table, a fluffy spoon and a pink mushroom",a rotten table,"241,95,411,273",a fluffy spoon,"13,277,118,448",a pink mushroom,"42,74,150,254",,
1381,attribute_binding,"a rotten broom, a large snowboard and a small backpack",a rotten broom,"156,212,292,313",a large snowboard,"132,317,274,476",a small backpack,"47,20,214,156",,
1382,attribute_binding,"a dark skyscraper, a smooth broom and a fuzzy ruler",a dark skyscraper,"41,109,172,210",a smooth broom,"314,35,473,215",a fuzzy ruler,"70,240,215,420",,
1383,attribute_binding,"a crowded toilet, a white platypus and a fluffy knife",a crowded toilet,"153,109,270,241",a white platypus,"251,246,387,415",a fluffy knife,"300,37,426,159",,
1384,attribute_binding,"a red rose, a dark bottle and a fluffy ring",a red rose,"251,129,392,276",a dark bottle,"306,322,431,492",a fluffy ring,"173,13,351,122",,
1385,attribute_binding,"an snowy umbrella, a fluffy cake and a black soap",an snowy umbrella,"327,104,467,216",a fluffy cake,"39,337,161,510",a black soap,"65,210,218,319",,
1386,attribute_binding,"a silver skyscraper, a dark spoon and a large notebook",a silver skyscraper,"396,289,509,407",a dark spoon,"199,336,369,449",a large notebook,"215,32,383,159",,
1387,attribute_binding,"a black baseball bat, a dark mushroom and a fluffy curtain",a black baseball bat,"320,222,489,347",a dark mushroom,"128,301,276,470",a fluffy curtain,"14,89,142,235",,
1388,attribute_binding,"a fluffy teddy bear, a snowy tape and a smooth backpack",a fluffy teddy bear,"175,59,284,161",a snowy tape,"8,305,183,451",a smooth backpack,"382,19,497,190",,
1389,attribute_binding,"a green mushroom, a aggressive pan and a happy backpack",a green mushroom,"325,281,426,447",a aggressive pan,"136,337,264,512",a happy backpack,"12,49,183,224",,
1390,attribute_binding,"a rotten chair, a snowy parking meter and a wooden shampoo",a rotten chair,"147,139,248,282",a snowy parking meter,"46,353,201,487",a wooden shampoo,"249,183,349,333",,
1391,attribute_binding,"a dark stop sign, a snowy parking meter and a aggressive shirt",a dark stop sign,"283,75,439,184",a snowy parking meter,"231,307,390,453",a aggressive shirt,"2,19,120,126",,
1392,attribute_binding,"a bright bed, a rough sheep and a wooden shampoo",a bright bed,"246,253,396,400",a rough sheep,"134,0,297,130",a wooden shampoo,"78,267,183,425",,
1393,attribute_binding,"a white lamp, a red toothbrush and a rotten soap",a white lamp,"240,369,399,469",a red toothbrush,"2,0,166,142",a rotten soap,"258,107,416,242",,
1394,attribute_binding,"a short rose, a rough suitcase and a snowy mug",a short rose,"244,217,424,338",a rough suitcase,"20,38,133,156",a snowy mug,"25,317,184,433",,
1395,attribute_binding,"a smooth book, an fast oven and a shiny scarf",a smooth book,"226,347,340,483",an fast oven,"309,192,436,332",a shiny scarf,"70,348,192,463",,
1396,attribute_binding,"a fast platypus, a bright ball and a yellow ring",a fast platypus,"328,162,463,265",a bright ball,"158,158,292,309",a yellow ring,"95,338,270,443",,
1397,attribute_binding,"a large baseball glove, a red suitcase and a fuzzy cake",a large baseball glove,"323,319,434,424",a red suitcase,"358,47,482,182",a fuzzy cake,"53,347,191,460",,
1398,attribute_binding,"a small beetle, a happy couch and a smooth monitor",a small beetle,"196,148,353,271",a happy couch,"301,309,467,483",a smooth monitor,"354,141,492,294",,
1399,attribute_binding,"a tall skyscraper, a small crocodile and a fuzzy glass",a tall skyscraper,"34,311,212,474",a small crocodile,"239,242,387,395",a fuzzy glass,"194,104,333,221",,
1400,attribute_binding,"a blue spoon, a smooth bowl and a fluffy ball",a blue spoon,"355,140,501,258",a smooth bowl,"139,310,280,474",a fluffy ball,"154,29,329,136",,
1401,attribute_binding,"a yellow keyboard, a happy motorcycle and a white ring",a yellow keyboard,"319,9,441,132",a happy motorcycle,"71,92,209,199",a white ring,"334,304,503,461",,
1402,attribute_binding,"a red platypus, a green ball and a crowded soap",a red platypus,"308,133,452,247",a green ball,"37,296,167,473",a crowded soap,"265,284,424,416",,
1403,attribute_binding,"a rough broom, a dark fork and a fuzzy curtain",a rough broom,"190,22,316,137",a dark fork,"152,249,294,369",a fuzzy curtain,"328,286,463,450",,
1404,attribute_binding,"a shiny dog, a white remote and a small soap",a shiny dog,"333,381,466,503",a white remote,"343,98,462,264",a small soap,"108,107,244,286",,
1405,attribute_binding,"a rough dog, an pink oven and a tall television",a rough dog,"13,160,155,331",an pink oven,"368,354,485,496",a tall television,"184,30,316,163",,
1406,attribute_binding,"a tall vase, a yellow charger and a fluffy bin",a tall vase,"188,151,294,305",a yellow charger,"54,155,165,275",a fluffy bin,"2,396,170,496",,
1407,attribute_binding,"a warm rose, a dark vase and a red blender",a warm rose,"81,103,181,243",a dark vase,"353,204,500,348",a red blender,"349,356,483,502",,
1408,attribute_binding,"a clean bird, a snowy toothbrush, a shiny bear and a black fire hydrant",a clean bird,"82,354,212,456",a snowy toothbrush,"386,143,483,238",a shiny bear,"244,367,329,474",a black fire hydrant,"326,16,411,96"
1409,attribute_binding,"a warm microwave, a smooth tie, a rotten blender and a tall refrigerator",a warm microwave,"378,374,503,483",a smooth tie,"123,54,262,136",a rotten blender,"146,274,231,403",a tall refrigerator,"313,16,409,146"
1410,attribute_binding,"a fuzzy bird, an happy apple, a yellow basket and a shiny backpack",a fuzzy bird,"339,217,452,307",an happy apple,"117,230,198,311",a yellow basket,"214,21,302,141",a shiny backpack,"201,300,318,397"
1411,attribute_binding,"a rotten book, a wooden keyboard, a fuzzy baseball bat and a bright ball",a rotten book,"25,389,169,492",a wooden keyboard,"339,213,457,313",a fuzzy baseball bat,"236,13,341,132",a bright ball,"62,185,172,281"
1412,attribute_binding,"a smooth couch, a crowded cake, a warm scarf and a black desk",a smooth couch,"42,251,130,351",a crowded cake,"373,169,506,259",a warm scarf,"271,341,364,427",a black desk,"380,21,506,153"
1413,attribute_binding,"a happy donut, a warm crocodile, a smooth plate and a fluffy soap",a happy donut,"373,126,496,227",a warm crocodile,"6,327,98,456",a smooth plate,"260,379,391,484",a fluffy soap,"191,146,273,230"
1414,attribute_binding,"a warm toilet, a rough vase, a fuzzy motorcycle and a soft ball",a warm toilet,"163,131,247,254",a rough vase,"167,275,253,358",a fuzzy motorcycle,"9,345,124,468",a soft ball,"361,133,452,237"
1415,attribute_binding,"a happy baseball glove, a silver hat, a rotten ruler and a aggressive bin",a happy baseball glove,"12,129,151,227",a silver hat,"27,320,177,451",a rotten ruler,"262,297,406,429",a aggressive bin,"189,65,312,170"
1416,attribute_binding,"a fluffy baseball bat, a rough knife, a small hammer and a dark toolbox",a fluffy baseball bat,"29,271,160,401",a rough knife,"350,272,470,407",a small hammer,"89,34,230,178",a dark toolbox,"316,155,434,271"
1417,attribute_binding,"a soft baby, a large toothbrush, a short baseball bat and a dark bowl",a soft baby,"5,205,143,313",a large toothbrush,"253,212,369,325",a short baseball bat,"21,4,155,129",a dark bowl,"178,343,313,489"
1418,attribute_binding,"a dark skateboard, a white giraffe, a soft hammer and a fast wallet",a dark skateboard,"105,253,202,339",a white giraffe,"193,17,308,120",a soft hammer,"346,233,464,345",a fast wallet,"402,134,502,225"
1419,attribute_binding,"a snowy sheep, a soft mug, a crowded pan and a dark blender",a snowy sheep,"208,331,313,434",a soft mug,"105,161,235,248",a crowded pan,"0,352,125,477",a dark blender,"331,288,468,407"
1420,attribute_binding,"a large donut, a pink teddy bear, a aggressive shirt and a short blender",a large donut,"156,46,277,127",a pink teddy bear,"47,175,167,290",a aggressive shirt,"283,163,370,248",a short blender,"392,156,496,249"
1421,attribute_binding,"a shiny pizza, a pink sock, a large printer and a white glass",a shiny pizza,"175,364,272,476",a pink sock,"121,190,268,284",a large printer,"349,330,454,448",a white glass,"312,82,459,177"
1422,attribute_binding,"a rotten sheep, a crowded banana, an snowy hot-dog and a small ball",a rotten sheep,"85,84,235,193",a crowded banana,"288,217,386,316",an snowy hot-dog,"91,324,185,461",a small ball,"137,213,235,314"
1423,attribute_binding,"a white mushroom, a warm shirt, a bright pan and a silver flashlight",a white mushroom,"57,389,177,488",a warm shirt,"57,79,200,192",a bright pan,"420,164,502,286",a silver flashlight,"342,72,485,163"
1424,attribute_binding,"a fuzzy plant, a shiny toilet, a rotten bear and a soft plate",a fuzzy plant,"387,164,493,245",a shiny toilet,"133,11,271,122",a rotten bear,"140,343,253,448",a soft plate,"347,18,481,146"
1425,attribute_binding,"a black toilet, a pink bottle, a fluffy truck and a warm drill",a black toilet,"306,267,441,408",a pink bottle,"124,31,249,128",a fluffy truck,"65,312,180,424",a warm drill,"104,187,190,273"
1426,attribute_binding,"a smooth cat, a wooden surfboard, a warm sandwich and a yellow baseball glove",a smooth cat,"129,225,263,364",a wooden surfboard,"153,120,290,213",a warm sandwich,"295,89,412,236",a yellow baseball glove,"22,54,124,160"
1427,attribute_binding,"a black rose, a happy vase, a white teddy bear and a smooth leaf",a black rose,"399,174,504,309",a happy vase,"172,137,256,236",a white teddy bear,"67,99,161,226",a smooth leaf,"266,132,359,260"
1428,attribute_binding,"a shiny train, a snowy baseball glove, a aggressive glass and a clean ring",a shiny train,"254,340,357,427",a snowy baseball glove,"113,193,218,308",a aggressive glass,"380,313,481,396",a clean ring,"155,9,278,111"
1429,attribute_binding,"a soft rose, a pink tape, a clean pillow and a crowded television",a soft rose,"330,0,443,123",a pink tape,"154,107,264,251",a clean pillow,"169,326,255,417",a crowded television,"354,244,501,393"
1430,attribute_binding,"a snowy boat, a large snowboard, a clean tape and a rotten bucket",a snowy boat,"312,342,438,476",a large snowboard,"184,347,273,429",a clean tape,"103,21,184,167",a rotten bucket,"361,117,511,211"
1431,attribute_binding,"a fast plant, a silver sheep, a aggressive stop sign and a clean hat",a fast plant,"68,398,184,502",a silver sheep,"232,116,314,206",a aggressive stop sign,"27,133,163,281",a clean hat,"299,326,448,409"
1432,attribute_binding,"an small oak, a pink stop sign, a dark bottle and a large shoe",an small oak,"270,348,415,480",a pink stop sign,"81,129,230,224",a dark bottle,"333,164,464,296",a large shoe,"98,381,200,485"
1433,attribute_binding,"a wooden tree, an short apple, a soft frisbee and a crowded ring",a wooden tree,"178,205,282,287",an short apple,"81,286,165,433",a soft frisbee,"129,43,262,164",a crowded ring,"398,9,501,150"
1434,attribute_binding,"a dark lamp, a red cat, an wooden oven and a fast soap",a dark lamp,"14,305,152,451",a red cat,"44,107,170,190",an wooden oven,"307,36,392,118",a fast soap,"319,137,434,230"
1435,attribute_binding,"a warm table, a rotten zebra, a smooth sock and a fluffy speaker",a warm table,"96,89,239,179",a rotten zebra,"147,240,285,353",a smooth sock,"342,71,437,185",a fluffy speaker,"204,390,352,512"
1436,attribute_binding,"a tall cake, a smooth ball, a green shampoo and a pink remote",a tall cake,"17,7,117,141",a smooth ball,"60,160,163,302",a green shampoo,"408,111,511,218",a pink remote,"398,241,510,386"
1437,attribute_binding,"a warm donut, a pink sandwich, a clean candle and a green bin",a warm donut,"332,331,482,475",a pink sandwich,"386,128,477,257",a clean candle,"100,5,231,145",a green bin,"185,161,298,299"
1438,attribute_binding,"a green beetle, an smooth umbrella, a yellow pizza and an crowded oven",a green beetle,"9,107,113,245",an smooth umbrella,"278,32,367,125",a yellow pizza,"346,282,437,388",an crowded oven,"156,191,273,283"
1439,attribute_binding,"a blue cat, a fuzzy boy, a tall donut and a crowded remote",a blue cat,"368,1,486,92",a fuzzy boy,"29,49,162,179",a tall donut,"311,268,459,409",a crowded remote,"176,30,317,175"
1440,attribute_binding,"a silver tree, a fluffy book, a smooth toothbrush and a shiny flashlight",a silver tree,"239,281,356,386",a fluffy book,"53,43,159,145",a smooth toothbrush,"30,275,157,418",a shiny flashlight,"357,156,477,289"
1441,attribute_binding,"a snowy rose, a white bed, a rotten bus and a fluffy chair",a snowy rose,"287,12,373,131",a white bed,"262,366,359,465",a rotten bus,"36,123,166,228",a fluffy chair,"393,167,507,305"
1442,attribute_binding,"a shiny couch, a snowy boat, a rough cake and a dark hammer",a shiny couch,"56,305,175,428",a snowy boat,"359,68,468,216",a rough cake,"247,250,342,373",a dark hammer,"192,3,301,150"
1443,attribute_binding,"a soft dog, a fluffy plant, a dark hammer and a white watch",a soft dog,"182,72,321,220",a fluffy plant,"170,332,278,438",a dark hammer,"388,175,501,276",a white watch,"27,363,158,465"
1444,attribute_binding,"a bright chair, a blue flower, a white tennis racket and a small charger",a bright chair,"367,357,470,447",a blue flower,"117,304,225,403",a white tennis racket,"123,21,229,108",a small charger,"113,151,220,265"
1445,attribute_binding,"a snowy table, a silver carrot, a tall tie and a warm zebra",a snowy table,"167,365,264,478",a silver carrot,"166,154,247,254",a tall tie,"335,96,437,194",a warm zebra,"352,211,444,323"
1446,attribute_binding,"a black cat, a shiny bench, a short toaster and a warm remote",a black cat,"18,139,150,246",a shiny bench,"293,43,406,175",a short toaster,"317,275,420,365",a warm remote,"166,373,259,503"
1447,attribute_binding,"a clean snowboard, a shiny tennis racket, a yellow ball and a large speaker",a clean snowboard,"155,50,279,183",a shiny tennis racket,"159,255,283,370",a yellow ball,"298,68,437,191",a large speaker,"43,347,147,468"
1448,attribute_binding,"a fast train, a shiny tie, a small cup and a smooth sock",a fast train,"13,79,162,210",a shiny tie,"231,367,368,489",a small cup,"237,68,347,191",a smooth sock,"178,236,260,355"
1449,attribute_binding,"a fluffy crocodile, a wooden pillow, a shiny bin and a crowded ring",a fluffy crocodile,"350,177,483,280",a wooden pillow,"82,355,226,489",a shiny bin,"179,78,325,221",a crowded ring,"73,131,164,236"
1450,attribute_binding,"a fluffy lamp, a fast boy, a snowy wallet and a dark soap",a fluffy lamp,"384,20,506,159",a fast boy,"273,168,413,312",a snowy wallet,"59,304,144,384",a dark soap,"157,125,249,241"
1451,attribute_binding,"a fast keyboard, an rotten elephant, a red zebra and a bright glass",a fast keyboard,"42,298,136,389",an rotten elephant,"93,101,209,185",a red zebra,"421,385,504,472",a bright glass,"263,198,401,316"
1452,attribute_binding,"a small beetle, a fast crocodile, a happy turtle and a large bin",a small beetle,"294,37,432,144",a fast crocodile,"252,161,379,252",a happy turtle,"40,120,144,266",a large bin,"383,356,508,473"
1453,attribute_binding,"a snowy couch, a crowded banana, a short sink and a smooth sock",a snowy couch,"367,1,495,127",a crowded banana,"63,52,208,158",a short sink,"328,344,442,482",a smooth sock,"109,326,226,475"
1454,attribute_binding,"a red clock, a clean ladder, a short bin and a snowy door",a red clock,"376,149,476,266",a clean ladder,"117,358,250,478",a short bin,"267,348,370,481",a snowy door,"265,127,372,262"
1455,attribute_binding,"a fast platypus, a clean surfboard, a green candle and a blue toolbox",a fast platypus,"140,340,282,445",a clean surfboard,"372,12,469,95",a green candle,"7,37,118,128",a blue toolbox,"113,159,240,266"
1456,attribute_binding,"an warm oak, a fuzzy sink, a soft shoe and a white bucket",an warm oak,"350,309,490,427",a fuzzy sink,"163,335,291,419",a soft shoe,"301,182,410,303",a white bucket,"135,12,283,115"
1457,attribute_binding,"a soft shoe, a fuzzy plate, a small basket and a happy scarf",a soft shoe,"101,142,235,234",a fuzzy plate,"75,319,220,448",a small basket,"339,355,446,443",a happy scarf,"303,106,446,206"
1458,attribute_binding,"a tall banana, a silver handbag, a crowded hat and a wooden bin",a tall banana,"421,100,512,195",a silver handbag,"28,45,134,133",a crowded hat,"123,281,214,393",a wooden bin,"183,91,273,197"
1459,attribute_binding,"a happy guitar, a aggressive toothbrush, a bright handbag and a blue turtle",a happy guitar,"382,18,480,139",a aggressive toothbrush,"80,418,193,510",a bright handbag,"241,254,341,403",a blue turtle,"66,143,174,239"
1460,attribute_binding,"a pink table, a small cellphone, a green bear and a silver candle",a pink table,"387,116,499,260",a small cellphone,"181,139,273,256",a green bear,"117,402,265,511",a silver candle,"67,85,177,186"
1461,attribute_binding,"a yellow book, a tall shampoo, a warm wallet and a rotten door",a yellow book,"30,199,149,298",a tall shampoo,"231,259,362,360",a warm wallet,"205,88,318,195",a rotten door,"397,250,507,387"
1462,attribute_binding,"a dark bus, a black bench, a soft motorcycle and a snowy truck",a dark bus,"83,126,189,243",a black bench,"342,351,469,474",a soft motorcycle,"50,377,172,466",a snowy truck,"191,422,309,510"
1463,attribute_binding,"a small baby, a smooth bus, a fuzzy giraffe and a white scarf",a small baby,"373,410,480,512",a smooth bus,"41,166,187,248",a fuzzy giraffe,"140,322,270,446",a white scarf,"163,9,243,150"
1464,attribute_binding,"a smooth tree, a small table, a black leaf and a crowded glass",a smooth tree,"151,207,249,305",a small table,"71,8,212,114",a black leaf,"211,427,325,512",a crowded glass,"99,345,197,461"
1465,attribute_binding,"a happy pizza, a dark hat, a green speaker and a rough notebook",a happy pizza,"384,210,484,330",a dark hat,"119,237,240,384",a green speaker,"212,89,350,209",a rough notebook,"377,372,512,477"
1466,attribute_binding,"a blue car, an red hot-dog, a fuzzy basket and a clean bin",a blue car,"311,326,391,475",an red hot-dog,"231,194,350,293",a fuzzy basket,"13,69,127,200",a clean bin,"117,240,217,357"
1467,attribute_binding,"a tall skyscraper, a shiny chair, a fluffy sink and a green ruler",a tall skyscraper,"393,97,479,247",a shiny chair,"317,389,461,498",a fluffy sink,"179,87,318,233",a green ruler,"131,246,245,367"
1468,attribute_binding,"a crowded baby, a soft lamp, a black microwave and a green frisbee",a crowded baby,"264,91,350,215",a soft lamp,"400,198,503,282",a black microwave,"39,24,162,106",a green frisbee,"132,239,273,338"
1469,attribute_binding,"a soft sandwich, a fuzzy zebra, a crowded ladder and a red wallet",a soft sandwich,"332,18,446,101",a fuzzy zebra,"169,88,252,217",a crowded ladder,"324,376,469,498",a red wallet,"47,290,192,420"
1470,attribute_binding,"a aggressive vase, a shiny sink, a blue mug and a wooden toolbox",a aggressive vase,"227,16,358,120",a shiny sink,"375,301,491,405",a blue mug,"33,45,128,182",a wooden toolbox,"118,209,260,346"
1471,attribute_binding,"a pink banana, a small clock, a wooden ring and a soft refrigerator",a pink banana,"206,198,286,283",a small clock,"360,12,484,127",a wooden ring,"317,138,432,223",a soft refrigerator,"342,267,436,411"
1472,attribute_binding,"a shiny car, a rotten microwave, a wooden suitcase and a happy cup",a shiny car,"27,189,164,316",a rotten microwave,"312,37,401,177",a wooden suitcase,"283,344,372,465",a happy cup,"147,324,271,455"
1473,attribute_binding,"a clean lamp, a fluffy parking meter, a smooth shower and a large bucket",a clean lamp,"321,216,418,365",a fluffy parking meter,"427,333,509,454",a smooth shower,"63,150,172,272",a large bucket,"136,316,262,405"
1474,attribute_binding,"a shiny knife, a silver turtle, a short tape and a warm printer",a shiny knife,"142,387,264,502",a silver turtle,"143,95,275,215",a short tape,"280,318,365,458",a warm printer,"150,258,278,361"
1475,attribute_binding,"a small rose, a aggressive stop sign, a clean ball and a rotten shampoo",a small rose,"174,144,282,253",a aggressive stop sign,"236,310,338,406",a clean ball,"25,277,107,422",a rotten shampoo,"317,23,457,138"
1476,attribute_binding,"a rough bear, a yellow hair drier, a smooth basket and a white door",a rough bear,"13,100,158,222",a yellow hair drier,"183,151,272,285",a smooth basket,"255,332,353,476",a white door,"363,236,452,377"
1477,attribute_binding,"a shiny book, a short kite, a snowy crocodile and a dark glass",a shiny book,"368,230,469,373",a short kite,"314,385,464,470",a snowy crocodile,"168,305,263,455",a dark glass,"319,25,446,155"
1478,attribute_binding,"a rough bed, a pink chair, a snowy ruler and a fluffy monitor",a rough bed,"129,18,253,153",a pink chair,"32,392,169,482",a snowy ruler,"207,296,326,446",a fluffy monitor,"266,138,416,223"
1479,attribute_binding,"a white surfboard, a fluffy flower, a rotten fork and a shiny backpack",a white surfboard,"271,224,390,317",a fluffy flower,"334,46,419,191",a rotten fork,"263,368,397,451",a shiny backpack,"117,157,233,284"
1480,attribute_binding,"a wooden kite, a silver fork, a aggressive screwdriver and a soft monitor",a wooden kite,"251,272,374,376",a silver fork,"20,366,167,449",a aggressive screwdriver,"2,200,137,310",a soft monitor,"384,294,488,398"
1481,attribute_binding,"a snowy laptop, a warm car, a black bus and a large cat",a snowy laptop,"364,111,466,232",a warm car,"167,148,285,259",a black bus,"5,273,100,385",a large cat,"242,313,373,416"
1482,attribute_binding,"a fuzzy person, a fluffy boy, a soft glass and a shiny ring",a fuzzy person,"281,35,390,119",a fluffy boy,"22,22,155,161",a soft glass,"153,250,253,368",a shiny ring,"323,205,422,351"
1483,attribute_binding,"a short plant, a aggressive banana, a red cake and a pink blender",a short plant,"103,70,214,151",a aggressive banana,"325,85,470,184",a red cake,"36,178,126,297",a pink blender,"152,222,284,335"
1484,attribute_binding,"a smooth baby, a clean toaster, a large knife and a short bin",a smooth baby,"382,167,505,270",a clean toaster,"306,366,454,493",a large knife,"8,58,138,151",a short bin,"217,82,330,220"
1485,attribute_binding,"a smooth rose, a fluffy hat, a happy ruler and a tall glass",a smooth rose,"18,90,132,178",a fluffy hat,"39,219,125,303",a happy ruler,"274,208,416,306",a tall glass,"261,41,395,160"
1486,attribute_binding,"a happy table, a red skateboard, a rotten mushroom and a blue glass",a happy table,"52,201,176,330",a red skateboard,"197,146,326,244",a rotten mushroom,"296,325,429,457",a blue glass,"51,79,140,192"
1487,attribute_binding,"a rotten rose, a large book, a aggressive bowl and a rough shoe",a rotten rose,"45,194,152,336",a large book,"287,124,377,209",a aggressive bowl,"90,3,232,148",a rough shoe,"186,354,268,480"
1488,attribute_binding,"a aggressive banana, a happy clock, a smooth surfboard and a fuzzy plate",a aggressive banana,"350,132,442,274",a happy clock,"198,219,301,361",a smooth surfboard,"245,55,333,142",a fuzzy plate,"78,209,172,346"
1489,attribute_binding,"an soft oak, a green sheep, a crowded bear and a short baseball glove",an soft oak,"224,95,342,199",a green sheep,"139,360,273,500",a crowded bear,"33,20,179,131",a short baseball glove,"368,220,449,306"
1490,attribute_binding,"a yellow rose, a bright snowboard, a green screwdriver and a happy sock",a yellow rose,"392,130,488,253",a bright snowboard,"23,84,120,196",a green screwdriver,"216,98,336,212",a happy sock,"71,245,174,326"
1491,attribute_binding,"a white tree, a dark cow, a red handbag and a rotten charger",a white tree,"289,186,397,275",a dark cow,"81,102,189,220",a red handbag,"246,313,393,426",a rotten charger,"46,270,131,355"
1492,attribute_binding,"a clean person, a silver banana, a red suitcase and a bright tape",a clean person,"391,45,498,167",a silver banana,"201,236,345,366",a red suitcase,"125,68,246,155",a bright tape,"61,159,162,283"
1493,attribute_binding,"a warm bed, a tall plant, a fuzzy toaster and a rough monitor",a warm bed,"327,84,450,230",a tall plant,"271,241,395,381",a fuzzy toaster,"92,4,240,94",a rough monitor,"132,254,244,395"
1494,attribute_binding,"a red cat, a clean cellphone, a crowded suitcase and a yellow bucket",a red cat,"0,132,84,275",a clean cellphone,"245,403,342,492",a crowded suitcase,"160,80,240,164",a yellow bucket,"354,220,502,328"
1495,attribute_binding,"a small beetle, a yellow hair drier, a happy flashlight and a tall ring",a small beetle,"134,118,229,230",a yellow hair drier,"322,53,447,202",a happy flashlight,"350,283,477,430",a tall ring,"162,278,286,385"
1496,attribute_binding,"a aggressive cellphone, a wooden tie, a red shirt and a small desk",a aggressive cellphone,"104,109,193,204",a wooden tie,"128,206,262,332",a red shirt,"321,20,421,118",a small desk,"268,367,369,455"
1497,attribute_binding,"a blue rose, a silver kite, a bright zebra and a dark ladder",a blue rose,"401,117,485,215",a silver kite,"194,357,339,499",a bright zebra,"96,21,231,158",a dark ladder,"174,217,254,300"
1498,attribute_binding,"an happy umbrella, a clean toaster, a fuzzy monitor and a fast desk",an happy umbrella,"265,203,353,349",a clean toaster,"280,392,430,502",a fuzzy monitor,"258,65,341,160",a fast desk,"370,208,468,327"
1499,attribute_binding,"a white bed, a yellow car, a fuzzy sock and a black scarf",a white bed,"71,180,154,321",a yellow car,"220,230,314,355",a fuzzy sock,"308,87,436,193",a black scarf,"211,420,321,503"
1500,attribute_binding,"a wooden train, a soft shower, a pink cake and a tall wallet",a wooden train,"56,354,206,504",a soft shower,"232,87,325,180",a pink cake,"291,323,404,439",a tall wallet,"102,14,206,96"
1501,attribute_binding,"a pink laptop, a fluffy sheep, a aggressive bowl and a large toolbox",a pink laptop,"98,120,205,254",a fluffy sheep,"364,275,476,393",a aggressive bowl,"284,39,413,147",a large toolbox,"3,255,84,341"
1502,attribute_binding,"a fluffy skyscraper, a crowded flower, a wooden mushroom and a soft pillow",a fluffy skyscraper,"110,324,222,461",a crowded flower,"167,81,310,223",a wooden mushroom,"22,162,132,282",a soft pillow,"411,41,507,137"
1503,attribute_binding,"a black platypus, a rough door, a blue scarf and a fluffy glass",a black platypus,"78,159,201,273",a rough door,"298,273,415,401",a blue scarf,"278,80,360,220",a fluffy glass,"12,300,154,394"
1504,attribute_binding,"a rough book, a wooden bottle, a crowded surfboard and a short candle",a rough book,"171,282,253,373",a wooden bottle,"55,198,164,316",a crowded surfboard,"266,51,397,172",a short candle,"57,19,180,115"
1505,attribute_binding,"a dark cow, a blue mushroom, a clean mug and a tall flashlight",a dark cow,"97,263,183,388",a blue mushroom,"216,218,314,306",a clean mug,"299,42,424,171",a tall flashlight,"51,6,158,151"
1506,attribute_binding,"a rough bird, an warm hot-dog, a small broom and a happy scarf",a rough bird,"38,108,144,196",an warm hot-dog,"345,42,462,162",a small broom,"298,292,383,415",a happy scarf,"169,154,255,259"
1507,attribute_binding,"a fast baseball glove, a snowy zebra, a large charger and a black bin",a fast baseball glove,"335,236,450,366",a snowy zebra,"4,149,146,245",a large charger,"208,42,348,134",a black bin,"280,383,401,481"
1508,attribute_binding,"a rough laptop, a wooden car, a white bowl and a fast tennis racket",a rough laptop,"327,85,468,230",a wooden car,"57,262,148,348",a white bowl,"209,244,346,388",a fast tennis racket,"116,11,211,114"
1509,attribute_binding,"a soft baby, a shiny laptop, a fuzzy guitar and a happy bear",a soft baby,"288,41,386,136",a shiny laptop,"46,330,127,464",a fuzzy guitar,"175,165,302,291",a happy bear,"206,301,286,402"
1510,attribute_binding,"a small crocodile, a black bowl, a aggressive flashlight and a warm curtain",a small crocodile,"284,265,380,401",a black bowl,"1,291,107,386",a aggressive flashlight,"222,22,317,164",a warm curtain,"167,209,262,336"
1511,attribute_binding,"a yellow lamp, a dark banana, a green stop sign and a large cow",a yellow lamp,"101,91,231,192",a dark banana,"139,343,244,472",a green stop sign,"294,357,422,502",a large cow,"275,42,371,140"
1512,attribute_binding,"a fuzzy skyscraper, a red sheep, a fluffy scarf and a fast soap",a fuzzy skyscraper,"331,282,469,362",a red sheep,"7,349,132,468",a fluffy scarf,"175,337,285,428",a fast soap,"419,37,503,133"
1513,attribute_binding,"a pink couch, a soft tie, a large traffic light and a small drill",a pink couch,"92,364,204,463",a soft tie,"169,100,308,212",a large traffic light,"19,121,113,263",a small drill,"352,295,447,434"
1514,attribute_binding,"a large baseball bat, a aggressive door, a blue speaker and a fluffy ring",a large baseball bat,"125,65,236,213",a aggressive door,"238,338,352,462",a blue speaker,"379,114,469,228",a fluffy ring,"269,131,363,269"
1515,attribute_binding,"a smooth surfboard, a rotten fire hydrant, a crowded wallet and a pink curtain",a smooth surfboard,"316,235,453,344",a rotten fire hydrant,"159,339,290,444",a crowded wallet,"122,137,218,224",a pink curtain,"275,51,403,172"
1516,attribute_binding,"a snowy beetle, a warm tiger, a happy baseball glove and a fuzzy bucket",a snowy beetle,"161,11,289,97",a warm tiger,"79,215,191,346",a happy baseball glove,"304,259,388,404",a fuzzy bucket,"337,53,434,199"
1517,attribute_binding,"a fluffy platypus, a clean sandwich, a short desk and a wooden glass",a fluffy platypus,"304,306,385,422",a clean sandwich,"96,223,205,322",a short desk,"270,2,393,110",a wooden glass,"340,129,477,273"
1518,attribute_binding,"a green person, a smooth bird, an red apple and a rotten sock",a green person,"263,347,400,428",a smooth bird,"192,20,276,103",an red apple,"114,302,214,396",a rotten sock,"277,131,422,218"
1519,attribute_binding,"a dark book, an aggressive umbrella, a warm ball and a bright remote",a dark book,"109,133,250,279",an aggressive umbrella,"345,40,455,127",a warm ball,"294,308,415,420",a bright remote,"54,351,191,463"
1520,attribute_binding,"a happy dog, a fluffy microwave, a fuzzy carrot and a aggressive refrigerator",a happy dog,"360,363,469,476",a fluffy microwave,"129,92,259,241",a fuzzy carrot,"13,373,138,506",a aggressive refrigerator,"376,85,496,208"
1521,attribute_binding,"a rotten couch, an pink apple, a shiny bucket and a crowded sock",a rotten couch,"377,323,494,408",an pink apple,"157,241,279,381",a shiny bucket,"277,37,368,183",a crowded sock,"9,158,153,258"
1522,attribute_binding,"a shiny donut, an aggressive apple, a pink baseball glove and a black remote",a shiny donut,"163,328,306,456",an aggressive apple,"64,256,162,397",a pink baseball glove,"231,127,370,277",a black remote,"62,101,175,227"
1523,attribute_binding,"a fast chair, a large cellphone, a yellow handbag and a snowy screwdriver",a fast chair,"233,245,349,381",a large cellphone,"158,18,276,134",a yellow handbag,"36,334,148,448",a snowy screwdriver,"307,13,429,115"
1524,attribute_binding,"a wooden tree, a pink plant, a red candle and a tall bucket",a wooden tree,"273,124,405,230",a pink plant,"35,348,182,468",a red candle,"322,13,445,117",a tall bucket,"50,183,173,314"
1525,attribute_binding,"a fast giraffe, a silver ball, a tall flashlight and a small curtain",a fast giraffe,"338,394,448,499",a silver ball,"57,120,181,227",a tall flashlight,"203,147,300,285",a small curtain,"58,404,194,500"
1526,attribute_binding,"a pink beetle, a fast surfboard, a red snowboard and a fuzzy door",a pink beetle,"240,367,379,500",a fast surfboard,"264,42,409,172",a red snowboard,"56,283,168,432",a fuzzy door,"36,113,162,221"
1527,attribute_binding,"a crowded cat, a short boy, a snowy monitor and a fluffy toolbox",a crowded cat,"234,258,325,365",a short boy,"32,55,174,201",a snowy monitor,"296,131,395,232",a fluffy toolbox,"24,351,153,462"
1528,attribute_binding,"a fuzzy beetle, a green handbag, a fast bucket and a soft notebook",a fuzzy beetle,"380,267,460,360",a green handbag,"239,199,375,329",a fast bucket,"122,231,204,335",a soft notebook,"12,51,152,160"
1529,attribute_binding,"a bright table, a snowy bird, a short tie and a tall bin",a bright table,"254,407,383,497",a snowy bird,"66,198,179,295",a short tie,"259,107,407,215",a tall bin,"15,300,99,427"
1530,attribute_binding,"a tall sheep, a fuzzy handbag, a red toaster and a pink printer",a tall sheep,"88,390,238,500",a fuzzy handbag,"345,261,469,391",a red toaster,"62,190,189,284",a pink printer,"243,102,374,194"
1531,attribute_binding,"a white rose, a fluffy bottle, a black bear and a rough printer",a white rose,"152,1,279,121",a fluffy bottle,"130,185,219,323",a black bear,"266,150,374,263",a rough printer,"167,335,295,476"
1532,attribute_binding,"a red microwave, a small knife, a yellow shirt and a white toolbox",a red microwave,"234,290,335,403",a small knife,"315,122,425,247",a yellow shirt,"56,99,137,221",a white toolbox,"93,361,211,489"
1533,attribute_binding,"a shiny flower, a aggressive skateboard, a yellow baseball glove and an blue oven",a shiny flower,"219,241,349,387",a aggressive skateboard,"168,2,285,141",a yellow baseball glove,"3,39,105,187",an blue oven,"364,28,486,155"
1534,attribute_binding,"a white dog, a small horse, a short candle and a wooden pillow",a white dog,"335,292,444,375",a small horse,"83,117,229,231",a short candle,"38,392,143,503",a wooden pillow,"246,69,378,163"
1535,attribute_binding,"an pink umbrella, a wooden toothbrush, a tall hat and a shiny glass",an pink umbrella,"106,15,241,102",a wooden toothbrush,"260,90,396,193",a tall hat,"235,265,321,374",a shiny glass,"372,221,462,364"
1536,overlapping_bboxes,a keyboard,a keyboard,"155,198,436,376",,,,,,
1537,overlapping_bboxes,a microwave,a microwave,"22,9,493,242",,,,,,
1538,overlapping_bboxes,a flower,a flower,"115,270,452,362",,,,,,
1539,overlapping_bboxes,a drill,a drill,"64,104,243,475",,,,,,
1540,overlapping_bboxes,a couch,a couch,"211,60,305,432",,,,,,
1541,overlapping_bboxes,a parking meter,a parking meter,"248,60,438,508",,,,,,
1542,overlapping_bboxes,an oven,an oven,"18,29,403,453",,,,,,
1543,overlapping_bboxes,a knife,a knife,"194,34,460,487",,,,,,
1544,overlapping_bboxes,an hot-dog,an hot-dog,"285,296,430,484",,,,,,
1545,overlapping_bboxes,a guitar,a guitar,"341,14,465,466",,,,,,
1546,overlapping_bboxes,a cake,a cake,"20,92,413,308",,,,,,
1547,overlapping_bboxes,a wallet,a wallet,"54,165,311,321",,,,,,
1548,overlapping_bboxes,a chair,a chair,"183,16,295,494",,,,,,
1549,overlapping_bboxes,a tennis racket,a tennis racket,"21,185,486,337",,,,,,
1550,overlapping_bboxes,a printer,a printer,"290,0,373,507",,,,,,
1551,overlapping_bboxes,a pizza,a pizza,"53,210,206,437",,,,,,
1552,overlapping_bboxes,a plant,a plant,"94,51,474,431",,,,,,
1553,overlapping_bboxes,a scarf,a scarf,"50,5,396,510",,,,,,
1554,overlapping_bboxes,a baby,a baby,"36,11,496,503",,,,,,
1555,overlapping_bboxes,a hair drier,a hair drier,"415,35,496,505",,,,,,
1556,overlapping_bboxes,a baseball bat,a baseball bat,"216,34,512,303",,,,,,
1557,overlapping_bboxes,a horse,a horse,"124,39,465,412",,,,,,
1558,overlapping_bboxes,a bowl,a bowl,"3,24,485,484",,,,,,
1559,overlapping_bboxes,a leaf,a leaf,"29,19,390,444",,,,,,
1560,overlapping_bboxes,a motorcycle,a motorcycle,"0,79,502,505",,,,,,
1561,overlapping_bboxes,a bird,a bird,"126,13,275,504",,,,,,
1562,overlapping_bboxes,a carrot,a carrot,"47,185,471,500",,,,,,
1563,overlapping_bboxes,a toilet,a toilet,"50,146,509,423",,,,,,
1564,overlapping_bboxes,a television,a television,"211,15,497,440",,,,,,
1565,overlapping_bboxes,a mushroom,a mushroom,"32,26,493,465",,,,,,
1566,overlapping_bboxes,a ball,a ball,"389,108,501,493",,,,,,
1567,overlapping_bboxes,an umbrella,an umbrella,"107,102,444,358",,,,,,
1568,overlapping_bboxes,a ruler,a ruler,"56,3,483,506",,,,,,
1569,overlapping_bboxes,a toolbox,a toolbox,"41,53,502,395",,,,,,
1570,overlapping_bboxes,a mug,a mug,"63,27,218,510",,,,,,
1571,overlapping_bboxes,a curtain,a curtain,"39,297,496,510",,,,,,
1572,overlapping_bboxes,a truck,a truck,"115,8,238,471",,,,,,
1573,overlapping_bboxes,a door,a door,"46,97,505,237",,,,,,
1574,overlapping_bboxes,a vase,a vase,"11,220,410,509",,,,,,
1575,overlapping_bboxes,a tape,a tape,"44,5,450,479",,,,,,
1576,overlapping_bboxes,a cow,a cow,"179,380,411,480",,,,,,
1577,overlapping_bboxes,a sink,a sink,"224,27,490,495",,,,,,
1578,overlapping_bboxes,a screwdriver,a screwdriver,"134,250,412,482",,,,,,
1579,overlapping_bboxes,a platypus,a platypus,"44,212,350,505",,,,,,
1580,overlapping_bboxes,an oak,an oak,"46,338,215,492",,,,,,
1581,overlapping_bboxes,a train,a train,"18,143,321,454",,,,,,
1582,overlapping_bboxes,a sandwich,a sandwich,"143,409,490,490",,,,,,
1583,overlapping_bboxes,a turtle,a turtle,"100,103,472,422",,,,,,
1584,overlapping_bboxes,a car,a car,"92,12,300,496",,,,,,
1585,overlapping_bboxes,a tiger,a tiger,"80,105,462,466",,,,,,
1586,overlapping_bboxes,a skyscraper,a skyscraper,"199,158,460,490",,,,,,
1587,overlapping_bboxes,a crocodile,a crocodile,"132,16,228,455",,,,,,
1588,overlapping_bboxes,a boy,a boy,"142,102,480,182",,,,,,
1589,overlapping_bboxes,a person,a person,"222,112,507,254",,,,,,
1590,overlapping_bboxes,a suitcase,a suitcase,"162,58,484,256",,,,,,
1591,overlapping_bboxes,a giraffe,a giraffe,"0,59,439,441",,,,,,
1592,overlapping_bboxes,a rose,a rose,"19,79,105,318",,,,,,
1593,overlapping_bboxes,a bicycle,a bicycle,"177,172,315,348",,,,,,
1594,overlapping_bboxes,a toaster,a toaster,"186,218,271,373",,,,,,
1595,overlapping_bboxes,a shoe,a shoe,"88,189,488,497",,,,,,
1596,overlapping_bboxes,a bed,a bed,"0,33,424,478",,,,,,
1597,overlapping_bboxes,a basket,a basket,"68,8,258,502",,,,,,
1598,overlapping_bboxes,a blender,a blender,"196,110,504,503",,,,,,
1599,overlapping_bboxes,a tie,a tie,"8,8,512,319",,,,,,
1600,overlapping_bboxes,a flashlight,a flashlight,"34,161,437,327",,,,,,
1601,overlapping_bboxes,a desk,a desk,"368,109,500,396",,,,,,
1602,overlapping_bboxes,a skateboard,a skateboard,"136,118,458,204",,,,,,
1603,overlapping_bboxes,a dog,a dog,"46,46,288,452",,,,,,
1604,overlapping_bboxes,a frisbee,a frisbee,"87,98,247,511",,,,,,
1605,overlapping_bboxes,a pillow,a pillow,"109,148,449,461",,,,,,
1606,overlapping_bboxes,a book,a book,"30,83,485,455",,,,,,
1607,overlapping_bboxes,a ring,a ring,"45,333,284,423",,,,,,
1608,overlapping_bboxes,a bear,a bear,"113,47,257,460",,,,,,
1609,overlapping_bboxes,a fork,a fork,"81,174,232,455",,,,,,
1610,overlapping_bboxes,an apple,an apple,"23,204,464,305",,,,,,
1611,overlapping_bboxes,a bucket,a bucket,"0,122,404,490",,,,,,
1612,overlapping_bboxes,a spoon,a spoon,"33,214,496,432",,,,,,
1613,overlapping_bboxes,a shampoo,a shampoo,"21,86,307,175",,,,,,
1614,overlapping_bboxes,a surfboard,a surfboard,"164,1,304,510",,,,,,
1615,overlapping_bboxes,a snowboard,a snowboard,"21,87,312,330",,,,,,
1616,overlapping_bboxes,a kite,a kite,"70,60,268,442",,,,,,
1617,overlapping_bboxes,a beetle,a beetle,"56,271,380,381",,,,,,
1618,overlapping_bboxes,a speaker,a speaker,"124,19,341,479",,,,,,
1619,overlapping_bboxes,a laptop,a laptop,"37,88,295,481",,,,,,
1620,overlapping_bboxes,a hammer,a hammer,"6,9,511,91",,,,,,
1621,overlapping_bboxes,an elephant,an elephant,"5,2,87,501",,,,,,
1622,overlapping_bboxes,a bench,a bench,"112,7,441,512",,,,,,
1623,overlapping_bboxes,a lamp,a lamp,"30,58,463,494",,,,,,
1624,overlapping_bboxes,a monitor,a monitor,"108,55,508,487",,,,,,
1625,overlapping_bboxes,a backpack,a backpack,"164,12,363,511",,,,,,
1626,overlapping_bboxes,a boat,a boat,"3,236,491,423",,,,,,
1627,overlapping_bboxes,a cup,a cup,"152,5,430,510",,,,,,
1628,overlapping_bboxes,a stop sign,a stop sign,"104,52,366,362",,,,,,
1629,overlapping_bboxes,a table,a table,"31,141,352,260",,,,,,
1630,overlapping_bboxes,a zebra,a zebra,"272,143,388,315",,,,,,
1631,overlapping_bboxes,a tree,a tree,"159,189,268,366",,,,,,
1632,overlapping_bboxes,a shirt,a shirt,"100,142,290,351",,,,,,
1633,overlapping_bboxes,a candle,a candle,"182,96,478,437",,,,,,
1634,overlapping_bboxes,a fire hydrant,a fire hydrant,"214,210,511,378",,,,,,
1635,overlapping_bboxes,a clock,a clock,"55,292,320,490",,,,,,
1636,overlapping_bboxes,a shower,a shower,"53,36,218,493",,,,,,
1637,overlapping_bboxes,a bin,a bin,"53,95,488,382",,,,,,
1638,overlapping_bboxes,a plate,a plate,"109,167,248,265",,,,,,
1639,overlapping_bboxes,a ladder,a ladder,"102,37,237,502",,,,,,
1640,overlapping_bboxes,a handbag,a handbag,"396,0,489,500",,,,,,
1641,overlapping_bboxes,a cat,a cat,"197,294,452,499",,,,,,
1642,overlapping_bboxes,a bus,a bus,"104,10,503,353",,,,,,
1643,overlapping_bboxes,a glass,a glass,"159,77,498,240",,,,,,
1644,overlapping_bboxes,a watch,a watch,"270,380,413,481",,,,,,
1645,overlapping_bboxes,a notebook,a notebook,"137,313,420,476",,,,,,
1646,overlapping_bboxes,a banana,a banana,"268,4,426,485",,,,,,
1647,overlapping_bboxes,a hat,a hat,"95,161,483,475",,,,,,
1648,overlapping_bboxes,a toothbrush,a toothbrush,"102,29,400,364",,,,,,
1649,overlapping_bboxes,a sheep,a sheep,"0,74,510,161",,,,,,
1650,overlapping_bboxes,a mouse,a mouse,"61,79,358,325",,,,,,
1651,overlapping_bboxes,a sock,a sock,"32,73,395,244",,,,,,
1652,overlapping_bboxes,a traffic light,a traffic light,"239,65,482,453",,,,,,
1653,overlapping_bboxes,a baseball glove,a baseball glove,"54,43,230,295",,,,,,
1654,overlapping_bboxes,a remote,a remote,"233,279,411,405",,,,,,
1655,overlapping_bboxes,a soap,a soap,"3,270,317,497",,,,,,
1656,overlapping_bboxes,a teddy bear,a teddy bear,"20,146,491,502",,,,,,
1657,overlapping_bboxes,a charger,a charger,"74,52,412,217",,,,,,
1658,overlapping_bboxes,a cellphone,a cellphone,"132,29,319,483",,,,,,
1659,overlapping_bboxes,a refrigerator,a refrigerator,"24,231,178,506",,,,,,
1660,overlapping_bboxes,a bottle,a bottle,"17,61,480,448",,,,,,
1661,overlapping_bboxes,a pan,a pan,"144,172,382,345",,,,,,
1662,overlapping_bboxes,a donut,a donut,"21,1,484,449",,,,,,
1663,overlapping_bboxes,a broom,a broom,"79,225,438,374",,,,,,
1664,overlapping_bboxes,a rose and a tape,a rose,"19,294,235,450",a tape,"33,238,294,477",,,,
1665,overlapping_bboxes,a mug and a door,a mug,"256,47,485,416",a door,"406,57,492,498",,,,
1666,overlapping_bboxes,a motorcycle and a notebook,a motorcycle,"14,196,125,510",a notebook,"46,257,457,510",,,,
1667,overlapping_bboxes,a fork and a notebook,a fork,"82,14,462,275",a notebook,"205,56,345,262",,,,
1668,overlapping_bboxes,a surfboard and a leaf,a surfboard,"168,152,415,443",a leaf,"317,11,428,465",,,,
1669,overlapping_bboxes,a broom and a drill,a broom,"8,277,455,366",a drill,"138,76,478,400",,,,
1670,overlapping_bboxes,a laptop and a handbag,a laptop,"63,154,495,476",a handbag,"28,3,505,474",,,,
1671,overlapping_bboxes,a sock and a notebook,a sock,"237,295,446,442",a notebook,"30,88,456,299",,,,
1672,overlapping_bboxes,a car and a mug,a car,"297,214,492,409",a mug,"127,263,500,370",,,,
1673,overlapping_bboxes,a carrot and a knife,a carrot,"40,14,509,499",a knife,"99,94,462,224",,,,
1674,overlapping_bboxes,a candle and a screwdriver,a candle,"7,135,314,458",a screwdriver,"4,51,281,467",,,,
1675,overlapping_bboxes,a couch and a tiger,a couch,"119,75,473,423",a tiger,"241,329,452,486",,,,
1676,overlapping_bboxes,a baby and an oven,a baby,"15,47,435,374",an oven,"271,4,505,374",,,,
1677,overlapping_bboxes,a vase and a mug,a vase,"162,77,407,319",a mug,"1,98,287,379",,,,
1678,overlapping_bboxes,a boy and a soap,a boy,"83,143,464,415",a soap,"65,26,239,478",,,,
1679,overlapping_bboxes,an apple and a bowl,an apple,"102,66,412,336",a bowl,"61,22,435,457",,,,
1680,overlapping_bboxes,a tiger and a soap,a tiger,"9,87,365,480",a soap,"30,21,506,492",,,,
1681,overlapping_bboxes,a bicycle and a clock,a bicycle,"48,96,444,231",a clock,"178,95,444,340",,,,
1682,overlapping_bboxes,a banana and a soap,a banana,"38,217,451,331",a soap,"104,44,397,458",,,,
1683,overlapping_bboxes,a table and a traffic light,a table,"248,23,466,411",a traffic light,"35,190,431,386",,,,
1684,overlapping_bboxes,a mushroom and a charger,a mushroom,"43,228,405,389",a charger,"23,76,472,384",,,,
1685,overlapping_bboxes,a tree and a dog,a tree,"42,130,474,230",a dog,"343,38,447,495",,,,
1686,overlapping_bboxes,a spoon and a cup,a spoon,"20,3,506,345",a cup,"246,30,498,156",,,,
1687,overlapping_bboxes,a snowboard and a desk,a snowboard,"234,80,362,441",a desk,"283,49,509,507",,,,
1688,overlapping_bboxes,a car and a bench,a car,"10,10,356,389",a bench,"181,38,445,150",,,,
1689,overlapping_bboxes,a kite and a soap,a kite,"297,241,483,508",a soap,"272,34,508,412",,,,
1690,overlapping_bboxes,a fork and a ring,a fork,"359,164,465,483",a ring,"74,282,464,512",,,,
1691,overlapping_bboxes,a fork and a television,a fork,"33,46,509,298",a television,"5,43,493,433",,,,
1692,overlapping_bboxes,a chair and a couch,a chair,"156,36,300,478",a couch,"184,113,375,344",,,,
1693,overlapping_bboxes,a boat and a donut,a boat,"206,0,487,453",a donut,"265,15,488,291",,,,
1694,overlapping_bboxes,a baby and a guitar,a baby,"4,111,369,465",a guitar,"41,103,258,496",,,,
1695,overlapping_bboxes,a tree and a bear,a tree,"77,222,392,451",a bear,"43,4,487,461",,,,
1696,overlapping_bboxes,a parking meter and a teddy bear,a parking meter,"4,35,461,195",a teddy bear,"123,19,499,292",,,,
1697,overlapping_bboxes,a traffic light and a turtle,a traffic light,"1,246,511,373",a turtle,"361,200,441,447",,,,
1698,overlapping_bboxes,a stop sign and an elephant,a stop sign,"194,27,376,326",an elephant,"277,12,487,287",,,,
1699,overlapping_bboxes,a sheep and a kite,a sheep,"1,151,511,448",a kite,"152,41,289,491",,,,
1700,overlapping_bboxes,a flower and a suitcase,a flower,"56,55,406,268",a suitcase,"32,90,316,485",,,,
1701,overlapping_bboxes,a boat and a motorcycle,a boat,"181,31,444,399",a motorcycle,"176,31,304,317",,,,
1702,overlapping_bboxes,a bus and a handbag,a bus,"13,21,390,486",a handbag,"95,168,248,310",,,,
1703,overlapping_bboxes,a watch and a scarf,a watch,"6,322,511,503",a scarf,"210,5,379,411",,,,
1704,overlapping_bboxes,a tiger and a shampoo,a tiger,"45,44,433,496",a shampoo,"1,38,341,253",,,,
1705,overlapping_bboxes,a bottle and a guitar,a bottle,"4,114,495,414",a guitar,"24,68,371,444",,,,
1706,overlapping_bboxes,a horse and a baseball glove,a horse,"115,14,487,460",a baseball glove,"81,96,354,322",,,,
1707,overlapping_bboxes,a shoe and a candle,a shoe,"68,131,403,485",a candle,"291,93,410,491",,,,
1708,overlapping_bboxes,a toilet and a horse,a toilet,"107,195,412,436",a horse,"72,18,280,469",,,,
1709,overlapping_bboxes,a bear and a monitor,a bear,"218,12,460,482",a monitor,"205,138,364,415",,,,
1710,overlapping_bboxes,a shoe and a watch,a shoe,"183,27,493,503",a watch,"142,71,444,415",,,,
1711,overlapping_bboxes,a donut and a ball,a donut,"121,111,437,502",a ball,"147,2,252,489",,,,
1712,overlapping_bboxes,a platypus and a giraffe,a platypus,"140,63,508,407",a giraffe,"139,72,245,312",,,,
1713,overlapping_bboxes,a beetle and an oven,a beetle,"189,61,367,361",an oven,"10,169,242,450",,,,
1714,overlapping_bboxes,a skateboard and a watch,a skateboard,"82,16,434,493",a watch,"53,100,455,300",,,,
1715,overlapping_bboxes,a handbag and a scarf,a handbag,"24,13,466,504",a scarf,"226,80,511,451",,,,
1716,overlapping_bboxes,a fire hydrant and a frisbee,a fire hydrant,"142,177,425,380",a frisbee,"148,21,305,262",,,,
1717,overlapping_bboxes,a charger and a tape,a charger,"80,41,212,468",a tape,"54,124,480,367",,,,
1718,overlapping_bboxes,a cellphone and a turtle,a cellphone,"6,325,512,413",a turtle,"29,265,182,464",,,,
1719,overlapping_bboxes,a watch and a drill,a watch,"98,162,385,480",a drill,"217,134,362,511",,,,
1720,overlapping_bboxes,a frisbee and a blender,a frisbee,"121,5,428,510",a blender,"7,4,486,478",,,,
1721,overlapping_bboxes,a motorcycle and a monitor,a motorcycle,"280,204,485,379",a monitor,"12,128,507,407",,,,
1722,overlapping_bboxes,a microwave and a cup,a microwave,"8,40,501,482",a cup,"3,48,497,505",,,,
1723,overlapping_bboxes,a cellphone and an hot-dog,a cellphone,"10,0,490,507",an hot-dog,"39,193,273,306",,,,
1724,overlapping_bboxes,a dog and a plate,a dog,"136,427,509,508",a plate,"87,45,495,510",,,,
1725,overlapping_bboxes,a book and a mug,a book,"90,189,390,338",a mug,"2,20,481,505",,,,
1726,overlapping_bboxes,a beetle and a laptop,a beetle,"290,51,477,511",a laptop,"136,177,508,418",,,,
1727,overlapping_bboxes,a leaf and a watch,a leaf,"352,0,440,457",a watch,"338,13,435,382",,,,
1728,overlapping_bboxes,a laptop and a car,a laptop,"321,46,467,507",a car,"180,267,448,488",,,,
1729,overlapping_bboxes,a dog and a television,a dog,"15,79,404,493",a television,"233,141,455,498",,,,
1730,overlapping_bboxes,a plate and a screwdriver,a plate,"256,264,497,387",a screwdriver,"33,266,327,435",,,,
1731,overlapping_bboxes,a dog and a spoon,a dog,"66,261,465,461",a spoon,"207,176,432,358",,,,
1732,overlapping_bboxes,a beetle and a train,a beetle,"43,3,339,364",a train,"36,129,250,294",,,,
1733,overlapping_bboxes,a guitar and a tiger,a guitar,"49,18,204,243",a tiger,"32,29,467,472",,,,
1734,overlapping_bboxes,a kite and an apple,a kite,"21,72,407,483",an apple,"198,109,460,491",,,,
1735,overlapping_bboxes,a mug and a flashlight,a mug,"12,85,391,467",a flashlight,"212,287,395,399",,,,
1736,overlapping_bboxes,a pan and a leaf,a pan,"302,102,460,501",a leaf,"194,99,502,492",,,,
1737,overlapping_bboxes,a donut and a charger,a donut,"208,93,457,491",a charger,"189,232,354,406",,,,
1738,overlapping_bboxes,a toilet and a flower,a toilet,"207,145,434,275",a flower,"46,164,439,402",,,,
1739,overlapping_bboxes,a carrot and a turtle,a carrot,"80,283,329,383",a turtle,"24,36,271,404",,,,
1740,overlapping_bboxes,a laptop and a train,a laptop,"80,44,457,361",a train,"213,195,299,428",,,,
1741,overlapping_bboxes,a person and a keyboard,a person,"0,132,510,313",a keyboard,"314,182,494,303",,,,
1742,overlapping_bboxes,a microwave and a shower,a microwave,"51,52,473,420",a shower,"9,82,511,351",,,,
1743,overlapping_bboxes,a bird and a plate,a bird,"42,13,415,511",a plate,"31,135,511,293",,,,
1744,overlapping_bboxes,a dog and a knife,a dog,"292,49,483,420",a knife,"350,75,497,384",,,,
1745,overlapping_bboxes,a ruler and a pan,a ruler,"9,339,160,512",a pan,"11,138,209,484",,,,
1746,overlapping_bboxes,a banana and a drill,a banana,"132,44,429,453",a drill,"104,221,494,338",,,,
1747,overlapping_bboxes,a boat and an hot-dog,a boat,"96,247,324,438",an hot-dog,"120,197,261,474",,,,
1748,overlapping_bboxes,a vase and a tape,a vase,"3,202,504,441",a tape,"276,5,500,435",,,,
1749,overlapping_bboxes,a beetle and a baseball glove,a beetle,"74,106,381,329",a baseball glove,"11,192,420,468",,,,
1750,overlapping_bboxes,a microwave and a sheep,a microwave,"2,82,452,187",a sheep,"0,75,502,402",,,,
1751,overlapping_bboxes,a bed and a toilet,a bed,"0,70,509,468",a toilet,"349,135,507,413",,,,
1752,overlapping_bboxes,a bus and a blender,a bus,"81,104,466,447",a blender,"13,182,281,467",,,,
1753,overlapping_bboxes,a cake and a ruler,a cake,"237,60,511,451",a ruler,"80,169,380,442",,,,
1754,overlapping_bboxes,a spoon and a crocodile,a spoon,"72,24,415,376",a crocodile,"173,116,409,412",,,,
1755,overlapping_bboxes,a lamp and an hot-dog,a lamp,"242,229,411,399",an hot-dog,"275,244,358,340",,,,
1756,overlapping_bboxes,a guitar and a motorcycle,a guitar,"25,238,466,488",a motorcycle,"21,8,137,510",,,,
1757,overlapping_bboxes,a bench and a candle,a bench,"101,132,483,472",a candle,"146,108,508,339",,,,
1758,overlapping_bboxes,a bed and a fire hydrant,a bed,"55,84,369,332",a fire hydrant,"65,91,410,375",,,,
1759,overlapping_bboxes,a table and a bin,a table,"137,23,352,419",a bin,"192,142,350,241",,,,
1760,overlapping_bboxes,a tape and a backpack,a tape,"70,301,510,397",a backpack,"74,9,200,486",,,,
1761,overlapping_bboxes,a toaster and a wallet,a toaster,"135,30,377,504",a wallet,"63,99,474,413",,,,
1762,overlapping_bboxes,a bus and a fork,a bus,"339,42,510,479",a fork,"136,167,482,393",,,,
1763,overlapping_bboxes,a baby and a car,a baby,"101,8,291,314",a car,"30,198,462,376",,,,
1764,overlapping_bboxes,an umbrella and a horse,an umbrella,"43,143,507,335",a horse,"1,26,510,441",,,,
1765,overlapping_bboxes,a banana and a sink,a banana,"115,142,476,280",a sink,"133,220,366,343",,,,
1766,overlapping_bboxes,a clock and a hair drier,a clock,"158,174,360,511",a hair drier,"127,231,284,366",,,,
1767,overlapping_bboxes,a bus and a baseball glove,a bus,"38,208,431,364",a baseball glove,"10,316,150,430",,,,
1768,overlapping_bboxes,a lamp and a mouse,a lamp,"114,11,459,479",a mouse,"205,270,351,501",,,,
1769,overlapping_bboxes,a sheep and a basket,a sheep,"27,341,497,492",a basket,"2,19,512,496",,,,
1770,overlapping_bboxes,a shoe and a pan,a shoe,"228,228,314,336",a pan,"157,215,301,420",,,,
1771,overlapping_bboxes,a lamp and a ball,a lamp,"54,12,450,238",a ball,"1,11,400,332",,,,
1772,overlapping_bboxes,a bench and a tie,a bench,"55,64,430,249",a tie,"35,20,486,490",,,,
1773,overlapping_bboxes,a hat and a blender,a hat,"195,3,331,512",a blender,"167,231,458,485",,,,
1774,overlapping_bboxes,a mushroom and a door,a mushroom,"261,103,367,461",a door,"257,14,367,263",,,,
1775,overlapping_bboxes,a horse and a leaf,a horse,"131,41,461,428",a leaf,"56,59,499,149",,,,
1776,overlapping_bboxes,a tie and a truck,a tie,"15,65,479,335",a truck,"131,19,464,500",,,,
1777,overlapping_bboxes,a car and an elephant,a car,"252,91,499,245",an elephant,"6,205,476,336",,,,
1778,overlapping_bboxes,an oak and a leaf,an oak,"294,317,395,483",a leaf,"67,328,464,416",,,,
1779,overlapping_bboxes,a chair and a toilet,a chair,"4,317,511,481",a toilet,"29,151,470,501",,,,
1780,overlapping_bboxes,a microwave and a pizza,a microwave,"50,32,473,344",a pizza,"4,20,341,452",,,,
1781,overlapping_bboxes,a desk and a ring,a desk,"7,6,381,155",a ring,"6,135,320,215",,,,
1782,overlapping_bboxes,a flashlight and a desk,a flashlight,"36,15,448,507",a desk,"40,279,231,378",,,,
1783,overlapping_bboxes,a guitar and a ring,a guitar,"92,54,464,502",a ring,"121,158,439,469",,,,
1784,overlapping_bboxes,a guitar and a plate,a guitar,"113,56,224,507",a plate,"148,75,447,506",,,,
1785,overlapping_bboxes,a giraffe and a shampoo,a giraffe,"25,252,466,412",a shampoo,"8,198,487,499",,,,
1786,overlapping_bboxes,a dog and a sink,a dog,"39,63,194,454",a sink,"73,120,330,351",,,,
1787,overlapping_bboxes,a backpack and a printer,a backpack,"14,118,118,366",a printer,"2,70,325,371",,,,
1788,overlapping_bboxes,a tree and a speaker,a tree,"1,265,348,386",a speaker,"37,94,494,483",,,,
1789,overlapping_bboxes,a book and a fire hydrant,a book,"7,21,467,124",a fire hydrant,"28,45,309,491",,,,
1790,overlapping_bboxes,a boat and a traffic light,a boat,"22,17,351,464",a traffic light,"200,18,428,320",,,,
1791,overlapping_bboxes,a boat and a speaker,a boat,"68,238,458,479",a speaker,"245,357,374,489",,,,
1792,overlapping_bboxes,"a bear, a shirt and a printer",a bear,"64,316,460,469",a shirt,"37,196,383,485",a printer,"5,76,399,492",,
1793,overlapping_bboxes,"a skyscraper, a cake and a hammer",a skyscraper,"75,283,279,505",a cake,"140,245,364,377",a hammer,"40,227,459,401",,
1794,overlapping_bboxes,"a keyboard, a knife and a hammer",a keyboard,"205,379,490,481",a knife,"77,182,428,510",a hammer,"53,138,511,510",,
1795,overlapping_bboxes,"a bus, a frisbee and a remote",a bus,"215,6,411,308",a frisbee,"308,108,465,243",a remote,"220,102,366,304",,
1796,overlapping_bboxes,"a baseball bat, a shampoo and a blender",a baseball bat,"62,69,492,433",a shampoo,"104,112,222,387",a blender,"4,107,443,445",,
1797,overlapping_bboxes,"a skyscraper, a dog and a shampoo",a skyscraper,"33,127,449,238",a dog,"7,18,465,498",a shampoo,"96,121,385,505",,
1798,overlapping_bboxes,"a table, a tennis racket and a ring",a table,"37,75,317,257",a tennis racket,"34,40,465,490",a ring,"273,99,407,367",,
1799,overlapping_bboxes,"a truck, a watch and a flashlight",a truck,"231,58,317,508",a watch,"135,238,322,503",a flashlight,"5,178,278,472",,
1800,overlapping_bboxes,"a tree, a microwave and a train",a tree,"96,31,333,126",a microwave,"128,2,321,477",a train,"199,22,328,194",,
1801,overlapping_bboxes,"an elephant, a mushroom and a frisbee",an elephant,"35,43,467,511",a mushroom,"72,26,378,392",a frisbee,"202,113,483,219",,
1802,overlapping_bboxes,"a baby, an apple and a monitor",a baby,"176,16,442,468",an apple,"49,134,441,484",a monitor,"24,154,446,401",,
1803,overlapping_bboxes,"a broom, a giraffe and a hair drier",a broom,"116,16,393,254",a giraffe,"0,4,477,111",a hair drier,"57,31,267,280",,
1804,overlapping_bboxes,"a book, a mug and a pan",a book,"242,9,400,504",a mug,"3,89,512,368",a pan,"163,2,272,456",,
1805,overlapping_bboxes,"a baby, a platypus and a flower",a baby,"25,10,440,108",a platypus,"62,3,442,225",a flower,"1,9,487,129",,
1806,overlapping_bboxes,"a donut, a handbag and a shoe",a donut,"53,15,486,271",a handbag,"141,35,296,320",a shoe,"169,10,259,337",,
1807,overlapping_bboxes,"a cow, an oven and a plate",a cow,"17,215,485,458",an oven,"85,0,483,493",a plate,"16,226,283,500",,
1808,overlapping_bboxes,"a skyscraper, a microwave and a giraffe",a skyscraper,"55,63,420,312",a microwave,"103,95,234,469",a giraffe,"49,8,453,499",,
1809,overlapping_bboxes,"a screwdriver, a desk and a remote",a screwdriver,"347,202,490,378",a desk,"131,1,486,509",a remote,"110,74,502,394",,
1810,overlapping_bboxes,"a car, a horse and a traffic light",a car,"58,0,402,510",a horse,"204,8,419,317",a traffic light,"206,148,302,378",,
1811,overlapping_bboxes,"a guitar, a hair drier and a remote",a guitar,"130,375,489,510",a hair drier,"48,50,480,457",a remote,"12,396,343,506",,
1812,overlapping_bboxes,"a lamp, a book and a fork",a lamp,"320,235,487,438",a book,"284,82,436,510",a fork,"77,164,454,497",,
1813,overlapping_bboxes,"a handbag, a cup and a bowl",a handbag,"229,311,492,448",a cup,"116,41,468,376",a bowl,"102,260,402,494",,
1814,overlapping_bboxes,"a cup, a fire hydrant and a sock",a cup,"35,6,332,510",a fire hydrant,"203,140,480,494",a sock,"265,217,498,364",,
1815,overlapping_bboxes,"a tennis racket, a leaf and a soap",a tennis racket,"147,13,475,442",a leaf,"2,71,504,511",a soap,"157,46,243,384",,
1816,overlapping_bboxes,"a vase, an hot-dog and a fork",a vase,"195,25,467,337",an hot-dog,"307,132,408,235",a fork,"171,34,339,437",,
1817,overlapping_bboxes,"a banana, a tiger and an oven",a banana,"144,80,331,346",a tiger,"174,20,355,415",an oven,"298,29,402,481",,
1818,overlapping_bboxes,"a bus, a frisbee and a scarf",a bus,"31,31,486,432",a frisbee,"125,96,508,474",a scarf,"85,381,481,482",,
1819,overlapping_bboxes,"a bed, a truck and a scarf",a bed,"142,170,509,482",a truck,"208,10,385,511",a scarf,"33,198,341,446",,
1820,overlapping_bboxes,"a chair, a guitar and a keyboard",a chair,"4,0,465,506",a guitar,"56,40,470,512",a keyboard,"7,62,472,503",,
1821,overlapping_bboxes,"an apple, a horse and a remote",an apple,"137,324,500,428",a horse,"90,60,504,433",a remote,"169,174,250,459",,
1822,overlapping_bboxes,"a stop sign, a pan and a television",a stop sign,"28,36,355,434",a pan,"125,209,226,463",a television,"59,255,432,482",,
1823,overlapping_bboxes,"a tree, a speaker and a television",a tree,"7,9,322,498",a speaker,"238,5,418,483",a television,"199,50,497,420",,
1824,overlapping_bboxes,"a banana, a skateboard and a tennis racket",a banana,"26,341,304,468",a skateboard,"197,16,292,508",a tennis racket,"2,141,509,461",,
1825,overlapping_bboxes,"a plant, a platypus and a hair drier",a plant,"115,208,388,391",a platypus,"187,123,370,397",a hair drier,"22,33,510,355",,
1826,overlapping_bboxes,"a cat, a boy and a vase",a cat,"56,42,183,424",a boy,"19,253,350,343",a vase,"69,32,462,335",,
1827,overlapping_bboxes,"a handbag, a snowboard and a shirt",a handbag,"127,40,217,483",a snowboard,"110,84,447,408",a shirt,"303,261,421,385",,
1828,overlapping_bboxes,"a guitar, a desk and a refrigerator",a guitar,"88,98,499,429",a desk,"176,52,288,398",a refrigerator,"7,59,511,439",,
1829,overlapping_bboxes,"a crocodile, a sink and a sock",a crocodile,"243,61,458,176",a sink,"227,54,384,284",a sock,"42,25,509,496",,
1830,overlapping_bboxes,"a snowboard, a blender and a notebook",a snowboard,"199,147,466,400",a blender,"110,101,289,254",a notebook,"17,52,318,507",,
1831,overlapping_bboxes,"a microwave, a giraffe and an elephant",a microwave,"88,28,306,293",a giraffe,"86,185,397,425",an elephant,"51,73,429,286",,
1832,overlapping_bboxes,"an umbrella, a train and a pan",an umbrella,"98,24,301,434",a train,"128,274,499,427",a pan,"57,63,452,507",,
1833,overlapping_bboxes,"a guitar, a traffic light and a shoe",a guitar,"45,86,369,408",a traffic light,"288,61,371,429",a shoe,"346,32,506,479",,
1834,overlapping_bboxes,"a cat, a bottle and a door",a cat,"105,71,270,502",a bottle,"107,120,380,286",a door,"165,59,312,419",,
1835,overlapping_bboxes,"a horse, a zebra and a soap",a horse,"28,1,412,102",a zebra,"125,72,402,321",a soap,"41,43,502,362",,
1836,overlapping_bboxes,"a toilet, a surfboard and a handbag",a toilet,"9,83,494,362",a surfboard,"122,56,473,429",a handbag,"188,54,455,446",,
1837,overlapping_bboxes,"a lamp, a toothbrush and a keyboard",a lamp,"158,42,253,480",a toothbrush,"91,37,398,273",a keyboard,"15,45,502,490",,
1838,overlapping_bboxes,"a bed, an elephant and a charger",a bed,"331,64,414,476",an elephant,"100,191,430,449",a charger,"35,65,454,334",,
1839,overlapping_bboxes,"a baseball bat, a hammer and a desk",a baseball bat,"366,82,477,349",a hammer,"251,8,447,500",a desk,"344,89,474,478",,
1840,overlapping_bboxes,"a chair, a table and a cow",a chair,"169,16,467,457",a table,"31,262,497,406",a cow,"128,29,291,449",,
1841,overlapping_bboxes,"a toothbrush, a horse and a refrigerator",a toothbrush,"63,68,214,490",a horse,"77,262,437,375",a refrigerator,"83,169,399,289",,
1842,overlapping_bboxes,"a parking meter, a flower and a bucket",a parking meter,"140,81,348,468",a flower,"288,111,411,501",a bucket,"36,116,461,504",,
1843,overlapping_bboxes,"a donut, a horse and a sock",a donut,"20,60,450,332",a horse,"47,119,450,322",a sock,"14,260,389,359",,
1844,overlapping_bboxes,"a boy, a platypus and a tennis racket",a boy,"87,75,398,285",a platypus,"121,10,472,502",a tennis racket,"152,84,439,296",,
1845,overlapping_bboxes,"a baby, a fire hydrant and a mug",a baby,"17,356,138,471",a fire hydrant,"32,36,215,502",a mug,"26,83,454,482",,
1846,overlapping_bboxes,"a skyscraper, a guitar and a mug",a skyscraper,"77,24,190,195",a guitar,"111,22,361,193",a mug,"61,48,507,341",,
1847,overlapping_bboxes,"a baby, a hair drier and a charger",a baby,"244,236,452,365",a hair drier,"121,12,372,451",a charger,"263,326,379,459",,
1848,overlapping_bboxes,"a tree, a sock and a notebook",a tree,"120,144,438,486",a sock,"192,43,329,252",a notebook,"278,52,425,242",,
1849,overlapping_bboxes,"a donut, a bench and a television",a donut,"176,250,278,503",a bench,"65,170,384,512",a television,"106,249,453,493",,
1850,overlapping_bboxes,"a kite, a monitor and a printer",a kite,"2,57,499,494",a monitor,"154,138,508,506",a printer,"42,66,490,444",,
1851,overlapping_bboxes,"a book, a toilet and a watch",a book,"76,322,249,495",a toilet,"135,246,385,510",a watch,"62,32,234,449",,
1852,overlapping_bboxes,"a tree, a baby and a keyboard",a tree,"2,38,508,512",a baby,"4,267,420,453",a keyboard,"62,345,346,447",,
1853,overlapping_bboxes,"a donut, a crocodile and a sock",a donut,"75,42,360,366",a crocodile,"74,64,288,248",a sock,"56,10,491,479",,
1854,overlapping_bboxes,"a tree, a surfboard and a pan",a tree,"247,1,365,499",a surfboard,"134,22,359,497",a pan,"5,122,423,369",,
1855,overlapping_bboxes,"a donut, a turtle and a frisbee",a donut,"144,98,342,462",a turtle,"7,204,502,439",a frisbee,"357,226,500,393",,
1856,overlapping_bboxes,"a car, a knife and a baseball glove",a car,"222,122,376,422",a knife,"185,137,470,224",a baseball glove,"110,115,458,301",,
1857,overlapping_bboxes,"a person, an umbrella and a bucket",a person,"9,27,509,512",an umbrella,"3,82,500,263",a bucket,"144,218,481,302",,
1858,overlapping_bboxes,"a keyboard, a surfboard and a scarf",a keyboard,"300,150,461,293",a surfboard,"42,120,471,331",a scarf,"43,134,480,300",,
1859,overlapping_bboxes,"a bed, a suitcase and a motorcycle",a bed,"23,143,395,428",a suitcase,"274,139,508,220",a motorcycle,"286,14,457,492",,
1860,overlapping_bboxes,"an hot-dog, a shampoo and a printer",an hot-dog,"103,73,411,265",a shampoo,"363,81,477,429",a printer,"122,103,416,462",,
1861,overlapping_bboxes,"a table, a donut and a hammer",a table,"199,30,316,242",a donut,"190,57,294,309",a hammer,"3,25,498,408",,
1862,overlapping_bboxes,"a dog, a truck and a blender",a dog,"3,269,496,511",a truck,"1,351,175,485",a blender,"5,280,94,458",,
1863,overlapping_bboxes,"a bird, a knife and a monitor",a bird,"39,36,477,448",a knife,"18,196,433,325",a monitor,"115,78,509,215",,
1864,overlapping_bboxes,"a guitar, a train and a scarf",a guitar,"93,28,437,273",a train,"18,11,357,207",a scarf,"83,2,369,493",,
1865,overlapping_bboxes,"a plant, a cellphone and a screwdriver",a plant,"25,28,339,451",a cellphone,"24,148,373,478",a screwdriver,"61,146,501,402",,
1866,overlapping_bboxes,"a toilet, a crocodile and a sink",a toilet,"37,6,153,497",a crocodile,"55,297,400,406",a sink,"316,132,403,383",,
1867,overlapping_bboxes,"a toilet, a tape and a pan",a toilet,"60,216,406,401",a tape,"67,77,240,392",a pan,"31,11,250,512",,
1868,overlapping_bboxes,"a bed, a suitcase and a backpack",a bed,"115,189,312,418",a suitcase,"132,7,241,376",a backpack,"50,45,497,438",,
1869,overlapping_bboxes,"a rose, an oven and a soap",a rose,"87,219,433,444",an oven,"264,21,388,503",a soap,"12,57,405,466",,
1870,overlapping_bboxes,"a baseball bat, a bowl and a notebook",a baseball bat,"128,155,252,247",a bowl,"53,87,345,477",a notebook,"2,0,422,365",,
1871,overlapping_bboxes,"a tie, a shower and a curtain",a tie,"24,40,495,479",a shower,"69,133,202,477",a curtain,"73,211,274,445",,
1872,overlapping_bboxes,"a boy, a clock and a bench",a boy,"73,87,487,315",a clock,"36,98,249,214",a bench,"9,11,500,512",,
1873,overlapping_bboxes,"a cow, a spoon and a shirt",a cow,"275,37,437,472",a spoon,"8,84,507,345",a shirt,"8,40,400,505",,
1874,overlapping_bboxes,"a cellphone, a shirt and a speaker",a cellphone,"309,260,481,508",a shirt,"285,11,452,498",a speaker,"6,359,445,458",,
1875,overlapping_bboxes,"a knife, a candle and a desk",a knife,"70,304,243,414",a candle,"181,165,320,453",a desk,"209,155,468,494",,
1876,overlapping_bboxes,"a tree, a tie and a hair drier",a tree,"305,6,498,453",a tie,"85,81,493,239",a hair drier,"97,170,353,359",,
1877,overlapping_bboxes,"a train, a fork and a refrigerator",a train,"16,23,506,502",a fork,"137,54,425,473",a refrigerator,"150,153,414,454",,
1878,overlapping_bboxes,"an oak, a basket and a screwdriver",an oak,"51,35,502,470",a basket,"8,146,503,475",a screwdriver,"257,162,477,247",,
1879,overlapping_bboxes,"a skateboard, a handbag and an elephant",a skateboard,"53,3,383,461",a handbag,"21,158,461,460",an elephant,"6,23,512,272",,
1880,overlapping_bboxes,"a bed, an elephant and a speaker",a bed,"50,10,409,492",an elephant,"25,312,242,419",a speaker,"16,128,272,382",,
1881,overlapping_bboxes,"a mouse, a fire hydrant and a frisbee",a mouse,"10,70,469,475",a fire hydrant,"98,76,240,443",a frisbee,"86,58,282,204",,
1882,overlapping_bboxes,"a suitcase, a pan and a watch",a suitcase,"166,43,455,475",a pan,"152,22,405,505",a watch,"275,205,469,418",,
1883,overlapping_bboxes,"a book, a table and a giraffe",a book,"148,137,278,410",a table,"115,49,424,454",a giraffe,"240,49,338,510",,
1884,overlapping_bboxes,"a kite, a motorcycle and a hammer",a kite,"117,76,483,318",a motorcycle,"248,80,478,382",a hammer,"2,110,479,458",,
1885,overlapping_bboxes,"a tree, a broom and a toaster",a tree,"142,273,315,472",a broom,"22,0,508,488",a toaster,"0,95,104,503",,
1886,overlapping_bboxes,"a donut, a bowl and a toolbox",a donut,"5,247,226,387",a bowl,"12,47,169,405",a toolbox,"65,175,266,423",,
1887,overlapping_bboxes,"a boy, a surfboard and a scarf",a boy,"166,139,331,317",a surfboard,"120,129,230,284",a scarf,"129,189,298,328",,
1888,overlapping_bboxes,"a baby, a suitcase and a hammer",a baby,"104,12,496,151",a suitcase,"52,3,328,464",a hammer,"63,121,340,363",,
1889,overlapping_bboxes,"a bus, a baseball glove and a cake",a bus,"133,19,263,348",a baseball glove,"143,127,317,512",a cake,"81,257,221,497",,
1890,overlapping_bboxes,"a sheep, a watch and a glass",a sheep,"301,134,456,242",a watch,"132,8,451,445",a glass,"183,75,451,351",,
1891,overlapping_bboxes,"a ladder, a basket and a drill",a ladder,"62,315,504,401",a basket,"231,30,460,402",a drill,"30,156,322,424",,
1892,overlapping_bboxes,"a bird, a toothbrush and a shower",a bird,"41,80,482,487",a toothbrush,"406,300,493,395",a shower,"307,6,502,487",,
1893,overlapping_bboxes,"a candle, a shampoo and a toolbox",a candle,"99,110,499,381",a shampoo,"10,1,376,356",a toolbox,"39,135,309,414",,
1894,overlapping_bboxes,"a banana, a door and a toolbox",a banana,"8,336,511,493",a door,"119,123,394,455",a toolbox,"12,2,407,510",,
1895,overlapping_bboxes,"a surfboard, a baseball glove and a zebra",a surfboard,"32,94,115,441",a baseball glove,"46,203,300,294",a zebra,"76,121,404,481",,
1896,overlapping_bboxes,"a baseball bat, a zebra and a desk",a baseball bat,"39,33,293,467",a zebra,"72,1,209,464",a desk,"70,397,242,509",,
1897,overlapping_bboxes,"a book, a scarf and a soap",a book,"31,188,196,512",a scarf,"127,119,385,308",a soap,"72,383,342,471",,
1898,overlapping_bboxes,"a shower, a turtle and a screwdriver",a shower,"145,226,480,468",a turtle,"4,189,502,482",a screwdriver,"42,191,419,427",,
1899,overlapping_bboxes,"a surfboard, a handbag and a suitcase",a surfboard,"142,4,393,324",a handbag,"247,0,455,509",a suitcase,"26,3,481,423",,
1900,overlapping_bboxes,"a broom, a knife and a turtle",a broom,"141,89,433,490",a knife,"78,43,462,508",a turtle,"75,300,398,489",,
1901,overlapping_bboxes,"a sheep, a bench and a mug",a sheep,"2,16,377,509",a bench,"78,6,392,380",a mug,"62,8,438,453",,
1902,overlapping_bboxes,"a dog, a guitar and a bench",a dog,"172,0,498,136",a guitar,"22,3,499,167",a bench,"95,26,451,289",,
1903,overlapping_bboxes,"a truck, a sink and a hammer",a truck,"1,126,511,341",a sink,"36,54,263,279",a hammer,"71,38,470,288",,
1904,overlapping_bboxes,"a tree, a frisbee and a pan",a tree,"91,127,480,343",a frisbee,"305,96,425,508",a pan,"5,17,508,411",,
1905,overlapping_bboxes,"a rose, a baby and a turtle",a rose,"63,382,461,497",a baby,"6,287,440,445",a turtle,"25,344,509,481",,
1906,overlapping_bboxes,"a guitar, a hat and a candle",a guitar,"244,398,480,485",a hat,"370,6,470,494",a candle,"95,120,394,508",,
1907,overlapping_bboxes,"a kite, a hammer and a desk",a kite,"115,45,511,166",a hammer,"138,74,339,406",a desk,"116,92,384,426",,
1908,overlapping_bboxes,"a dog, a car and a baseball bat",a dog,"131,5,405,416",a car,"230,132,439,445",a baseball bat,"323,38,499,475",,
1909,overlapping_bboxes,"a boy, a flower and a candle",a boy,"415,3,512,494",a flower,"164,34,511,218",a candle,"114,55,474,505",,
1910,overlapping_bboxes,"a stop sign, a sandwich and a fire hydrant",a stop sign,"145,11,320,386",a sandwich,"112,26,448,465",a fire hydrant,"163,138,483,490",,
1911,overlapping_bboxes,"a table, a shower and a bear",a table,"12,132,499,380",a shower,"157,162,436,457",a bear,"188,33,506,451",,
1912,overlapping_bboxes,"a laptop, a handbag and a monitor",a laptop,"223,39,440,391",a handbag,"84,44,495,189",a monitor,"84,58,409,504",,
1913,overlapping_bboxes,"a flower, an elephant and a turtle",a flower,"180,116,277,389",an elephant,"145,195,436,363",a turtle,"128,142,289,511",,
1914,overlapping_bboxes,"a banana, a cow and a ball",a banana,"150,65,385,368",a cow,"5,221,462,313",a ball,"75,5,279,507",,
1915,overlapping_bboxes,"a laptop, a handbag and a horse",a laptop,"205,9,358,509",a handbag,"23,75,241,504",a horse,"29,221,392,401",,
1916,overlapping_bboxes,"a horse, a hair drier and a backpack",a horse,"25,84,167,505",a hair drier,"103,24,437,469",a backpack,"163,38,451,293",,
1917,overlapping_bboxes,"an hot-dog, an elephant and a plate",an hot-dog,"138,241,372,351",an elephant,"107,203,460,346",a plate,"48,29,490,481",,
1918,overlapping_bboxes,"a toilet, a tiger and a hair drier",a toilet,"284,123,440,500",a tiger,"184,55,450,419",a hair drier,"314,11,494,486",,
1919,overlapping_bboxes,"a traffic light, a hair drier and a sock",a traffic light,"211,57,389,405",a hair drier,"71,32,473,468",a sock,"148,89,319,224",,
1920,overlapping_bboxes,"a baby, a cup, a ladder and a refrigerator",a baby,"88,86,505,466",a cup,"90,217,507,478",a ladder,"192,123,477,390",a refrigerator,"31,20,159,505"
1921,overlapping_bboxes,"a bicycle, a microwave, a knife and a door",a bicycle,"322,41,447,457",a microwave,"123,51,478,273",a knife,"215,188,311,470",a door,"20,136,500,443"
1922,overlapping_bboxes,"a cat, a bottle, an hot-dog and a shampoo",a cat,"5,46,505,498",a bottle,"61,29,144,449",an hot-dog,"8,20,396,295",a shampoo,"2,52,335,488"
1923,overlapping_bboxes,"a teddy bear, a traffic light, a cup and a blender",a teddy bear,"91,206,369,399",a traffic light,"115,294,246,501",a cup,"152,173,407,275",a blender,"280,245,508,406"
1924,overlapping_bboxes,"a toilet, a carrot, a mouse and a motorcycle",a toilet,"106,14,496,201",a carrot,"196,179,398,380",a mouse,"155,23,467,499",a motorcycle,"275,72,376,433"
1925,overlapping_bboxes,"a cow, a flower, a mug and a speaker",a cow,"1,33,470,382",a flower,"22,252,505,419",a mug,"228,28,419,371",a speaker,"24,74,502,224"
1926,overlapping_bboxes,"a cake, a hair drier, a wallet and a door",a cake,"216,240,357,362",a hair drier,"147,8,508,511",a wallet,"9,47,361,512",a door,"118,59,466,486"
1927,overlapping_bboxes,"a sheep, an umbrella, a hat and a screwdriver",a sheep,"61,49,377,465",an umbrella,"41,52,392,510",a hat,"10,12,480,437",a screwdriver,"82,76,284,511"
1928,overlapping_bboxes,"a bed, a tiger, a shampoo and a bin",a bed,"32,24,240,327",a tiger,"62,19,262,204",a shampoo,"97,157,305,300",a bin,"6,40,500,188"
1929,overlapping_bboxes,"a book, an apple, a suitcase and a ruler",a book,"9,112,162,427",an apple,"23,73,247,471",a suitcase,"98,61,227,307",a ruler,"23,113,162,306"
1930,overlapping_bboxes,"a sheep, a platypus, a horse and a bear",a sheep,"129,188,498,422",a platypus,"35,34,333,489",a horse,"105,190,350,318",a bear,"52,253,292,363"
1931,overlapping_bboxes,"a beetle, an umbrella, a bird and a sink",a beetle,"16,73,463,463",an umbrella,"18,111,129,321",a bird,"222,159,461,273",a sink,"66,133,511,270"
1932,overlapping_bboxes,"a bottle, a tiger, a teddy bear and a tie",a bottle,"95,104,481,272",a tiger,"2,118,428,445",a teddy bear,"83,23,404,344",a tie,"32,43,436,476"
1933,overlapping_bboxes,"a spoon, an elephant, a mouse and a printer",a spoon,"7,23,457,168",an elephant,"14,107,419,383",a mouse,"45,154,414,480",a printer,"93,42,200,469"
1934,overlapping_bboxes,"a bus, a sandwich, a remote and a toolbox",a bus,"154,4,296,311",a sandwich,"216,25,416,287",a remote,"287,41,418,377",a toolbox,"185,6,460,480"
1935,overlapping_bboxes,"a toilet, a giraffe, an elephant and a mug",a toilet,"223,50,331,248",a giraffe,"114,77,491,250",an elephant,"2,5,423,452",a mug,"75,180,164,439"
1936,overlapping_bboxes,"a bicycle, a person, a handbag and a knife",a bicycle,"26,218,334,511",a person,"8,325,371,448",a handbag,"141,316,362,464",a knife,"200,303,496,465"
1937,overlapping_bboxes,"a laptop, an apple, a speaker and a remote",a laptop,"1,210,196,497",an apple,"114,145,365,496",a speaker,"29,250,485,358",a remote,"77,151,226,472"
1938,overlapping_bboxes,"a broom, an elephant, a television and a refrigerator",a broom,"104,188,277,512",an elephant,"89,108,205,446",a television,"68,257,428,499",a refrigerator,"1,43,492,489"
1939,overlapping_bboxes,"a couch, a guitar, a surfboard and a mushroom",a couch,"152,6,482,427",a guitar,"183,141,338,472",a surfboard,"321,176,472,459",a mushroom,"91,44,500,335"
1940,overlapping_bboxes,"an oak, a clock, a toaster and a shampoo",an oak,"189,211,480,332",a clock,"184,15,460,503",a toaster,"115,0,492,509",a shampoo,"213,85,480,487"
1941,overlapping_bboxes,"an apple, a traffic light, a ladder and a charger",an apple,"77,285,259,407",a traffic light,"163,31,446,492",a ladder,"154,18,445,481",a charger,"18,293,442,398"
1942,overlapping_bboxes,"a toothbrush, a broom, a sock and a refrigerator",a toothbrush,"169,106,511,385",a broom,"13,61,506,308",a sock,"2,19,508,406",a refrigerator,"87,91,434,175"
1943,overlapping_bboxes,"a bed, a microwave, a toaster and a refrigerator",a bed,"269,30,429,449",a microwave,"138,137,325,491",a toaster,"148,42,313,496",a refrigerator,"175,191,326,496"
1944,overlapping_bboxes,"a toilet, a clock, a shower and a notebook",a toilet,"0,20,130,223",a clock,"29,137,192,426",a shower,"24,184,440,297",a notebook,"101,27,490,438"
1945,overlapping_bboxes,"a parking meter, a monitor, a door and a curtain",a parking meter,"113,104,357,428",a monitor,"70,223,489,361",a door,"4,260,479,458",a curtain,"0,95,291,363"
1946,overlapping_bboxes,"a surfboard, a pizza, a crocodile and a bin",a surfboard,"99,10,474,488",a pizza,"111,59,316,329",a crocodile,"15,58,501,176",a bin,"125,18,431,146"
1947,overlapping_bboxes,"a car, a bird, a horse and a cake",a car,"267,120,371,376",a bird,"105,39,508,502",a horse,"194,105,280,300",a cake,"4,160,512,423"
1948,overlapping_bboxes,"a rose, a person, a vase and a toaster",a rose,"16,10,499,276",a person,"175,47,352,401",a vase,"219,73,345,292",a toaster,"184,2,442,270"
1949,overlapping_bboxes,"a bed, a ball, a plate and a basket",a bed,"74,15,382,353",a ball,"34,322,487,498",a plate,"204,340,405,491",a basket,"124,377,377,482"
1950,overlapping_bboxes,"a stop sign, a tie, a hat and a pillow",a stop sign,"96,81,416,382",a tie,"86,190,396,485",a hat,"183,173,344,381",a pillow,"160,69,450,500"
1951,overlapping_bboxes,"a guitar, a skateboard, a handbag and a desk",a guitar,"282,32,509,161",a skateboard,"1,39,497,202",a handbag,"181,29,296,148",a desk,"68,3,458,483"
1952,overlapping_bboxes,"a person, a knife, a cake and a tennis racket",a person,"58,202,373,328",a knife,"230,16,397,473",a cake,"152,34,443,412",a tennis racket,"247,76,371,314"
1953,overlapping_bboxes,"a sheep, a platypus, a ruler and a basket",a sheep,"4,241,269,501",a platypus,"12,79,493,474",a ruler,"7,73,497,490",a basket,"69,190,233,384"
1954,overlapping_bboxes,"a boy, a toothbrush, a surfboard and a curtain",a boy,"25,201,499,379",a toothbrush,"19,27,465,506",a surfboard,"83,283,464,431",a curtain,"206,84,432,351"
1955,overlapping_bboxes,"a skyscraper, a surfboard, a toaster and a truck",a skyscraper,"82,125,289,465",a surfboard,"2,288,194,506",a toaster,"69,24,165,438",a truck,"99,47,316,375"
1956,overlapping_bboxes,"a skyscraper, a chair, a baseball bat and a spoon",a skyscraper,"33,22,275,501",a chair,"93,338,415,475",a baseball bat,"3,75,385,387",a spoon,"19,170,456,488"
1957,overlapping_bboxes,"a blender, a monitor, a desk and a drill",a blender,"126,263,415,468",a monitor,"11,153,503,482",a desk,"74,256,439,404",a drill,"244,214,408,352"
1958,overlapping_bboxes,"an oak, a lamp, a plant and a broom",an oak,"5,10,94,500",a lamp,"1,104,417,480",a plant,"56,142,470,501",a broom,"20,319,474,475"
1959,overlapping_bboxes,"a surfboard, a tie, a tape and a desk",a surfboard,"161,188,266,493",a tie,"91,96,202,477",a tape,"29,23,486,502",a desk,"48,164,208,478"
1960,overlapping_bboxes,"a cow, a bottle, a sink and a ladder",a cow,"214,254,348,504",a bottle,"15,1,486,457",a sink,"65,218,434,365",a ladder,"229,21,337,194"
1961,overlapping_bboxes,"an apple, a horse, a ladder and a blender",an apple,"48,258,404,433",a horse,"11,124,273,367",a ladder,"208,263,446,346",a blender,"22,225,302,432"
1962,overlapping_bboxes,"a chair, a plant, a sandwich and an hot-dog",a chair,"151,77,248,466",a plant,"29,207,274,449",a sandwich,"112,139,309,307",an hot-dog,"185,81,360,259"
1963,overlapping_bboxes,"a cellphone, a giraffe, a hat and a scarf",a cellphone,"254,10,411,121",a giraffe,"0,60,497,450",a hat,"59,14,313,249",a scarf,"10,19,390,490"
1964,overlapping_bboxes,"a toilet, a surfboard, a spoon and a pizza",a toilet,"229,129,324,230",a surfboard,"142,43,338,306",a spoon,"231,23,333,477",a pizza,"80,175,368,480"
1965,overlapping_bboxes,"a skyscraper, a skateboard, a horse and a cake",a skyscraper,"179,12,342,506",a skateboard,"96,94,447,499",a horse,"17,11,311,497",a cake,"80,10,270,429"
1966,overlapping_bboxes,"a fire hydrant, a bucket, a backpack and a remote",a fire hydrant,"214,3,358,435",a bucket,"161,150,457,383",a backpack,"14,1,512,490",a remote,"101,60,485,380"
1967,overlapping_bboxes,"a cat, a toilet, a motorcycle and a scarf",a cat,"191,305,353,464",a toilet,"244,195,417,474",a motorcycle,"211,296,445,494",a scarf,"118,146,262,456"
1968,overlapping_bboxes,"a plant, a bottle, a cup and a mug",a plant,"1,37,308,392",a bottle,"0,0,375,339",a cup,"38,10,136,268",a mug,"8,5,226,406"
1969,overlapping_bboxes,"a tree, a baseball glove, a fire hydrant and a mug",a tree,"315,211,431,448",a baseball glove,"36,79,442,470",a fire hydrant,"200,117,453,411",a mug,"286,191,391,450"
1970,overlapping_bboxes,"a boy, a stop sign, a bottle and a shampoo",a boy,"20,81,401,186",a stop sign,"170,77,439,499",a bottle,"34,194,458,293",a shampoo,"361,151,480,277"
1971,overlapping_bboxes,"a guitar, a toothbrush, a train and a scarf",a guitar,"143,119,409,459",a toothbrush,"6,1,512,506",a train,"78,14,286,165",a scarf,"96,38,444,460"
1972,overlapping_bboxes,"a stop sign, a charger, a basket and a soap",a stop sign,"181,1,443,448",a charger,"263,67,373,433",a basket,"176,11,484,449",a soap,"91,266,302,427"
1973,overlapping_bboxes,"a shower, a crocodile, a fire hydrant and a shampoo",a shower,"180,280,460,487",a crocodile,"0,36,380,491",a fire hydrant,"11,19,508,251",a shampoo,"15,5,169,505"
1974,overlapping_bboxes,"a banana, a parking meter, a fork and a shirt",a banana,"8,300,362,434",a parking meter,"38,279,487,387",a fork,"76,13,498,474",a shirt,"48,159,141,311"
1975,overlapping_bboxes,"a car, a spoon, a pizza and a watch",a car,"11,189,443,428",a spoon,"5,85,307,359",a pizza,"13,247,507,345",a watch,"3,242,499,410"
1976,overlapping_bboxes,"a skyscraper, a leaf, a speaker and a remote",a skyscraper,"110,103,255,334",a leaf,"43,146,231,269",a speaker,"92,56,506,267",a remote,"35,8,420,507"
1977,overlapping_bboxes,"a cellphone, a ladder, a shirt and a remote",a cellphone,"110,101,484,223",a ladder,"58,93,505,174",a shirt,"72,63,378,265",a remote,"164,72,367,375"
1978,overlapping_bboxes,"a sheep, a bird, a bench and a glass",a sheep,"69,40,462,502",a bird,"115,364,431,497",a bench,"87,18,480,457",a glass,"308,231,479,322"
1979,overlapping_bboxes,"a cow, a fire hydrant, a ladder and a backpack",a cow,"84,371,338,457",a fire hydrant,"1,177,507,487",a ladder,"13,137,240,389",a backpack,"9,154,485,483"
1980,overlapping_bboxes,"a cat, a guitar, a skateboard and a motorcycle",a cat,"64,30,489,486",a guitar,"258,269,358,364",a skateboard,"64,11,272,363",a motorcycle,"114,187,507,446"
1981,overlapping_bboxes,"a tree, a handbag, a giraffe and a notebook",a tree,"172,113,393,490",a handbag,"244,101,485,402",a giraffe,"91,20,461,465",a notebook,"144,108,321,455"
1982,overlapping_bboxes,"a bear, a screwdriver, a glass and a drill",a bear,"44,240,452,425",a screwdriver,"70,130,306,467",a glass,"194,4,492,505",a drill,"22,105,372,406"
1983,overlapping_bboxes,"a pizza, a sink, a frisbee and a ball",a pizza,"337,52,491,289",a sink,"295,5,385,255",a frisbee,"375,14,498,366",a ball,"192,21,427,492"
1984,overlapping_bboxes,"an umbrella, a teddy bear, a baseball glove and a curtain",an umbrella,"9,9,511,411",a teddy bear,"92,116,510,484",a baseball glove,"241,379,365,460",a curtain,"55,158,283,444"
1985,overlapping_bboxes,"a bicycle, a sandwich, a handbag and a ruler",a bicycle,"10,91,414,306",a sandwich,"0,113,490,315",a handbag,"164,16,322,468",a ruler,"14,44,480,415"
1986,overlapping_bboxes,"a cake, a door, a printer and a ring",a cake,"121,16,376,505",a door,"8,91,314,449",a printer,"7,72,498,415",a ring,"175,1,486,511"
1987,overlapping_bboxes,"a car, a book, a bench and a hat",a car,"100,140,210,302",a book,"54,100,230,508",a bench,"86,102,209,488",a hat,"25,55,484,508"
1988,overlapping_bboxes,"a pizza, a suitcase, a frisbee and a tape",a pizza,"22,264,489,512",a suitcase,"24,273,510,420",a frisbee,"86,113,500,434",a tape,"0,241,504,481"
1989,overlapping_bboxes,"a sheep, a giraffe, a mug and a door",a sheep,"42,57,490,463",a giraffe,"382,116,499,506",a mug,"42,214,236,494",a door,"138,94,256,272"
1990,overlapping_bboxes,"a train, a charger, a monitor and a desk",a train,"5,207,485,374",a charger,"98,13,356,497",a monitor,"200,187,400,330",a desk,"8,63,508,414"
1991,overlapping_bboxes,"a beetle, a cup, a tape and a flashlight",a beetle,"153,132,366,380",a cup,"20,8,495,475",a tape,"171,140,472,300",a flashlight,"106,2,494,511"
1992,overlapping_bboxes,"a keyboard, an apple, a fork and a mouse",a keyboard,"17,18,140,457",an apple,"37,181,204,326",a fork,"34,71,179,183",a mouse,"2,124,474,288"
1993,overlapping_bboxes,"a microwave, a skateboard, a suitcase and a charger",a microwave,"36,48,506,498",a skateboard,"333,31,492,476",a suitcase,"61,39,265,179",a charger,"10,15,271,430"
1994,overlapping_bboxes,"a cellphone, a keyboard, a hat and a mug",a cellphone,"18,19,404,479",a keyboard,"111,19,480,226",a hat,"18,11,446,507",a mug,"233,39,409,508"
1995,overlapping_bboxes,"a fire hydrant, a ladder, a mug and a soap",a fire hydrant,"104,146,389,396",a ladder,"61,47,507,500",a mug,"134,139,296,440",a soap,"238,192,426,426"
1996,overlapping_bboxes,"a cat, a platypus, a glass and a soap",a cat,"120,142,296,300",a platypus,"55,132,504,422",a glass,"44,51,461,372",a soap,"112,85,338,337"
1997,overlapping_bboxes,"a sheep, an hot-dog, a tie and a toaster",a sheep,"6,69,509,197",an hot-dog,"115,44,202,213",a tie,"74,36,278,511",a toaster,"88,160,428,242"
1998,overlapping_bboxes,"a couch, a cellphone, a bucket and a remote",a couch,"102,75,497,414",a cellphone,"9,183,483,354",a bucket,"74,68,507,364",a remote,"260,78,377,448"
1999,overlapping_bboxes,"a car, a bird, a handbag and a toaster",a car,"8,150,507,460",a bird,"13,98,473,500",a handbag,"19,1,395,189",a toaster,"4,102,502,351"
2000,overlapping_bboxes,"a fork, a hair drier, a candle and a drill",a fork,"51,48,490,301",a hair drier,"171,127,345,348",a candle,"11,57,321,419",a drill,"51,265,488,392"
2001,overlapping_bboxes,"a person, a motorcycle, a truck and a basket",a person,"82,5,494,384",a motorcycle,"84,31,386,424",a truck,"12,54,491,424",a basket,"20,26,172,498"
2002,overlapping_bboxes,"a microwave, a guitar, a flashlight and a door",a microwave,"63,220,472,391",a guitar,"54,9,361,489",a flashlight,"66,171,340,323",a door,"277,323,370,466"
2003,overlapping_bboxes,"a bicycle, a ruler, a shoe and a door",a bicycle,"251,89,398,349",a ruler,"87,232,452,454",a shoe,"79,45,389,485",a door,"179,56,347,441"
2004,overlapping_bboxes,"a sheep, a suitcase, a turtle and a blender",a sheep,"98,272,435,415",a suitcase,"16,158,457,356",a turtle,"30,53,409,354",a blender,"20,23,418,347"
2005,overlapping_bboxes,"a bicycle, a broom, a suitcase and a speaker",a bicycle,"69,49,431,403",a broom,"46,25,509,429",a suitcase,"19,260,475,449",a speaker,"6,169,323,304"
2006,overlapping_bboxes,"a couch, a mushroom, a frisbee and a shoe",a couch,"2,40,504,284",a mushroom,"24,65,230,238",a frisbee,"50,90,350,220",a shoe,"149,9,451,306"
2007,overlapping_bboxes,"a guitar, a spoon, an apple and a soap",a guitar,"34,253,467,496",a spoon,"41,3,451,506",an apple,"23,5,472,374",a soap,"8,49,292,465"
2008,overlapping_bboxes,"a person, a giraffe, a turtle and a backpack",a person,"39,149,277,402",a giraffe,"81,245,218,451",a turtle,"25,203,479,426",a backpack,"207,45,446,502"
2009,overlapping_bboxes,"a laptop, a shower, a knife and a printer",a laptop,"228,147,314,469",a shower,"105,173,454,356",a knife,"2,209,512,327",a printer,"234,184,385,511"
2010,overlapping_bboxes,"a banana, a clock, a backpack and a refrigerator",a banana,"50,19,216,279",a clock,"41,2,229,508",a backpack,"140,32,320,329",a refrigerator,"168,212,289,305"
2011,overlapping_bboxes,"a chair, a sheep, a boat and a fire hydrant",a chair,"57,8,354,512",a sheep,"181,0,503,361",a boat,"20,257,508,508",a fire hydrant,"45,58,195,435"
2012,overlapping_bboxes,"a chair, a keyboard, a turtle and a ruler",a chair,"17,107,320,303",a keyboard,"49,52,455,502",a turtle,"24,33,166,419",a ruler,"213,115,308,200"
2013,overlapping_bboxes,"a bus, a bird, a candle and a watch",a bus,"51,130,479,273",a bird,"30,122,140,256",a candle,"0,6,328,489",a watch,"36,85,364,485"
2014,overlapping_bboxes,"a baseball bat, an apple, a speaker and a toolbox",a baseball bat,"406,24,501,363",an apple,"224,115,483,431",a speaker,"241,88,482,275",a toolbox,"331,30,506,295"
2015,overlapping_bboxes,"a hair drier, a wallet, a sock and a notebook",a hair drier,"54,250,397,355",a wallet,"370,180,505,400",a sock,"53,112,439,280",a notebook,"110,106,456,493"
2016,overlapping_bboxes,"a surfboard, a ladder, a desk and a glass",a surfboard,"372,6,453,430",a ladder,"332,1,483,92",a desk,"8,129,504,326",a glass,"185,24,481,265"
2017,overlapping_bboxes,"a skyscraper, a toilet, a crocodile and a blender",a skyscraper,"33,34,473,210",a toilet,"2,141,485,280",a crocodile,"8,100,360,200",a blender,"10,165,512,302"
2018,overlapping_bboxes,"a lamp, a giraffe, a tape and a hammer",a lamp,"289,229,507,327",a giraffe,"100,225,450,336",a tape,"34,253,422,338",a hammer,"163,65,362,347"
2019,overlapping_bboxes,"a microwave, a banana, a stop sign and a sock",a microwave,"255,58,454,378",a banana,"45,65,465,383",a stop sign,"2,9,449,310",a sock,"62,271,461,479"
2020,overlapping_bboxes,"a bottle, a spoon, a frisbee and a speaker",a bottle,"7,60,503,207",a spoon,"227,163,332,420",a frisbee,"2,17,486,257",a speaker,"206,67,512,298"
2021,overlapping_bboxes,"a plant, a bear, a baseball glove and a blender",a plant,"102,56,258,154",a bear,"57,28,510,165",a baseball glove,"62,1,376,485",a blender,"135,13,289,480"
2022,overlapping_bboxes,"a ladder, a shirt, a flashlight and a desk",a ladder,"53,178,450,427",a shirt,"68,11,289,505",a flashlight,"46,10,357,512",a desk,"94,324,280,464"
2023,overlapping_bboxes,"a sheep, a door, a printer and a refrigerator",a sheep,"21,57,442,412",a door,"235,27,354,175",a printer,"57,175,296,287",a refrigerator,"31,70,186,492"
2024,overlapping_bboxes,"a baby, a sink, a ladder and a desk",a baby,"175,57,489,256",a sink,"166,69,441,373",a ladder,"36,78,487,416",a desk,"225,179,510,432"
2025,overlapping_bboxes,"a skateboard, a giraffe, a hair drier and a desk",a skateboard,"123,136,447,304",a giraffe,"201,57,488,149",a hair drier,"4,5,512,272",a desk,"30,2,474,187"
2026,overlapping_bboxes,"a tree, a handbag, an oven and a flashlight",a tree,"75,294,492,470",a handbag,"12,205,346,397",an oven,"25,79,493,482",a flashlight,"32,25,393,479"
2027,overlapping_bboxes,"a table, an apple, a ladder and a leaf",a table,"14,184,126,303",an apple,"34,33,222,391",a ladder,"53,144,489,460",a leaf,"29,66,425,264"
2028,overlapping_bboxes,"a bed, a bird, a bear and a printer",a bed,"284,221,377,352",a bird,"103,84,410,412",a bear,"29,8,175,503",a printer,"64,12,356,499"
2029,overlapping_bboxes,"a cat, a boy, a clock and a soap",a cat,"254,10,493,438",a boy,"44,154,481,311",a clock,"28,94,481,381",a soap,"133,41,457,460"
2030,overlapping_bboxes,"a person, a chair, a plant and a refrigerator",a person,"1,33,388,506",a chair,"108,41,430,343",a plant,"7,24,453,467",a refrigerator,"15,45,225,274"
2031,overlapping_bboxes,"a bicycle, a guitar, a shower and a zebra",a bicycle,"378,34,465,243",a guitar,"235,3,487,511",a shower,"98,108,494,470",a zebra,"23,6,490,203"
2032,overlapping_bboxes,"a flower, a shirt, a pan and a monitor",a flower,"84,306,377,388",a shirt,"86,292,383,424",a pan,"29,358,469,501",a monitor,"18,1,187,371"
2033,overlapping_bboxes,"a stop sign, a baseball bat, a scarf and a curtain",a stop sign,"18,24,150,502",a baseball bat,"70,308,214,489",a scarf,"16,20,336,250",a curtain,"74,313,421,431"
2034,overlapping_bboxes,"a bicycle, a toilet, a teddy bear and a ruler",a bicycle,"335,0,452,380",a toilet,"25,198,493,298",a teddy bear,"48,58,309,449",a ruler,"362,45,504,507"
2035,overlapping_bboxes,"a bench, a sandwich, a frisbee and a leaf",a bench,"144,190,468,399",a sandwich,"175,99,411,243",a frisbee,"85,18,499,209",a leaf,"2,23,512,249"
2036,overlapping_bboxes,"a teddy bear, an hot-dog, a sink and a flashlight",a teddy bear,"52,32,414,496",an hot-dog,"17,389,273,504",a sink,"231,56,480,267",a flashlight,"331,0,414,402"
2037,overlapping_bboxes,"a banana, a baseball bat, a tennis racket and a blender",a banana,"25,0,480,301",a baseball bat,"152,56,446,361",a tennis racket,"245,320,363,507",a blender,"298,75,472,487"
2038,overlapping_bboxes,"a platypus, a fork, a pillow and a speaker",a platypus,"184,100,475,370",a fork,"171,154,479,384",a pillow,"204,50,508,445",a speaker,"7,13,404,450"
2039,overlapping_bboxes,"a book, a kite, a broom and a hammer",a book,"69,59,362,455",a kite,"225,4,508,157",a broom,"154,173,400,435",a hammer,"27,89,258,319"
2040,overlapping_bboxes,"a baby, a mouse, a turtle and a pillow",a baby,"209,77,511,298",a mouse,"252,23,512,464",a turtle,"205,10,376,507",a pillow,"13,6,431,473"
2041,overlapping_bboxes,"a lamp, a snowboard, a knife and a remote",a lamp,"28,145,133,287",a snowboard,"38,42,419,444",a knife,"59,10,458,384",a remote,"62,78,507,501"
2042,overlapping_bboxes,"a table, a tiger, a traffic light and an elephant",a table,"195,81,411,477",a tiger,"133,65,329,421",a traffic light,"102,162,212,255",an elephant,"90,34,209,253"
2043,overlapping_bboxes,"a guitar, a traffic light, a ruler and a watch",a guitar,"335,89,494,403",a traffic light,"284,62,510,426",a ruler,"75,132,420,381",a watch,"111,190,474,496"
2044,overlapping_bboxes,"a stop sign, an umbrella, a spoon and a bear",a stop sign,"53,37,444,508",an umbrella,"152,195,322,357",a spoon,"85,2,309,504",a bear,"37,187,328,417"
2045,overlapping_bboxes,"a cellphone, a donut, a bowl and a truck",a cellphone,"152,151,440,485",a donut,"261,39,475,281",a bowl,"2,34,512,502",a truck,"336,129,472,337"
2046,overlapping_bboxes,"a skyscraper, a knife, a baseball glove and a glass",a skyscraper,"50,55,505,313",a knife,"234,141,322,343",a baseball glove,"338,162,491,352",a glass,"72,208,255,481"
2047,overlapping_bboxes,"a banana, an apple, a crocodile and a bowl",a banana,"3,3,512,249",an apple,"34,88,250,282",a crocodile,"29,25,477,258",a bowl,"18,60,406,369"
2048,small_bboxes,a platypus,a platypus,"65,308,210,451",,,,,,
2049,small_bboxes,a toolbox,a toolbox,"202,338,362,456",,,,,,
2050,small_bboxes,a banana,a banana,"80,274,206,418",,,,,,
2051,small_bboxes,a leaf,a leaf,"215,73,418,197",,,,,,
2052,small_bboxes,a candle,a candle,"129,241,255,435",,,,,,
2053,small_bboxes,a lamp,a lamp,"255,231,378,330",,,,,,
2054,small_bboxes,an apple,an apple,"364,401,466,492",,,,,,
2055,small_bboxes,a notebook,a notebook,"236,130,359,269",,,,,,
2056,small_bboxes,a crocodile,a crocodile,"173,296,351,431",,,,,,
2057,small_bboxes,a teddy bear,a teddy bear,"320,131,424,279",,,,,,
2058,small_bboxes,a suitcase,a suitcase,"248,195,463,305",,,,,,
2059,small_bboxes,a basket,a basket,"339,290,440,417",,,,,,
2060,small_bboxes,a truck,a truck,"264,329,366,512",,,,,,
2061,small_bboxes,a table,a table,"381,379,510,445",,,,,,
2062,small_bboxes,a charger,a charger,"76,124,242,251",,,,,,
2063,small_bboxes,a toothbrush,a toothbrush,"350,190,467,265",,,,,,
2064,small_bboxes,a motorcycle,a motorcycle,"405,352,509,467",,,,,,
2065,small_bboxes,a vase,a vase,"167,279,317,363",,,,,,
2066,small_bboxes,a refrigerator,a refrigerator,"390,97,485,226",,,,,,
2067,small_bboxes,a stop sign,a stop sign,"110,86,266,180",,,,,,
2068,small_bboxes,a mug,a mug,"144,362,281,490",,,,,,
2069,small_bboxes,a skateboard,a skateboard,"170,242,358,362",,,,,,
2070,small_bboxes,a fork,a fork,"24,302,174,381",,,,,,
2071,small_bboxes,a ball,a ball,"55,134,248,247",,,,,,
2072,small_bboxes,a flower,a flower,"62,174,188,275",,,,,,
2073,small_bboxes,a handbag,a handbag,"72,250,245,366",,,,,,
2074,small_bboxes,a mouse,a mouse,"19,284,169,452",,,,,,
2075,small_bboxes,a monitor,a monitor,"363,243,501,349",,,,,,
2076,small_bboxes,a mushroom,a mushroom,"80,234,291,348",,,,,,
2077,small_bboxes,a baseball bat,a baseball bat,"291,252,449,406",,,,,,
2078,small_bboxes,a bench,a bench,"209,162,362,317",,,,,,
2079,small_bboxes,a bed,a bed,"296,333,420,452",,,,,,
2080,small_bboxes,a horse,a horse,"182,334,398,444",,,,,,
2081,small_bboxes,a toaster,a toaster,"125,115,252,180",,,,,,
2082,small_bboxes,a printer,a printer,"159,50,316,166",,,,,,
2083,small_bboxes,a shoe,a shoe,"78,48,253,152",,,,,,
2084,small_bboxes,a pan,a pan,"94,347,283,481",,,,,,
2085,small_bboxes,a tennis racket,a tennis racket,"162,162,266,255",,,,,,
2086,small_bboxes,an elephant,an elephant,"31,98,173,222",,,,,,
2087,small_bboxes,a fire hydrant,a fire hydrant,"205,233,396,346",,,,,,
2088,small_bboxes,an hot-dog,an hot-dog,"323,36,451,170",,,,,,
2089,small_bboxes,a bus,a bus,"287,53,415,189",,,,,,
2090,small_bboxes,a sock,a sock,"134,2,255,110",,,,,,
2091,small_bboxes,a sandwich,a sandwich,"192,377,345,500",,,,,,
2092,small_bboxes,a bin,a bin,"13,272,180,388",,,,,,
2093,small_bboxes,a dog,a dog,"311,44,445,124",,,,,,
2094,small_bboxes,a curtain,a curtain,"165,236,295,335",,,,,,
2095,small_bboxes,a hat,a hat,"104,84,288,194",,,,,,
2096,small_bboxes,a book,a book,"160,305,280,511",,,,,,
2097,small_bboxes,a turtle,a turtle,"191,373,331,464",,,,,,
2098,small_bboxes,a shampoo,a shampoo,"325,303,472,426",,,,,,
2099,small_bboxes,a surfboard,a surfboard,"47,210,150,341",,,,,,
2100,small_bboxes,a speaker,a speaker,"247,365,431,472",,,,,,
2101,small_bboxes,a cow,a cow,"148,11,313,124",,,,,,
2102,small_bboxes,a guitar,a guitar,"354,318,459,461",,,,,,
2103,small_bboxes,a bottle,a bottle,"121,303,286,439",,,,,,
2104,small_bboxes,a snowboard,a snowboard,"201,222,357,302",,,,,,
2105,small_bboxes,a bucket,a bucket,"316,411,437,488",,,,,,
2106,small_bboxes,a bowl,a bowl,"137,253,278,419",,,,,,
2107,small_bboxes,a bicycle,a bicycle,"144,32,302,158",,,,,,
2108,small_bboxes,a wallet,a wallet,"307,113,413,320",,,,,,
2109,small_bboxes,a drill,a drill,"57,217,234,363",,,,,,
2110,small_bboxes,an umbrella,an umbrella,"9,87,139,233",,,,,,
2111,small_bboxes,a bird,a bird,"174,192,306,316",,,,,,
2112,small_bboxes,a microwave,a microwave,"24,67,123,184",,,,,,
2113,small_bboxes,a television,a television,"7,363,215,475",,,,,,
2114,small_bboxes,a ring,a ring,"221,151,382,283",,,,,,
2115,small_bboxes,a tree,a tree,"309,173,409,274",,,,,,
2116,small_bboxes,a ladder,a ladder,"324,246,402,351",,,,,,
2117,small_bboxes,a car,a car,"359,309,462,399",,,,,,
2118,small_bboxes,a cake,a cake,"280,368,474,466",,,,,,
2119,small_bboxes,a spoon,a spoon,"127,39,272,175",,,,,,
2120,small_bboxes,a donut,a donut,"289,143,454,238",,,,,,
2121,small_bboxes,a train,a train,"51,324,229,441",,,,,,
2122,small_bboxes,a blender,a blender,"300,9,449,155",,,,,,
2123,small_bboxes,a giraffe,a giraffe,"223,237,360,379",,,,,,
2124,small_bboxes,a rose,a rose,"91,163,239,241",,,,,,
2125,small_bboxes,a chair,a chair,"72,276,214,362",,,,,,
2126,small_bboxes,a scarf,a scarf,"224,186,391,284",,,,,,
2127,small_bboxes,a tape,a tape,"348,128,432,226",,,,,,
2128,small_bboxes,a baseball glove,a baseball glove,"129,245,260,324",,,,,,
2129,small_bboxes,a watch,a watch,"152,292,264,363",,,,,,
2130,small_bboxes,a beetle,a beetle,"255,41,350,223",,,,,,
2131,small_bboxes,a cellphone,a cellphone,"235,348,333,434",,,,,,
2132,small_bboxes,a shower,a shower,"155,273,288,431",,,,,,
2133,small_bboxes,a pillow,a pillow,"302,342,451,456",,,,,,
2134,small_bboxes,a sheep,a sheep,"160,9,346,147",,,,,,
2135,small_bboxes,a carrot,a carrot,"345,381,465,463",,,,,,
2136,small_bboxes,a remote,a remote,"221,228,377,377",,,,,,
2137,small_bboxes,a hair drier,a hair drier,"18,63,148,154",,,,,,
2138,small_bboxes,a soap,a soap,"348,82,482,244",,,,,,
2139,small_bboxes,a zebra,a zebra,"70,88,262,193",,,,,,
2140,small_bboxes,a baby,a baby,"63,419,227,506",,,,,,
2141,small_bboxes,a traffic light,a traffic light,"249,274,442,399",,,,,,
2142,small_bboxes,a tie,a tie,"129,249,274,422",,,,,,
2143,small_bboxes,a keyboard,a keyboard,"113,157,198,277",,,,,,
2144,small_bboxes,a ruler,a ruler,"280,246,434,406",,,,,,
2145,small_bboxes,a boy,a boy,"179,35,315,198",,,,,,
2146,small_bboxes,a knife,a knife,"155,26,277,144",,,,,,
2147,small_bboxes,a plant,a plant,"108,364,309,484",,,,,,
2148,small_bboxes,a backpack,a backpack,"62,225,197,305",,,,,,
2149,small_bboxes,a cat,a cat,"218,204,306,324",,,,,,
2150,small_bboxes,a hammer,a hammer,"127,37,255,105",,,,,,
2151,small_bboxes,a parking meter,a parking meter,"197,81,395,207",,,,,,
2152,small_bboxes,a desk,a desk,"157,409,273,504",,,,,,
2153,small_bboxes,a shirt,a shirt,"192,94,319,290",,,,,,
2154,small_bboxes,a laptop,a laptop,"200,220,323,400",,,,,,
2155,small_bboxes,a sink,a sink,"137,99,298,197",,,,,,
2156,small_bboxes,a plate,a plate,"356,109,451,210",,,,,,
2157,small_bboxes,an oak,an oak,"20,269,104,432",,,,,,
2158,small_bboxes,a glass,a glass,"47,322,175,397",,,,,,
2159,small_bboxes,a frisbee,a frisbee,"352,77,498,220",,,,,,
2160,small_bboxes,a broom,a broom,"22,157,177,320",,,,,,
2161,small_bboxes,a boat,a boat,"332,345,487,427",,,,,,
2162,small_bboxes,a clock,a clock,"147,9,271,86",,,,,,
2163,small_bboxes,a screwdriver,a screwdriver,"251,61,434,156",,,,,,
2164,small_bboxes,a bear,a bear,"51,194,180,375",,,,,,
2165,small_bboxes,a toilet,a toilet,"298,47,444,157",,,,,,
2166,small_bboxes,an oven,an oven,"229,164,391,255",,,,,,
2167,small_bboxes,a couch,a couch,"314,83,454,208",,,,,,
2168,small_bboxes,a door,a door,"305,362,399,496",,,,,,
2169,small_bboxes,a cup,a cup,"248,419,389,512",,,,,,
2170,small_bboxes,a skyscraper,a skyscraper,"312,136,486,250",,,,,,
2171,small_bboxes,a flashlight,a flashlight,"231,141,309,273",,,,,,
2172,small_bboxes,a kite,a kite,"111,239,234,370",,,,,,
2173,small_bboxes,a person,a person,"358,252,466,394",,,,,,
2174,small_bboxes,a tiger,a tiger,"231,67,347,156",,,,,,
2175,small_bboxes,a pizza,a pizza,"193,103,398,224",,,,,,
2176,small_bboxes,a keyboard and a shirt,a keyboard,"254,299,385,365",a shirt,"0,163,189,298",,,,
2177,small_bboxes,a bear and a hammer,a bear,"162,165,325,317",a hammer,"30,357,144,480",,,,
2178,small_bboxes,a platypus and a hair drier,a platypus,"10,177,137,247",a hair drier,"291,125,424,202",,,,
2179,small_bboxes,a bicycle and a shoe,a bicycle,"287,106,460,195",a shoe,"46,96,162,208",,,,
2180,small_bboxes,a rose and a speaker,a rose,"222,173,406,289",a speaker,"235,297,400,452",,,,
2181,small_bboxes,a train and a baseball glove,a train,"207,50,360,213",a baseball glove,"69,146,146,273",,,,
2182,small_bboxes,a snowboard and a scarf,a snowboard,"83,224,195,418",a scarf,"27,20,105,146",,,,
2183,small_bboxes,a zebra and a fire hydrant,a zebra,"203,86,307,169",a fire hydrant,"255,268,378,380",,,,
2184,small_bboxes,a stop sign and a skateboard,a stop sign,"14,310,118,417",a skateboard,"66,108,206,200",,,,
2185,small_bboxes,a cup and a motorcycle,a cup,"31,218,129,382",a motorcycle,"346,264,466,374",,,,
2186,small_bboxes,a giraffe and a television,a giraffe,"352,183,469,281",a television,"37,103,206,235",,,,
2187,small_bboxes,a ball and a desk,a ball,"150,363,319,512",a desk,"101,75,272,185",,,,
2188,small_bboxes,a car and a hat,a car,"265,309,373,455",a hat,"46,260,178,335",,,,
2189,small_bboxes,a bottle and a fire hydrant,a bottle,"254,329,397,454",a fire hydrant,"123,102,256,254",,,,
2190,small_bboxes,a platypus and a hat,a platypus,"279,148,372,331",a hat,"52,41,216,195",,,,
2191,small_bboxes,a skyscraper and a dog,a skyscraper,"77,234,184,444",a dog,"309,241,433,338",,,,
2192,small_bboxes,a microwave and a sink,a microwave,"146,119,300,286",a sink,"350,40,489,172",,,,
2193,small_bboxes,a rose and a carrot,a rose,"72,249,225,375",a carrot,"78,78,149,191",,,,
2194,small_bboxes,a laptop and a drill,a laptop,"51,272,168,452",a drill,"302,321,501,440",,,,
2195,small_bboxes,a shampoo and a drill,a shampoo,"248,80,424,172",a drill,"112,163,246,284",,,,
2196,small_bboxes,a bench and a flashlight,a bench,"334,324,439,429",a flashlight,"29,366,139,442",,,,
2197,small_bboxes,a skateboard and a charger,a skateboard,"185,294,392,401",a charger,"26,104,176,242",,,,
2198,small_bboxes,a person and a knife,a person,"341,193,429,367",a knife,"195,229,303,356",,,,
2199,small_bboxes,a suitcase and a wallet,a suitcase,"197,349,350,442",a wallet,"344,166,506,284",,,,
2200,small_bboxes,a table and a fork,a table,"203,289,357,395",a fork,"29,32,154,113",,,,
2201,small_bboxes,a laptop and a refrigerator,a laptop,"102,380,250,472",a refrigerator,"304,163,446,287",,,,
2202,small_bboxes,a vase and a sandwich,a vase,"224,337,384,489",a sandwich,"292,177,488,299",,,,
2203,small_bboxes,a rose and a handbag,a rose,"241,48,330,175",a handbag,"54,110,191,201",,,,
2204,small_bboxes,a horse and a snowboard,a horse,"122,34,278,164",a snowboard,"117,231,241,324",,,,
2205,small_bboxes,a bird and a fire hydrant,a bird,"36,70,223,196",a fire hydrant,"279,384,372,511",,,,
2206,small_bboxes,a stop sign and a vase,a stop sign,"274,206,458,341",a vase,"139,352,314,501",,,,
2207,small_bboxes,an oak and a spoon,an oak,"25,111,200,199",a spoon,"189,203,306,272",,,,
2208,small_bboxes,a cup and a scarf,a cup,"89,210,279,309",a scarf,"128,372,280,467",,,,
2209,small_bboxes,a car and an umbrella,a car,"164,326,264,481",an umbrella,"368,325,507,512",,,,
2210,small_bboxes,an hot-dog and a mushroom,an hot-dog,"298,249,419,385",a mushroom,"177,274,281,361",,,,
2211,small_bboxes,a turtle and a mug,a turtle,"299,142,501,251",a mug,"92,149,211,249",,,,
2212,small_bboxes,a horse and a baseball glove,a horse,"37,78,211,167",a baseball glove,"208,358,317,467",,,,
2213,small_bboxes,a spoon and a shower,a spoon,"205,38,418,145",a shower,"352,339,501,485",,,,
2214,small_bboxes,a clock and a bottle,a clock,"315,100,469,211",a bottle,"275,216,449,324",,,,
2215,small_bboxes,a bicycle and a suitcase,a bicycle,"236,84,331,170",a suitcase,"91,328,242,490",,,,
2216,small_bboxes,a tennis racket and a speaker,a tennis racket,"284,317,393,476",a speaker,"18,258,199,373",,,,
2217,small_bboxes,a zebra and a candle,a zebra,"289,290,386,475",a candle,"233,69,351,234",,,,
2218,small_bboxes,a carrot and a knife,a carrot,"175,370,284,473",a knife,"18,59,111,175",,,,
2219,small_bboxes,a watch and a toolbox,a watch,"179,350,350,444",a toolbox,"228,157,301,277",,,,
2220,small_bboxes,a tree and a person,a tree,"175,276,344,365",a person,"6,136,125,278",,,,
2221,small_bboxes,a vase and a drill,a vase,"330,149,420,293",a drill,"31,129,182,214",,,,
2222,small_bboxes,a television and a refrigerator,a television,"281,74,428,161",a refrigerator,"70,316,226,447",,,,
2223,small_bboxes,a guitar and a zebra,a guitar,"1,152,149,245",a zebra,"370,86,499,265",,,,
2224,small_bboxes,a rose and a mug,a rose,"129,254,284,358",a mug,"291,18,447,154",,,,
2225,small_bboxes,a skyscraper and a vase,a skyscraper,"154,108,228,222",a vase,"25,273,158,443",,,,
2226,small_bboxes,a monitor and a soap,a monitor,"218,2,346,144",a soap,"248,224,370,342",,,,
2227,small_bboxes,a dog and a door,a dog,"225,259,408,360",a door,"98,74,271,161",,,,
2228,small_bboxes,a shower and a bear,a shower,"123,385,323,508",a bear,"215,27,378,168",,,,
2229,small_bboxes,a toilet and a candle,a toilet,"216,297,300,440",a candle,"342,402,439,482",,,,
2230,small_bboxes,a truck and a zebra,a truck,"36,296,158,439",a zebra,"315,203,501,313",,,,
2231,small_bboxes,a snowboard and a turtle,a snowboard,"279,155,390,308",a turtle,"64,319,216,397",,,,
2232,small_bboxes,a guitar and a handbag,a guitar,"180,167,314,260",a handbag,"229,267,432,375",,,,
2233,small_bboxes,a toothbrush and a tie,a toothbrush,"251,96,328,224",a tie,"220,331,432,449",,,,
2234,small_bboxes,a pizza and a toolbox,a pizza,"339,363,444,501",a toolbox,"161,323,270,407",,,,
2235,small_bboxes,a kite and a turtle,a kite,"82,172,288,286",a turtle,"308,416,446,497",,,,
2236,small_bboxes,a hat and a television,a hat,"164,185,336,281",a television,"143,57,304,176",,,,
2237,small_bboxes,a giraffe and a mushroom,a giraffe,"240,13,442,118",a mushroom,"76,190,198,310",,,,
2238,small_bboxes,a bicycle and a tennis racket,a bicycle,"66,339,198,510",a tennis racket,"199,64,299,160",,,,
2239,small_bboxes,a watch and a backpack,a watch,"332,336,481,432",a backpack,"318,54,464,220",,,,
2240,small_bboxes,a pan and a sock,a pan,"249,269,362,429",a sock,"280,111,425,260",,,,
2241,small_bboxes,a mushroom and a wallet,a mushroom,"239,164,446,286",a wallet,"161,326,253,457",,,,
2242,small_bboxes,an oak and a baby,an oak,"283,97,391,204",a baby,"37,241,252,356",,,,
2243,small_bboxes,a person and a bird,a person,"330,290,481,399",a bird,"311,147,475,253",,,,
2244,small_bboxes,an oak and a printer,an oak,"346,333,456,412",a printer,"159,283,306,445",,,,
2245,small_bboxes,a pizza and a screwdriver,a pizza,"30,161,144,244",a screwdriver,"311,233,446,392",,,,
2246,small_bboxes,a bench and an hot-dog,a bench,"82,42,160,147",an hot-dog,"284,251,472,374",,,,
2247,small_bboxes,a wallet and a door,a wallet,"121,389,305,482",a door,"283,118,376,272",,,,
2248,small_bboxes,a toothbrush and a pizza,a toothbrush,"241,178,371,373",a pizza,"234,72,366,162",,,,
2249,small_bboxes,a dog and a curtain,a dog,"268,144,437,231",a curtain,"50,20,145,113",,,,
2250,small_bboxes,a fire hydrant and a backpack,a fire hydrant,"21,51,99,170",a backpack,"220,68,348,241",,,,
2251,small_bboxes,a boy and a ladder,a boy,"124,311,223,477",a ladder,"135,141,266,291",,,,
2252,small_bboxes,an umbrella and a knife,an umbrella,"241,82,421,184",a knife,"190,334,390,458",,,,
2253,small_bboxes,a train and a bowl,a train,"115,234,325,352",a bowl,"221,65,392,189",,,,
2254,small_bboxes,a person and a pizza,a person,"213,363,307,492",a pizza,"44,197,160,288",,,,
2255,small_bboxes,an oak and a sink,an oak,"384,256,509,388",a sink,"30,70,202,194",,,,
2256,small_bboxes,a cake and a truck,a cake,"98,321,217,401",a truck,"198,138,345,228",,,,
2257,small_bboxes,an elephant and a pan,an elephant,"156,365,309,468",a pan,"332,48,476,121",,,,
2258,small_bboxes,a ruler and a monitor,a ruler,"41,241,180,314",a monitor,"245,224,353,420",,,,
2259,small_bboxes,a vase and a speaker,a vase,"288,28,463,144",a speaker,"271,187,415,358",,,,
2260,small_bboxes,a sandwich and a bucket,a sandwich,"307,85,448,226",a bucket,"10,115,177,265",,,,
2261,small_bboxes,a stop sign and a leaf,a stop sign,"362,422,484,501",a leaf,"12,308,159,383",,,,
2262,small_bboxes,a surfboard and an hot-dog,a surfboard,"330,145,453,212",an hot-dog,"66,374,228,507",,,,
2263,small_bboxes,a glass and a notebook,a glass,"332,89,503,185",a notebook,"114,147,304,253",,,,
2264,small_bboxes,a table and a television,a table,"130,67,271,244",a television,"337,166,466,296",,,,
2265,small_bboxes,a ladder and a scarf,a ladder,"134,141,214,299",a scarf,"360,115,449,204",,,,
2266,small_bboxes,a boy and a mug,a boy,"221,340,389,428",a mug,"345,143,504,304",,,,
2267,small_bboxes,a snowboard and a mouse,a snowboard,"77,136,160,267",a mouse,"265,384,448,486",,,,
2268,small_bboxes,a cellphone and a turtle,a cellphone,"336,212,455,406",a turtle,"94,289,208,429",,,,
2269,small_bboxes,a car and a couch,a car,"45,358,125,468",a couch,"120,8,256,125",,,,
2270,small_bboxes,an hot-dog and a charger,an hot-dog,"247,60,401,178",a charger,"101,33,216,130",,,,
2271,small_bboxes,a bear and a scarf,a bear,"8,357,172,449",a scarf,"322,86,433,256",,,,
2272,small_bboxes,a basket and a bucket,a basket,"289,56,369,158",a bucket,"159,192,328,334",,,,
2273,small_bboxes,a microwave and a broom,a microwave,"21,168,115,274",a broom,"136,84,250,199",,,,
2274,small_bboxes,a knife and a blender,a knife,"171,82,293,228",a blender,"386,340,501,485",,,,
2275,small_bboxes,a tree and a shampoo,a tree,"24,295,92,422",a shampoo,"135,320,289,474",,,,
2276,small_bboxes,a shirt and a basket,a shirt,"56,295,146,410",a basket,"229,153,351,232",,,,
2277,small_bboxes,a vase and a shower,a vase,"217,221,321,398",a shower,"335,406,481,488",,,,
2278,small_bboxes,a cellphone and a clock,a cellphone,"235,31,359,121",a clock,"216,264,304,428",,,,
2279,small_bboxes,a laptop and a guitar,a laptop,"132,274,236,450",a guitar,"378,242,492,372",,,,
2280,small_bboxes,a giraffe and a tennis racket,a giraffe,"162,254,324,378",a tennis racket,"308,147,439,217",,,,
2281,small_bboxes,a handbag and a tennis racket,a handbag,"161,14,329,103",a tennis racket,"18,181,204,282",,,,
2282,small_bboxes,a dog and a mushroom,a dog,"318,157,489,252",a mushroom,"189,149,292,348",,,,
2283,small_bboxes,a tree and a watch,a tree,"297,201,439,354",a watch,"140,227,273,381",,,,
2284,small_bboxes,a tiger and a truck,a tiger,"68,281,197,456",a truck,"19,43,221,154",,,,
2285,small_bboxes,an apple and a mouse,an apple,"58,8,154,143",a mouse,"117,284,232,486",,,,
2286,small_bboxes,a cup and a truck,a cup,"209,265,321,456",a truck,"92,113,272,227",,,,
2287,small_bboxes,a donut and a ladder,a donut,"180,349,254,456",a ladder,"8,56,85,160",,,,
2288,small_bboxes,a laptop and a cup,a laptop,"250,142,439,253",a cup,"362,278,479,390",,,,
2289,small_bboxes,a couch and a sock,a couch,"319,244,441,376",a sock,"57,148,239,268",,,,
2290,small_bboxes,a suitcase and a scarf,a suitcase,"327,270,434,430",a scarf,"357,141,492,215",,,,
2291,small_bboxes,a flashlight and a drill,a flashlight,"95,155,276,246",a drill,"127,402,230,497",,,,
2292,small_bboxes,a cat and a mouse,a cat,"228,348,365,438",a mouse,"128,70,237,251",,,,
2293,small_bboxes,a beetle and a blender,a beetle,"8,225,150,304",a blender,"189,119,384,218",,,,
2294,small_bboxes,a shampoo and a leaf,a shampoo,"171,66,365,200",a leaf,"104,297,220,377",,,,
2295,small_bboxes,a rose and a toilet,a rose,"115,215,231,419",a toilet,"329,78,450,185",,,,
2296,small_bboxes,a tape and a plate,a tape,"108,86,292,222",a plate,"103,288,234,444",,,,
2297,small_bboxes,a sandwich and a baseball glove,a sandwich,"117,338,269,439",a baseball glove,"328,200,503,322",,,,
2298,small_bboxes,a hair drier and a truck,a hair drier,"16,158,153,290",a truck,"334,112,487,214",,,,
2299,small_bboxes,a person and a giraffe,a person,"197,150,318,343",a giraffe,"5,43,105,137",,,,
2300,small_bboxes,a turtle and a scarf,a turtle,"304,13,417,187",a scarf,"7,81,114,278",,,,
2301,small_bboxes,a snowboard and a shower,a snowboard,"383,337,477,487",a shower,"368,45,503,148",,,,
2302,small_bboxes,a stop sign and a parking meter,a stop sign,"136,419,257,512",a parking meter,"225,282,395,402",,,,
2303,small_bboxes,a laptop and a sock,a laptop,"11,305,180,453",a sock,"154,53,253,161",,,,
2304,small_bboxes,"a bed, a microwave and an oven",a bed,"278,264,499,376",a microwave,"202,73,333,260",an oven,"56,268,238,366",,
2305,small_bboxes,"a skyscraper, a tree and a toolbox",a skyscraper,"119,1,294,103",a tree,"75,358,280,484",a toolbox,"215,159,313,240",,
2306,small_bboxes,"a candle, a hammer and a desk",a candle,"194,101,360,218",a hammer,"393,46,508,192",a desk,"146,221,223,342",,
2307,small_bboxes,"a cellphone, a candle and a refrigerator",a cellphone,"269,174,369,290",a candle,"98,85,203,229",a refrigerator,"410,332,498,453",,
2308,small_bboxes,"an oak, a plant and a scarf",an oak,"138,291,301,399",a plant,"363,137,478,351",a scarf,"201,40,326,130",,
2309,small_bboxes,"a toaster, a flashlight and a scarf",a toaster,"318,409,502,509",a flashlight,"378,57,505,158",a scarf,"166,255,349,364",,
2310,small_bboxes,"a toilet, a hair drier and a shampoo",a toilet,"253,176,429,264",a hair drier,"252,271,389,349",a shampoo,"24,50,211,166",,
2311,small_bboxes,"a chair, a zebra and a ball",a chair,"224,295,327,408",a zebra,"40,188,205,305",a ball,"367,62,444,204",,
2312,small_bboxes,"a person, a bottle and a bench",a person,"189,296,311,431",a bottle,"158,63,355,192",a bench,"46,184,136,295",,
2313,small_bboxes,"a keyboard, a snowboard and a scarf",a keyboard,"198,97,309,260",a snowboard,"62,265,282,382",a scarf,"402,9,483,143",,
2314,small_bboxes,"a wallet, a speaker and a remote",a wallet,"114,156,210,252",a speaker,"254,249,456,358",a remote,"90,376,245,484",,
2315,small_bboxes,"a skyscraper, a pan and a curtain",a skyscraper,"125,314,253,449",a pan,"120,127,260,219",a curtain,"284,228,409,323",,
2316,small_bboxes,"a spoon, a handbag and a sink",a spoon,"19,60,204,190",a handbag,"148,255,297,335",a sink,"314,278,425,389",,
2317,small_bboxes,"a horse, a crocodile and a tennis racket",a horse,"315,192,501,292",a crocodile,"207,6,349,126",a tennis racket,"109,165,245,283",,
2318,small_bboxes,"a baby, a couch and a scarf",a baby,"67,69,214,211",a couch,"226,147,335,240",a scarf,"237,43,344,137",,
2319,small_bboxes,"a bicycle, a frisbee and a bin",a bicycle,"61,206,235,337",a frisbee,"149,43,257,151",a bin,"149,397,337,507",,
2320,small_bboxes,"a lamp, a ruler and a bin",a lamp,"277,137,469,244",a ruler,"30,168,212,286",a bin,"336,348,475,493",,
2321,small_bboxes,"a lamp, a toilet and a fork",a lamp,"340,1,463,79",a toilet,"169,370,294,463",a fork,"334,232,466,411",,
2322,small_bboxes,"a rose, a banana and a fire hydrant",a rose,"339,78,474,157",a banana,"274,232,462,359",a fire hydrant,"97,318,196,465",,
2323,small_bboxes,"a toilet, a vase and an oven",a toilet,"255,87,386,182",a vase,"295,280,467,378",an oven,"106,113,215,237",,
2324,small_bboxes,"a train, a skateboard and a fire hydrant",a train,"112,233,278,334",a skateboard,"198,357,359,482",a fire hydrant,"234,79,301,205",,
2325,small_bboxes,"a person, a toaster and a mug",a person,"302,212,482,357",a toaster,"293,12,485,141",a mug,"93,161,247,279",,
2326,small_bboxes,"a toilet, a zebra and a toolbox",a toilet,"324,36,442,220",a zebra,"119,131,256,322",a toolbox,"163,341,354,470",,
2327,small_bboxes,"a plant, a boat and a toothbrush",a plant,"122,192,254,295",a boat,"5,58,92,198",a toothbrush,"186,320,302,435",,
2328,small_bboxes,"a suitcase, a ball and a tape",a suitcase,"238,341,337,455",a ball,"169,94,310,187",a tape,"42,295,165,496",,
2329,small_bboxes,"a book, a skateboard and a mouse",a book,"166,16,320,96",a skateboard,"188,103,373,216",a mouse,"305,323,398,408",,
2330,small_bboxes,"a skyscraper, a suitcase and a hair drier",a skyscraper,"91,312,183,456",a suitcase,"81,176,210,290",a hair drier,"307,64,413,141",,
2331,small_bboxes,"a rose, a flower and a snowboard",a rose,"221,151,427,264",a flower,"145,0,316,98",a snowboard,"58,296,244,421",,
2332,small_bboxes,"a rose, an apple and a baseball glove",a rose,"204,378,358,478",an apple,"363,108,485,292",a baseball glove,"14,333,166,429",,
2333,small_bboxes,"a cow, a mushroom and a notebook",a cow,"180,16,316,197",a mushroom,"183,289,369,382",a notebook,"53,344,161,512",,
2334,small_bboxes,"a bench, a shower and a ladder",a bench,"234,346,334,437",a shower,"103,338,214,433",a ladder,"93,78,276,219",,
2335,small_bboxes,"a banana, a crocodile and a plate",a banana,"332,126,419,237",a crocodile,"111,236,279,383",a plate,"395,13,512,114",,
2336,small_bboxes,"a skateboard, a bear and a knife",a skateboard,"241,316,401,406",a bear,"137,418,260,483",a knife,"178,145,339,275",,
2337,small_bboxes,"a dog, a book and a stop sign",a dog,"338,216,496,323",a book,"71,426,202,511",a stop sign,"351,45,503,190",,
2338,small_bboxes,"a chair, a sock and a printer",a chair,"200,158,306,288",a sock,"317,250,466,386",a printer,"29,119,130,305",,
2339,small_bboxes,"a flower, a plate and a soap",a flower,"228,169,445,280",a plate,"260,345,421,454",a soap,"187,20,317,99",,
2340,small_bboxes,"a tiger, a mushroom and a frisbee",a tiger,"127,89,323,196",a mushroom,"19,271,124,396",a frisbee,"252,267,410,403",,
2341,small_bboxes,"a rose, a frisbee and a refrigerator",a rose,"102,278,257,426",a frisbee,"262,149,380,361",a refrigerator,"107,62,218,187",,
2342,small_bboxes,"a banana, a guitar and a curtain",a banana,"267,260,462,378",a guitar,"173,23,335,173",a curtain,"138,225,224,333",,
2343,small_bboxes,"a bicycle, a person and an elephant",a bicycle,"240,275,379,405",a person,"80,217,207,289",an elephant,"33,337,199,488",,
2344,small_bboxes,"a dog, a charger and a curtain",a dog,"262,304,352,453",a charger,"216,5,395,96",a curtain,"48,235,244,349",,
2345,small_bboxes,"a car, an elephant and a drill",a car,"236,212,374,340",an elephant,"281,38,485,150",a drill,"127,322,235,406",,
2346,small_bboxes,"a dog, a spoon and a flashlight",a dog,"199,41,354,149",a spoon,"89,269,267,379",a flashlight,"364,203,471,394",,
2347,small_bboxes,"a bottle, a teddy bear and a television",a bottle,"161,174,273,248",a teddy bear,"336,301,479,377",a television,"3,202,152,286",,
2348,small_bboxes,"a baby, a person and a screwdriver",a baby,"90,243,235,418",a person,"348,258,470,353",a screwdriver,"305,13,415,159",,
2349,small_bboxes,"a guitar, a shoe and a speaker",a guitar,"288,234,417,323",a shoe,"196,39,328,128",a speaker,"39,338,179,427",,
2350,small_bboxes,"a bicycle, a broom and a shampoo",a bicycle,"201,129,321,218",a broom,"61,295,170,471",a shampoo,"216,337,322,480",,
2351,small_bboxes,"a person, a train and a spoon",a person,"36,103,207,254",a train,"141,335,254,452",a spoon,"259,272,425,390",,
2352,small_bboxes,"a donut, a teddy bear and a pillow",a donut,"289,272,453,423",a teddy bear,"393,431,508,508",a pillow,"8,153,152,314",,
2353,small_bboxes,"a pizza, a bear and a soap",a pizza,"365,162,455,302",a bear,"154,396,342,507",a soap,"145,174,301,312",,
2354,small_bboxes,"a spoon, a teddy bear and a leaf",a spoon,"198,263,335,430",a teddy bear,"187,29,269,148",a leaf,"1,69,79,223",,
2355,small_bboxes,"a skateboard, a shower and a cake",a skateboard,"344,72,483,192",a shower,"162,275,309,422",a cake,"176,130,290,249",,
2356,small_bboxes,"an oak, a person and a bin",an oak,"17,85,152,156",a person,"355,160,463,266",a bin,"144,248,278,387",,
2357,small_bboxes,"a book, a bench and a refrigerator",a book,"383,279,479,392",a bench,"320,46,476,142",a refrigerator,"181,334,329,480",,
2358,small_bboxes,"a keyboard, a shoe and a sock",a keyboard,"371,429,498,503",a shoe,"16,200,216,318",a sock,"64,101,253,199",,
2359,small_bboxes,"a bench, a truck and a candle",a bench,"227,16,385,132",a truck,"149,197,316,304",a candle,"96,344,237,511",,
2360,small_bboxes,"a snowboard, a toaster and a fork",a snowboard,"217,260,380,363",a toaster,"71,256,143,376",a fork,"339,34,494,113",,
2361,small_bboxes,"a laptop, a speaker and a notebook",a laptop,"199,112,320,200",a speaker,"357,276,465,403",a notebook,"94,289,195,368",,
2362,small_bboxes,"a charger, a screwdriver and a notebook",a charger,"202,145,343,235",a screwdriver,"94,388,293,495",a notebook,"248,285,385,371",,
2363,small_bboxes,"a person, a banana and a cup",a person,"255,271,380,448",a banana,"84,75,265,184",a cup,"379,73,503,224",,
2364,small_bboxes,"a car, a guitar and a fork",a car,"111,365,285,501",a guitar,"299,8,469,127",a fork,"43,125,189,284",,
2365,small_bboxes,"a baseball glove, a cup and a leaf",a baseball glove,"230,116,434,229",a cup,"28,2,172,104",a leaf,"28,335,128,479",,
2366,small_bboxes,"a laptop, a stop sign and a carrot",a laptop,"35,10,165,211",a stop sign,"165,323,333,444",a carrot,"185,120,322,237",,
2367,small_bboxes,"a guitar, a knife and a hammer",a guitar,"133,68,309,157",a knife,"122,305,311,417",a hammer,"313,57,456,129",,
2368,small_bboxes,"a mouse, a flashlight and a curtain",a mouse,"277,55,422,176",a flashlight,"1,203,175,309",a curtain,"380,281,492,356",,
2369,small_bboxes,"a bus, a train and a bear",a bus,"190,393,307,466",a train,"155,174,266,314",a bear,"308,378,390,496",,
2370,small_bboxes,"a car, a guitar and a ring",a car,"87,137,220,263",a guitar,"15,268,147,393",a ring,"299,286,399,378",,
2371,small_bboxes,"an apple, a tennis racket and a basket",an apple,"234,75,376,242",a tennis racket,"58,104,231,231",a basket,"225,343,362,415",,
2372,small_bboxes,"a guitar, a zebra and a screwdriver",a guitar,"158,311,295,408",a zebra,"6,167,121,345",a screwdriver,"153,167,375,284",,
2373,small_bboxes,"a cat, a snowboard and a curtain",a cat,"421,28,496,162",a snowboard,"342,237,470,321",a curtain,"226,408,361,498",,
2374,small_bboxes,"a pillow, a pan and a door",a pillow,"320,312,488,413",a pan,"136,285,276,425",a door,"297,197,392,295",,
2375,small_bboxes,"a teddy bear, a crocodile and a sink",a teddy bear,"209,116,397,214",a crocodile,"41,113,203,224",a sink,"11,366,86,506",,
2376,small_bboxes,"a surfboard, an apple and an elephant",a surfboard,"218,217,368,344",an apple,"203,15,371,164",an elephant,"9,289,129,441",,
2377,small_bboxes,"a parking meter, a pizza and a suitcase",a parking meter,"0,339,94,509",a pizza,"96,85,271,177",a suitcase,"234,347,338,437",,
2378,small_bboxes,"a crocodile, a frisbee and a ring",a crocodile,"444,352,512,485",a frisbee,"189,388,297,461",a ring,"174,75,375,193",,
2379,small_bboxes,"a person, a shower and a soap",a person,"320,257,432,448",a shower,"229,116,352,215",a soap,"68,282,280,393",,
2380,small_bboxes,"a dog, a kite and a crocodile",a dog,"157,79,287,252",a kite,"228,342,357,484",a crocodile,"20,270,157,429",,
2381,small_bboxes,"a book, a surfboard and a shoe",a book,"21,73,130,287",a surfboard,"191,87,333,206",a shoe,"350,65,471,195",,
2382,small_bboxes,"a baseball glove, a mushroom and a speaker",a baseball glove,"51,332,181,412",a mushroom,"11,191,179,326",a speaker,"215,345,338,481",,
2383,small_bboxes,"a stop sign, a ladder and a desk",a stop sign,"222,37,342,203",a ladder,"129,269,315,377",a desk,"64,53,208,172",,
2384,small_bboxes,"a bicycle, a fork and a blender",a bicycle,"202,274,351,349",a fork,"210,95,390,195",a blender,"82,31,204,238",,
2385,small_bboxes,"a lamp, a cake and a bin",a lamp,"106,373,221,495",a cake,"110,84,326,195",a bin,"181,203,357,315",,
2386,small_bboxes,"a bear, a tennis racket and a drill",a bear,"358,100,452,206",a tennis racket,"115,303,322,407",a drill,"317,12,487,97",,
2387,small_bboxes,"a sandwich, a pizza and a ruler",a sandwich,"81,106,228,181",a pizza,"207,297,402,420",a ruler,"22,307,197,440",,
2388,small_bboxes,"a beetle, a boat and a motorcycle",a beetle,"280,235,447,381",a boat,"220,115,358,189",a motorcycle,"55,271,174,341",,
2389,small_bboxes,"a bed, a vase and a mouse",a bed,"155,385,326,481",a vase,"271,33,478,139",a mouse,"96,94,239,189",,
2390,small_bboxes,"a banana, a ball and a pan",a banana,"273,175,474,298",a ball,"267,40,381,140",a pan,"71,239,169,429",,
2391,small_bboxes,"a baby, a table and a horse",a baby,"11,250,127,376",a table,"42,113,160,244",a horse,"352,20,444,110",,
2392,small_bboxes,"a mushroom, a screwdriver and a ring",a mushroom,"310,222,439,409",a screwdriver,"68,352,257,482",a ring,"374,38,507,150",,
2393,small_bboxes,"a baseball glove, a crocodile and a pillow",a baseball glove,"40,357,222,473",a crocodile,"212,47,396,159",a pillow,"74,264,230,353",,
2394,small_bboxes,"a boy, an hot-dog and a refrigerator",a boy,"277,364,426,488",an hot-dog,"292,217,454,324",a refrigerator,"329,76,422,196",,
2395,small_bboxes,"a bicycle, a person and a tiger",a bicycle,"343,260,439,346",a person,"141,168,285,348",a tiger,"298,122,460,240",,
2396,small_bboxes,"a baseball bat, a fork and a desk",a baseball bat,"51,344,164,436",a fork,"61,100,253,213",a desk,"296,276,408,360",,
2397,small_bboxes,"a person, a chair and a vase",a person,"19,214,200,358",a chair,"399,60,491,218",a vase,"55,39,239,144",,
2398,small_bboxes,"a train, a fork and a mushroom",a train,"133,341,330,451",a fork,"118,44,260,152",a mushroom,"338,205,465,309",,
2399,small_bboxes,"a sink, a ladder and a bin",a sink,"21,148,208,266",a ladder,"351,281,453,420",a bin,"4,64,150,144",,
2400,small_bboxes,"a couch, a vase and a giraffe",a couch,"354,167,461,266",a vase,"81,382,225,502",a giraffe,"329,303,482,392",,
2401,small_bboxes,"a rose, a zebra and a hammer",a rose,"116,177,290,294",a zebra,"158,64,306,152",a hammer,"127,355,344,468",,
2402,small_bboxes,"a chair, a banana and a traffic light",a chair,"295,382,439,479",a banana,"248,17,407,135",a traffic light,"130,235,213,382",,
2403,small_bboxes,"a vase, a carrot and a desk",a vase,"258,211,375,435",a carrot,"86,52,237,223",a desk,"243,68,401,154",,
2404,small_bboxes,"a bicycle, a car and a printer",a bicycle,"294,115,409,189",a car,"35,41,185,156",a printer,"0,205,208,325",,
2405,small_bboxes,"a toothbrush, a zebra and a hammer",a toothbrush,"206,202,324,382",a zebra,"248,41,399,176",a hammer,"10,165,175,297",,
2406,small_bboxes,"a motorcycle, a mug and a shirt",a motorcycle,"66,354,186,486",a mug,"390,278,500,409",a shirt,"71,160,209,303",,
2407,small_bboxes,"a flower, a bucket and a backpack",a flower,"200,314,304,415",a bucket,"313,175,418,384",a backpack,"17,135,156,283",,
2408,small_bboxes,"a bottle, a guitar and a suitcase",a bottle,"252,90,414,226",a guitar,"128,253,290,344",a suitcase,"47,285,120,420",,
2409,small_bboxes,"a hat, a leaf and a soap",a hat,"359,148,505,281",a leaf,"117,22,259,134",a soap,"363,38,497,114",,
2410,small_bboxes,"a microwave, a tie and a mushroom",a microwave,"88,115,244,249",a tie,"200,352,328,509",a mushroom,"268,170,403,282",,
2411,small_bboxes,"a snowboard, a frisbee and a bin",a snowboard,"55,2,197,151",a frisbee,"220,225,413,360",a bin,"48,279,175,421",,
2412,small_bboxes,"a cow, a crocodile and a sock",a cow,"369,136,490,232",a crocodile,"286,22,406,105",a sock,"321,343,502,455",,
2413,small_bboxes,"a lamp, a giraffe and a cup",a lamp,"140,67,350,185",a giraffe,"266,231,381,352",a cup,"86,209,199,428",,
2414,small_bboxes,"a boat, a vase and a suitcase",a boat,"140,395,307,480",a vase,"100,184,232,343",a suitcase,"111,44,276,173",,
2415,small_bboxes,"a person, an umbrella and a ruler",a person,"19,271,135,433",an umbrella,"277,15,445,119",a ruler,"321,228,458,310",,
2416,small_bboxes,"a toilet, a snowboard and a knife",a toilet,"16,1,122,75",a snowboard,"279,216,449,328",a knife,"161,41,276,217",,
2417,small_bboxes,"a keyboard, a bin and a curtain",a keyboard,"36,421,157,496",a bin,"321,133,445,274",a curtain,"103,71,224,227",,
2418,small_bboxes,"a dog, a carrot and a pan",a dog,"250,70,411,215",a carrot,"83,351,253,469",a pan,"393,357,469,488",,
2419,small_bboxes,"a parking meter, a knife and a remote",a parking meter,"140,140,305,252",a knife,"376,79,471,221",a remote,"268,287,399,431",,
2420,small_bboxes,"a skyscraper, a tree and a remote",a skyscraper,"90,125,227,227",a tree,"406,34,494,163",a remote,"195,276,354,430",,
2421,small_bboxes,"a flower, a cake and a cup",a flower,"84,239,290,343",a cake,"398,100,494,288",a cup,"83,123,201,223",,
2422,small_bboxes,"a surfboard, a crocodile and a sock",a surfboard,"257,307,359,463",a crocodile,"378,319,478,487",a sock,"37,184,237,310",,
2423,small_bboxes,"a carrot, a ladder and a glass",a carrot,"218,26,362,115",a ladder,"349,154,457,234",a glass,"136,345,331,463",,
2424,small_bboxes,"a bicycle, a tiger and a mouse",a bicycle,"193,209,273,335",a tiger,"168,33,327,191",a mouse,"308,360,426,431",,
2425,small_bboxes,"a bicycle, a plant and a screwdriver",a bicycle,"417,169,499,317",a plant,"26,330,162,409",a screwdriver,"58,190,175,279",,
2426,small_bboxes,"a train, a toaster and a suitcase",a train,"246,180,370,383",a toaster,"332,54,482,161",a suitcase,"7,91,171,192",,
2427,small_bboxes,"a stop sign, a flower and a teddy bear",a stop sign,"114,322,323,429",a flower,"6,202,109,358",a teddy bear,"274,63,444,164",,
2428,small_bboxes,"a person, a platypus and a speaker",a person,"363,88,491,281",a platypus,"182,49,288,166",a speaker,"173,251,339,366",,
2429,small_bboxes,"a tree, a cat and a keyboard",a tree,"117,100,272,206",a cat,"292,131,509,245",a keyboard,"246,284,457,407",,
2430,small_bboxes,"a boat, a mug and a curtain",a boat,"133,286,295,389",a mug,"315,267,444,449",a curtain,"131,116,231,247",,
2431,small_bboxes,"a spoon, a horse and a pan",a spoon,"312,115,414,294",a horse,"98,118,197,292",a pan,"224,298,368,408",,
2432,small_bboxes,"a plant, a cow, a toothbrush and a vase",a plant,"230,5,418,121",a cow,"106,67,226,188",a toothbrush,"97,317,204,401",a vase,"386,135,502,351"
2433,small_bboxes,"a knife, a hat, a bucket and a monitor",a knife,"285,169,403,276",a hat,"45,306,139,461",a bucket,"105,168,240,291",a monitor,"321,357,504,465"
2434,small_bboxes,"a couch, a bottle, an umbrella and a bin",a couch,"63,147,207,221",a bottle,"8,327,135,413",an umbrella,"319,268,489,372",a bin,"148,237,293,323"
2435,small_bboxes,"an umbrella, a sandwich, a horse and a shampoo",an umbrella,"111,408,273,502",a sandwich,"293,319,484,455",a horse,"153,118,313,263",a shampoo,"16,232,141,376"
2436,small_bboxes,"a tiger, an oven, a pan and a leaf",a tiger,"172,45,298,127",an oven,"152,143,256,228",a pan,"307,272,478,406",a leaf,"1,157,143,288"
2437,small_bboxes,"a rose, a horse, an oven and a remote",a rose,"269,142,372,274",a horse,"84,285,192,363",an oven,"326,338,485,427",a remote,"104,17,265,175"
2438,small_bboxes,"a fork, a hat, a flashlight and a glass",a fork,"172,21,287,101",a hat,"328,339,493,439",a flashlight,"124,373,271,453",a glass,"103,116,246,221"
2439,small_bboxes,"a person, a charger, a scarf and a toolbox",a person,"146,45,294,184",a charger,"316,243,423,404",a scarf,"67,388,266,504",a toolbox,"54,191,182,338"
2440,small_bboxes,"a rose, a bed, a keyboard and a ruler",a rose,"365,76,477,149",a bed,"364,319,480,421",a keyboard,"118,219,217,363",a ruler,"130,374,229,484"
2441,small_bboxes,"a tiger, a flower, a handbag and a fork",a tiger,"271,329,405,468",a flower,"121,86,221,209",a handbag,"315,110,508,245",a fork,"89,258,217,421"
2442,small_bboxes,"a sheep, a donut, an umbrella and an hot-dog",a sheep,"368,377,450,502",a donut,"382,135,488,306",an umbrella,"114,293,242,406",an hot-dog,"43,138,183,229"
2443,small_bboxes,"a rose, a parking meter, an hot-dog and a bear",a rose,"301,392,497,509",a parking meter,"148,108,334,205",an hot-dog,"157,265,282,355",a bear,"114,364,244,496"
2444,small_bboxes,"a bird, a traffic light, a sink and a refrigerator",a bird,"291,281,443,358",a traffic light,"192,18,362,111",a sink,"77,324,274,438",a refrigerator,"373,8,460,158"
2445,small_bboxes,"a kite, a broom, a crocodile and a fire hydrant",a kite,"222,240,387,394",a broom,"334,414,449,503",a crocodile,"66,228,184,386",a fire hydrant,"256,142,388,222"
2446,small_bboxes,"a toilet, a banana, a bear and a cake",a toilet,"7,302,184,436",a banana,"114,177,261,300",a bear,"104,9,229,127",a cake,"369,196,481,412"
2447,small_bboxes,"a person, a keyboard, a mouse and a motorcycle",a person,"52,170,178,313",a keyboard,"407,129,498,226",a mouse,"203,89,375,185",a motorcycle,"263,229,473,346"
2448,small_bboxes,"a person, a cellphone, a traffic light and a wallet",a person,"402,261,503,417",a cellphone,"142,52,277,129",a traffic light,"293,162,469,257",a wallet,"237,341,376,443"
2449,small_bboxes,"a platypus, a mouse, a tennis racket and a charger",a platypus,"168,266,267,416",a mouse,"349,108,484,245",a tennis racket,"159,78,266,243",a charger,"380,364,492,498"
2450,small_bboxes,"a bed, a guitar, a teddy bear and a wallet",a bed,"155,235,260,340",a guitar,"207,365,292,491",a teddy bear,"387,325,478,416",a wallet,"267,86,377,243"
2451,small_bboxes,"a chair, a microwave, a sheep and a bowl",a chair,"40,56,161,214",a microwave,"77,236,273,354",a sheep,"290,102,416,211",a bowl,"302,378,424,495"
2452,small_bboxes,"a couch, a clock, a cake and a door",a couch,"50,170,169,330",a clock,"271,319,489,437",a cake,"30,12,110,145",a door,"45,353,216,440"
2453,small_bboxes,"a cake, a mouse, a basket and a desk",a cake,"34,195,153,370",a mouse,"355,205,462,329",a basket,"172,32,346,125",a desk,"177,146,278,339"
2454,small_bboxes,"a lamp, a bird, a remote and a notebook",a lamp,"337,263,444,358",a bird,"79,183,279,307",a remote,"358,382,459,480",a notebook,"261,85,375,155"
2455,small_bboxes,"a lamp, a cow, an elephant and a flashlight",a lamp,"21,283,98,396",a cow,"199,335,304,457",an elephant,"237,71,382,181",a flashlight,"43,125,200,251"
2456,small_bboxes,"a stop sign, a monitor, a glass and a television",a stop sign,"345,70,494,155",a monitor,"184,314,308,472",a glass,"123,151,225,257",a television,"14,321,130,428"
2457,small_bboxes,"a flower, a tape, a backpack and a printer",a flower,"344,83,448,211",a tape,"22,216,160,319",a backpack,"21,386,209,502",a printer,"186,288,290,368"
2458,small_bboxes,"an apple, a ladder, a basket and a scarf",an apple,"151,129,273,236",a ladder,"261,239,410,334",a basket,"42,280,237,399",a scarf,"1,421,139,498"
2459,small_bboxes,"a skyscraper, a cellphone, a horse and a desk",a skyscraper,"215,188,354,264",a cellphone,"240,402,383,489",a horse,"14,233,203,352",a desk,"216,48,398,180"
2460,small_bboxes,"a bowl, a bin, a watch and a door",a bowl,"105,103,224,285",a bin,"250,322,390,486",a watch,"259,141,404,314",a door,"50,313,160,405"
2461,small_bboxes,"a toothbrush, an hot-dog, a horse and a glass",a toothbrush,"204,26,353,135",an hot-dog,"7,199,142,337",a horse,"143,155,269,323",a glass,"120,365,283,487"
2462,small_bboxes,"a bicycle, a cow, a handbag and a tennis racket",a bicycle,"389,322,494,407",a cow,"229,360,340,469",a handbag,"13,224,127,405",a tennis racket,"209,40,382,134"
2463,small_bboxes,"a beetle, a banana, a turtle and a hammer",a beetle,"33,300,159,374",a banana,"0,81,147,246",a turtle,"200,293,330,437",a hammer,"329,50,464,121"
2464,small_bboxes,"a horse, a fire hydrant, a mug and a scarf",a horse,"317,28,419,114",a fire hydrant,"142,251,255,466",a mug,"288,228,411,328",a scarf,"28,62,237,167"
2465,small_bboxes,"a baby, a broom, a candle and a toolbox",a baby,"193,263,380,362",a broom,"314,11,438,99",a candle,"9,2,100,100",a toolbox,"154,383,279,464"
2466,small_bboxes,"a beetle, a microwave, a flower and a toaster",a beetle,"200,121,339,224",a microwave,"80,214,199,295",a flower,"396,272,482,435",a toaster,"119,324,301,442"
2467,small_bboxes,"a cellphone, a bottle, a sock and a remote",a cellphone,"314,139,467,225",a bottle,"103,89,279,188",a sock,"291,387,435,491",a remote,"194,377,281,507"
2468,small_bboxes,"an oven, a shoe, a desk and a soap",an oven,"241,13,422,116",a shoe,"309,163,428,272",a desk,"325,284,465,417",a soap,"107,133,235,207"
2469,small_bboxes,"an umbrella, a bear, a zebra and a tape",an umbrella,"350,144,504,258",a bear,"332,2,472,94",a zebra,"163,184,315,279",a tape,"35,325,198,423"
2470,small_bboxes,"an umbrella, a zebra, a sink and a scarf",an umbrella,"140,136,360,248",a zebra,"373,258,507,393",a sink,"31,368,126,508",a scarf,"181,15,383,116"
2471,small_bboxes,"a tree, a bicycle, a tape and a pillow",a tree,"366,229,472,361",a bicycle,"141,202,244,311",a tape,"321,51,497,197",a pillow,"311,402,455,491"
2472,small_bboxes,"an umbrella, a toothbrush, a hat and a desk",an umbrella,"166,194,355,329",a toothbrush,"8,3,146,178",a hat,"326,353,452,473",a desk,"232,45,415,143"
2473,small_bboxes,"a spoon, a carrot, a drill and a notebook",a spoon,"251,365,403,468",a carrot,"234,265,385,341",a drill,"194,38,328,151",a notebook,"112,361,228,430"
2474,small_bboxes,"a chair, a plant, a flower and a pizza",a chair,"178,315,365,429",a plant,"242,21,446,148",a flower,"370,224,487,365",a pizza,"57,236,175,337"
2475,small_bboxes,"a hair drier, a frisbee, a toolbox and a television",a hair drier,"121,181,306,304",a frisbee,"58,334,215,492",a toolbox,"356,271,477,369",a television,"384,85,490,188"
2476,small_bboxes,"an oak, a bench, a charger and a toolbox",an oak,"302,207,484,308",a bench,"353,375,498,494",a charger,"40,24,172,131",a toolbox,"133,178,286,277"
2477,small_bboxes,"a beetle, a boy, a sandwich and a door",a beetle,"174,291,284,466",a boy,"304,105,440,286",a sandwich,"340,299,492,410",a door,"28,97,152,183"
2478,small_bboxes,"a couch, a cake, a hammer and a desk",a couch,"288,156,384,295",a cake,"191,9,303,136",a hammer,"35,228,152,305",a desk,"359,296,477,409"
2479,small_bboxes,"a parking meter, a bear, a pillow and a shampoo",a parking meter,"161,80,261,223",a bear,"313,227,479,318",a pillow,"42,274,209,422",a shampoo,"370,13,498,123"
2480,small_bboxes,"a tree, a baby, a microwave and a zebra",a tree,"49,205,209,286",a baby,"288,266,507,376",a microwave,"290,111,492,228",a zebra,"59,343,264,468"
2481,small_bboxes,"a couch, a truck, a basket and a bucket",a couch,"185,204,386,327",a truck,"312,43,499,149",a basket,"220,426,349,498",a bucket,"65,337,215,503"
2482,small_bboxes,"a toilet, a bench, a platypus and a hair drier",a toilet,"203,308,390,414",a bench,"222,174,370,289",a platypus,"182,24,308,108",a hair drier,"27,310,173,446"
2483,small_bboxes,"a cup, a motorcycle, a mug and a watch",a cup,"39,275,130,370",a motorcycle,"328,346,493,473",a mug,"381,21,474,118",a watch,"210,170,388,278"
2484,small_bboxes,"an oak, a bed, a tennis racket and a screwdriver",an oak,"213,75,377,191",a bed,"69,375,173,454",a tennis racket,"140,274,249,355",a screwdriver,"247,357,428,493"
2485,small_bboxes,"a baseball bat, a surfboard, an hot-dog and a hair drier",a baseball bat,"15,34,191,135",a surfboard,"290,262,446,345",an hot-dog,"306,89,470,173",a hair drier,"24,215,205,319"
2486,small_bboxes,"a bird, a platypus, a tennis racket and a hat",a bird,"97,262,263,355",a platypus,"243,8,432,107",a tennis racket,"217,108,348,244",a hat,"98,7,211,231"
2487,small_bboxes,"a person, a toothbrush, a candle and a notebook",a person,"357,72,461,165",a toothbrush,"66,73,149,188",a candle,"278,221,461,364",a notebook,"210,49,343,117"
2488,small_bboxes,"a table, a bottle, a surfboard and a train",a table,"78,110,218,284",a bottle,"95,390,255,504",a surfboard,"305,308,393,433",a train,"226,14,329,200"
2489,small_bboxes,"a shower, a charger, a blender and a bin",a shower,"287,173,478,279",a charger,"17,303,157,394",a blender,"154,168,252,265",a bin,"263,332,394,447"
2490,small_bboxes,"a spoon, a horse, a printer and a curtain",a spoon,"85,191,288,303",a horse,"187,62,379,183",a printer,"319,357,409,464",a curtain,"35,428,150,512"
2491,small_bboxes,"an oak, a beetle, a candle and a glass",an oak,"58,233,179,360",a beetle,"264,312,401,458",a candle,"177,22,310,152",a glass,"317,12,430,205"
2492,small_bboxes,"a beetle, a book, a spoon and a snowboard",a beetle,"335,200,443,365",a book,"77,148,175,342",a spoon,"203,187,322,386",a snowboard,"27,397,165,474"
2493,small_bboxes,"a chair, a zebra, a hammer and a basket",a chair,"139,68,271,164",a zebra,"389,72,512,181",a hammer,"249,282,371,495",a basket,"75,221,232,314"
2494,small_bboxes,"a stop sign, a bear, a mouse and a soap",a stop sign,"205,100,350,238",a bear,"143,340,318,439",a mouse,"368,2,484,206",a soap,"19,276,99,398"
2495,small_bboxes,"a dog, a shoe, a glass and a drill",a dog,"106,237,227,380",a shoe,"353,201,495,278",a glass,"84,116,185,213",a drill,"228,162,342,374"
2496,small_bboxes,"a plate, a speaker, a backpack and a toolbox",a plate,"57,220,226,368",a speaker,"292,64,444,142",a backpack,"395,332,510,489",a toolbox,"136,409,253,509"
2497,small_bboxes,"a pizza, a fire hydrant, a ruler and a bucket",a pizza,"1,97,140,188",a fire hydrant,"7,197,157,323",a ruler,"159,307,386,421",a bucket,"200,183,328,285"
2498,small_bboxes,"a car, a handbag, a baseball glove and a screwdriver",a car,"330,79,443,182",a handbag,"26,59,233,181",a baseball glove,"3,360,145,461",a screwdriver,"329,207,441,326"
2499,small_bboxes,"a person, a keyboard, a snowboard and a flashlight",a person,"181,27,323,183",a keyboard,"296,326,419,431",a snowboard,"196,203,400,312",a flashlight,"11,144,176,263"
2500,small_bboxes,"a bus, an elephant, a tennis racket and a hat",a bus,"50,321,221,466",an elephant,"224,150,439,267",a tennis racket,"127,6,258,74",a hat,"363,33,482,122"
2501,small_bboxes,"an umbrella, a baseball glove, a cake and a motorcycle",an umbrella,"121,187,255,255",a baseball glove,"395,255,504,403",a cake,"291,210,394,296",a motorcycle,"63,328,209,434"
2502,small_bboxes,"a bottle, a candle, a television and a refrigerator",a bottle,"114,84,250,216",a candle,"395,196,483,372",a television,"164,263,373,370",a refrigerator,"81,377,266,493"
2503,small_bboxes,"a boat, a flower, a giraffe and a printer",a boat,"125,205,266,315",a flower,"262,358,487,471",a giraffe,"25,13,196,132",a printer,"336,135,488,244"
2504,small_bboxes,"an oak, a flower, an hot-dog and a ladder",an oak,"143,59,267,202",a flower,"25,122,129,258",an hot-dog,"215,301,418,406",a ladder,"381,24,494,178"
2505,small_bboxes,"a table, a guitar, a traffic light and a baseball glove",a table,"356,381,477,473",a guitar,"162,187,291,389",a traffic light,"337,67,433,226",a baseball glove,"86,23,193,133"
2506,small_bboxes,"a keyboard, a flower, a hat and a bucket",a keyboard,"197,224,325,404",a flower,"75,75,238,170",a hat,"42,284,175,359",a bucket,"420,41,507,210"
2507,small_bboxes,"a rose, a bird, a vase and a remote",a rose,"268,132,380,234",a bird,"1,166,184,303",a vase,"36,349,193,442",a remote,"154,42,266,147"
2508,small_bboxes,"a cat, a parking meter, a toaster and a backpack",a cat,"327,304,505,424",a parking meter,"154,183,311,339",a toaster,"25,369,218,489",a backpack,"9,67,141,135"
2509,small_bboxes,"a sheep, an umbrella, a flower and a motorcycle",a sheep,"43,203,213,335",an umbrella,"268,195,450,311",a flower,"146,52,282,126",a motorcycle,"141,378,287,486"
2510,small_bboxes,"a train, an apple, a speaker and a printer",a train,"326,8,448,75",an apple,"255,364,377,499",a speaker,"72,346,180,420",a printer,"46,194,132,285"
2511,small_bboxes,"a snowboard, a crocodile, a fork and a hammer",a snowboard,"68,285,254,406",a crocodile,"62,83,184,275",a fork,"302,351,506,470",a hammer,"355,49,508,156"
2512,small_bboxes,"a laptop, a boy, a giraffe and a cake",a laptop,"52,2,176,130",a boy,"186,162,310,336",a giraffe,"300,364,387,478",a cake,"226,2,346,142"
2513,small_bboxes,"a cow, a platypus, a watch and a glass",a cow,"107,25,273,162",a platypus,"28,319,142,397",a watch,"167,272,262,394",a glass,"264,352,370,455"
2514,small_bboxes,"a sink, a ball, a bucket and a soap",a sink,"46,199,189,350",a ball,"316,102,456,214",a bucket,"95,67,209,187",a soap,"235,272,335,422"
2515,small_bboxes,"a boat, a mushroom, a zebra and a scarf",a boat,"66,359,220,499",a mushroom,"87,49,204,232",a zebra,"236,391,438,496",a scarf,"239,50,339,159"
2516,small_bboxes,"a platypus, a kite, a wallet and a ring",a platypus,"370,361,507,448",a kite,"119,298,221,498",a wallet,"264,107,398,192",a ring,"276,202,419,287"
2517,small_bboxes,"a chair, a toaster, an elephant and a fire hydrant",a chair,"84,387,236,485",a toaster,"232,210,308,343",an elephant,"288,397,499,503",a fire hydrant,"339,155,451,235"
2518,small_bboxes,"a broom, a giraffe, a pan and a monitor",a broom,"48,384,248,507",a giraffe,"23,53,202,156",a pan,"117,225,299,356",a monitor,"391,324,510,441"
2519,small_bboxes,"a cow, a bird, a shower and a shoe",a cow,"124,204,270,332",a bird,"354,106,483,276",a shower,"170,94,347,193",a shoe,"262,373,375,498"
2520,small_bboxes,"a person, a fork, a mouse and a desk",a person,"49,183,235,295",a fork,"39,2,184,101",a mouse,"165,360,325,442",a desk,"372,244,510,375"
2521,small_bboxes,"a stop sign, a broom, a handbag and a drill",a stop sign,"263,150,378,359",a broom,"308,408,425,479",a handbag,"37,159,204,259",a drill,"87,280,235,384"
2522,small_bboxes,"a baby, a ball, a tape and a toolbox",a baby,"55,50,201,154",a ball,"224,109,421,241",a tape,"242,358,404,444",a toolbox,"6,322,130,430"
2523,small_bboxes,"a shower, a toaster, a suitcase and a fire hydrant",a shower,"248,25,442,157",a toaster,"110,0,198,95",a suitcase,"247,297,422,406",a fire hydrant,"31,125,127,258"
2524,small_bboxes,"a baseball bat, a shower, a truck and a speaker",a baseball bat,"186,121,349,232",a shower,"48,378,212,503",a truck,"335,284,422,452",a speaker,"30,233,150,310"
2525,small_bboxes,"a car, a boy, a bowl and a zebra",a car,"401,296,512,412",a boy,"281,133,388,281",a bowl,"53,299,218,387",a zebra,"302,325,386,470"
2526,small_bboxes,"a stop sign, a pan, a soap and a ring",a stop sign,"103,289,193,391",a pan,"336,189,477,353",a soap,"338,393,475,464",a ring,"102,64,258,196"
2527,small_bboxes,"a laptop, a vase, a pan and a hammer",a laptop,"166,171,254,296",a vase,"7,82,162,241",a pan,"298,101,474,209",a hammer,"278,374,381,452"
2528,small_bboxes,"a baby, a person, a banana and an apple",a baby,"357,169,483,291",a person,"250,389,337,508",a banana,"59,16,188,150",an apple,"70,391,229,492"
2529,small_bboxes,"a baby, a book, a surfboard and a giraffe",a baby,"121,191,269,360",a book,"186,25,378,154",a surfboard,"271,270,433,355",a giraffe,"28,31,148,183"
2530,small_bboxes,"a cellphone, a cow, a teddy bear and a leaf",a cellphone,"112,153,296,292",a cow,"317,145,434,259",a teddy bear,"243,323,432,450",a leaf,"281,43,408,139"
2531,small_bboxes,"a dog, a parking meter, a horse and a ruler",a dog,"122,364,254,480",a parking meter,"184,30,333,106",a horse,"264,122,406,234",a ruler,"351,367,510,448"
2532,small_bboxes,"a lamp, a bus, a crocodile and a motorcycle",a lamp,"145,285,241,415",a bus,"152,118,307,272",a crocodile,"272,5,399,114",a motorcycle,"379,312,500,481"
2533,small_bboxes,"a tree, a sandwich, a sink and a frisbee",a tree,"407,184,480,317",a sandwich,"266,31,395,128",a sink,"120,187,336,307",a frisbee,"71,361,243,473"
2534,small_bboxes,"a bicycle, a spoon, a giraffe and an oven",a bicycle,"126,110,229,291",a spoon,"145,392,307,498",a giraffe,"323,24,481,115",an oven,"250,131,338,279"
2535,small_bboxes,"a platypus, a knife, a hammer and a wallet",a platypus,"326,128,464,270",a knife,"283,344,505,460",a hammer,"51,167,257,295",a wallet,"100,372,221,438"
2536,small_bboxes,"a skateboard, a toaster, a cake and an oven",a skateboard,"163,137,279,247",a toaster,"294,91,492,206",a cake,"319,217,428,316",an oven,"97,415,237,489"
2537,small_bboxes,"a bed, a bicycle, a bird and an elephant",a bed,"78,197,281,317",a bicycle,"409,6,512,148",a bird,"306,272,491,372",an elephant,"94,335,199,501"
2538,small_bboxes,"a vase, a tie, a bear and a remote",a vase,"260,134,465,249",a tie,"5,81,178,189",a bear,"153,331,285,503",a remote,"20,378,143,452"
2539,small_bboxes,"a bottle, a bench, a carrot and a basket",a bottle,"52,332,195,459",a bench,"237,310,425,408",a carrot,"77,109,255,206",a basket,"370,101,484,185"
2540,small_bboxes,"an hot-dog, a zebra, a ruler and a flashlight",an hot-dog,"54,96,222,227",a zebra,"112,298,279,417",a ruler,"242,55,383,148",a flashlight,"358,303,487,412"
2541,small_bboxes,"a bicycle, a person, a banana and a pan",a bicycle,"72,17,204,210",a person,"368,229,446,367",a banana,"379,52,498,179",a pan,"39,324,219,425"
2542,small_bboxes,"a bed, a boy, a cow and a backpack",a bed,"179,42,389,155",a boy,"201,322,322,409",a cow,"380,380,507,462",a backpack,"20,236,187,359"
2543,small_bboxes,"a beetle, a tape, a speaker and a curtain",a beetle,"206,0,312,83",a tape,"289,263,479,361",a speaker,"176,93,334,201",a curtain,"1,271,188,394"
2544,small_bboxes,"a beetle, a cow, a vase and a monitor",a beetle,"61,407,188,483",a cow,"78,163,262,267",a vase,"315,117,484,261",a monitor,"49,279,226,369"
2545,small_bboxes,"a couch, a toaster, a knife and a refrigerator",a couch,"389,60,512,244",a toaster,"38,312,250,426",a knife,"348,250,464,461",a refrigerator,"38,187,166,294"
2546,small_bboxes,"a carrot, a hair drier, a ladder and a refrigerator",a carrot,"104,330,292,469",a hair drier,"283,106,394,240",a ladder,"43,82,190,175",a refrigerator,"7,184,197,282"
2547,small_bboxes,"a person, a hair drier, a ladder and a basket",a person,"181,180,310,321",a hair drier,"382,211,512,392",a ladder,"302,55,489,153",a basket,"2,373,89,476"
2548,small_bboxes,"a skyscraper, a bicycle, a watch and a printer",a skyscraper,"64,301,243,414",a bicycle,"256,147,407,230",a watch,"277,323,404,412",a printer,"40,170,226,287"
2549,small_bboxes,"a bicycle, a ball, a hammer and a television",a bicycle,"154,102,323,224",a ball,"248,287,419,422",a hammer,"278,442,405,508",a television,"16,66,96,168"
2550,small_bboxes,"a microwave, a plate, a blender and a remote",a microwave,"297,58,401,140",a plate,"218,179,336,355",a blender,"58,193,173,332",a remote,"325,385,428,462"
2551,small_bboxes,"a baby, a bed, a table and a flower",a baby,"241,180,360,290",a bed,"248,8,360,172",a table,"60,305,230,400",a flower,"259,353,435,464"
2552,small_bboxes,"a bed, a tiger, a skateboard and a knife",a bed,"170,259,292,420",a tiger,"321,233,429,375",a skateboard,"338,49,425,177",a knife,"58,125,176,249"
2553,small_bboxes,"a fire hydrant, a mug, a watch and a ring",a fire hydrant,"406,218,506,400",a mug,"141,226,234,313",a watch,"208,89,420,202",a ring,"197,316,356,422"
2554,small_bboxes,"a cat, a plant, a carrot and an apple",a cat,"266,139,407,216",a plant,"304,278,382,380",a carrot,"92,172,231,340",an apple,"94,345,223,487"
2555,small_bboxes,"an oak, a banana, a turtle and a notebook",an oak,"88,197,259,298",a banana,"278,82,405,272",a turtle,"305,351,488,483",a notebook,"110,103,241,179"
2556,small_bboxes,"a surfboard, a tie, a bear and a knife",a surfboard,"324,282,502,387",a tie,"244,78,328,175",a bear,"47,387,201,493",a knife,"177,195,318,290"
2557,small_bboxes,"a donut, a keyboard, a bucket and a speaker",a donut,"117,18,201,119",a keyboard,"254,351,337,456",a bucket,"82,258,239,342",a speaker,"380,372,485,475"
2558,small_bboxes,"a toilet, a crocodile, a charger and a speaker",a toilet,"217,289,328,384",a crocodile,"254,95,348,192",a charger,"379,270,510,343",a speaker,"76,386,210,502"
2559,small_bboxes,"a guitar, a baseball bat, a shower and a charger",a guitar,"28,172,194,330",a baseball bat,"305,163,461,245",a shower,"23,399,216,508",a charger,"182,16,361,116"
2560,object_relationship,a notebook to the left of a bin,a notebook,"136,265,364,419",a bin,"369,174,501,358",,,,
2561,object_relationship,a surfboard under a snowboard,a surfboard,"142,278,360,487",a snowboard,"187,59,437,241",,,,
2562,object_relationship,a keyboard near a fire hydrant,a keyboard,"326,158,455,313",a fire hydrant,"210,13,421,145",,,,
2563,object_relationship,a sheep next to a bicycle,a sheep,"233,214,460,443",a bicycle,"80,68,208,300",,,,
2564,object_relationship,an oak far from a baseball glove,an oak,"280,33,495,177",a baseball glove,"50,322,203,510",,,,
2565,object_relationship,a rose to the right of a lamp,a rose,"302,235,499,438",a lamp,"12,319,205,496",,,,
2566,object_relationship,an apple under a plant,an apple,"112,203,296,383",a plant,"9,4,163,198",,,,
2567,object_relationship,a shower under a bird,a shower,"171,199,311,407",a bird,"108,9,292,186",,,,
2568,object_relationship,a table below a cellphone,a table,"47,364,280,496",a cellphone,"132,107,365,272",,,,
2569,object_relationship,a suitcase far from a speaker,a suitcase,"14,259,241,477",a speaker,"265,40,474,182",,,,
2570,object_relationship,a bear to the left of a speaker,a bear,"59,7,306,224",a speaker,"317,290,476,452",,,,
2571,object_relationship,an hot-dog to the left of a baby,an hot-dog,"90,105,258,258",a baby,"269,175,475,400",,,,
2572,object_relationship,a motorcycle below a soap,a motorcycle,"41,191,191,316",a soap,"146,0,276,189",,,,
2573,object_relationship,a glass over a book,a glass,"225,135,435,378",a book,"120,379,323,510",,,,
2574,object_relationship,a bicycle on a candle,a bicycle,"345,52,473,298",a candle,"328,310,499,469",,,,
2575,object_relationship,a cup beside a table,a cup,"44,227,273,367",a table,"294,251,448,417",,,,
2576,object_relationship,a baseball bat above a lamp,a baseball bat,"80,77,239,322",a lamp,"36,330,265,510",,,,
2577,object_relationship,a blender to the left of a stop sign,a blender,"49,144,212,381",a stop sign,"226,52,449,262",,,,
2578,object_relationship,a flower beside a refrigerator,a flower,"58,270,288,480",a refrigerator,"294,271,500,452",,,,
2579,object_relationship,a bin on a plate,a bin,"118,140,249,335",a plate,"152,352,381,475",,,,
2580,object_relationship,a shirt to the right of a donut,a shirt,"210,160,367,318",a donut,"10,138,148,357",,,,
2581,object_relationship,a monitor on a chair,a monitor,"145,123,310,337",a chair,"260,352,417,484",,,,
2582,object_relationship,a hat to the left of a plate,a hat,"32,160,277,408",a plate,"341,210,502,333",,,,
2583,object_relationship,a chair next to a mug,a chair,"207,333,446,499",a mug,"25,314,181,440",,,,
2584,object_relationship,an oak above a tie,an oak,"361,48,501,229",a tie,"26,251,258,467",,,,
2585,object_relationship,a baby over a dog,a baby,"131,233,269,358",a dog,"194,362,329,486",,,,
2586,object_relationship,a mushroom beside a bus,a mushroom,"377,225,497,438",a bus,"203,150,355,367",,,,
2587,object_relationship,a laptop beside an elephant,a laptop,"168,191,369,356",an elephant,"21,107,144,245",,,,
2588,object_relationship,a printer under a ladder,a printer,"36,248,184,384",a ladder,"87,1,315,245",,,,
2589,object_relationship,a television beside a skyscraper,a television,"91,186,315,323",a skyscraper,"335,147,497,351",,,,
2590,object_relationship,an hot-dog below an elephant,an hot-dog,"239,188,426,405",an elephant,"38,6,280,148",,,,
2591,object_relationship,a bin to the right of a teddy bear,a bin,"245,211,480,368",a teddy bear,"46,165,192,323",,,,
2592,object_relationship,a toothbrush under a suitcase,a toothbrush,"331,147,497,348",a suitcase,"214,14,335,138",,,,
2593,object_relationship,a remote next to a teddy bear,a remote,"106,32,348,247",a teddy bear,"353,51,488,261",,,,
2594,object_relationship,a television under a clock,a television,"68,147,218,332",a clock,"250,4,424,138",,,,
2595,object_relationship,a ladder below a wallet,a ladder,"196,134,437,294",a wallet,"196,1,390,133",,,,
2596,object_relationship,a ring above a donut,a ring,"239,44,380,207",a donut,"74,339,234,477",,,,
2597,object_relationship,a charger on a fire hydrant,a charger,"168,170,398,309",a fire hydrant,"276,326,419,507",,,,
2598,object_relationship,a platypus under a traffic light,a platypus,"307,188,457,366",a traffic light,"121,9,265,181",,,,
2599,object_relationship,an umbrella beside a television,an umbrella,"158,243,393,421",a television,"3,9,129,243",,,,
2600,object_relationship,a tree over a kite,a tree,"67,77,209,284",a kite,"7,332,141,464",,,,
2601,object_relationship,a chair over a train,a chair,"203,11,429,231",a train,"109,233,229,488",,,,
2602,object_relationship,an hot-dog near a bear,an hot-dog,"21,139,241,329",a bear,"206,356,412,484",,,,
2603,object_relationship,a cow next to an hot-dog,a cow,"188,155,312,319",an hot-dog,"4,272,166,463",,,,
2604,object_relationship,a charger above a skyscraper,a charger,"229,151,397,340",a skyscraper,"335,346,467,494",,,,
2605,object_relationship,a ladder under a parking meter,a ladder,"162,343,412,478",a parking meter,"3,94,183,262",,,,
2606,object_relationship,a rose to the left of a crocodile,a rose,"32,105,214,295",a crocodile,"215,197,391,356",,,,
2607,object_relationship,an hot-dog to the left of a car,an hot-dog,"128,296,251,474",a car,"312,222,485,346",,,,
2608,object_relationship,a beetle beside a tape,a beetle,"101,237,292,440",a tape,"314,192,464,405",,,,
2609,object_relationship,a soap above a candle,a soap,"123,163,316,329",a candle,"79,342,313,506",,,,
2610,object_relationship,a sheep to the right of a blender,a sheep,"158,97,383,243",a blender,"3,206,126,376",,,,
2611,object_relationship,an apple below a curtain,an apple,"264,268,414,504",a curtain,"217,7,347,265",,,,
2612,object_relationship,a bear far from a crocodile,a bear,"103,60,226,229",a crocodile,"269,343,413,494",,,,
2613,object_relationship,a flower beside a tie,a flower,"246,21,382,255",a tie,"78,10,235,187",,,,
2614,object_relationship,a shirt next to a suitcase,a shirt,"292,232,478,389",a suitcase,"1,256,283,406",,,,
2615,object_relationship,a boat next to a tennis racket,a boat,"134,85,323,282",a tennis racket,"346,152,499,281",,,,
2616,object_relationship,a plant under a shower,a plant,"366,213,506,391",a shower,"209,7,430,156",,,,
2617,object_relationship,a traffic light on an oak,a traffic light,"54,32,233,266",an oak,"222,280,436,491",,,,
2618,object_relationship,a fire hydrant near a tree,a fire hydrant,"142,64,309,200",a tree,"1,51,123,264",,,,
2619,object_relationship,a scarf above a banana,a scarf,"16,96,185,285",a banana,"294,315,482,505",,,,
2620,object_relationship,a skyscraper to the left of a knife,a skyscraper,"22,156,265,342",a knife,"268,102,504,260",,,,
2621,object_relationship,a pizza over a drill,a pizza,"103,47,235,177",a drill,"74,197,249,484",,,,
2622,object_relationship,a cat far from a guitar,a cat,"305,28,506,220",a guitar,"19,271,236,512",,,,
2623,object_relationship,a skateboard beside a cow,a skateboard,"347,113,492,304",a cow,"10,71,318,193",,,,
2624,object_relationship,a candle below a ring,a candle,"205,197,407,329",a ring,"212,16,355,187",,,,
2625,object_relationship,a notebook next to a printer,a notebook,"128,228,361,401",a printer,"387,160,509,302",,,,
2626,object_relationship,a cake on a zebra,a cake,"24,95,179,231",a zebra,"53,247,176,452",,,,
2627,object_relationship,a remote next to a couch,a remote,"260,173,413,308",a couch,"73,258,238,424",,,,
2628,object_relationship,a bottle under an hot-dog,a bottle,"253,319,452,460",an hot-dog,"29,15,198,148",,,,
2629,object_relationship,a printer far from a desk,a printer,"295,281,440,403",a desk,"109,13,238,206",,,,
2630,object_relationship,a banana below a bear,a banana,"360,207,491,409",a bear,"112,9,244,200",,,,
2631,object_relationship,a sink near a leaf,a sink,"158,145,362,324",a leaf,"24,202,153,423",,,,
2632,object_relationship,a notebook to the right of a drill,a notebook,"217,336,444,502",a drill,"35,201,178,369",,,,
2633,object_relationship,a cow far from a skateboard,a cow,"343,270,474,408",a skateboard,"54,23,206,246",,,,
2634,object_relationship,a bus to the left of a monitor,a bus,"230,262,357,384",a monitor,"367,74,491,303",,,,
2635,object_relationship,a bottle to the left of an hot-dog,a bottle,"158,260,336,434",an hot-dog,"367,389,496,511",,,,
2636,object_relationship,a baseball glove on a shirt,a baseball glove,"171,135,396,326",a shirt,"215,332,453,501",,,,
2637,object_relationship,an oven over a desk,an oven,"309,232,447,381",a desk,"352,387,493,510",,,,
2638,object_relationship,a pillow over a candle,a pillow,"250,12,429,240",a candle,"284,330,489,496",,,,
2639,object_relationship,a ring far from an elephant,a ring,"14,259,212,472",an elephant,"284,24,481,223",,,,
2640,object_relationship,a sink under a refrigerator,a sink,"289,272,452,490",a refrigerator,"52,3,247,270",,,,
2641,object_relationship,a toaster to the left of a microwave,a toaster,"89,160,256,314",a microwave,"265,140,502,363",,,,
2642,object_relationship,a boat above a candle,a boat,"213,144,416,269",a candle,"135,347,324,505",,,,
2643,object_relationship,a bowl over a rose,a bowl,"28,90,262,273",a rose,"16,282,241,498",,,,
2644,object_relationship,a surfboard far from a person,a surfboard,"18,326,203,488",a person,"296,29,454,214",,,,
2645,object_relationship,a sock near a leaf,a sock,"190,142,336,307",a leaf,"310,5,457,125",,,,
2646,object_relationship,a hair drier over a cat,a hair drier,"233,163,439,369",a cat,"3,369,185,511",,,,
2647,object_relationship,a handbag beside a television,a handbag,"166,364,380,485",a television,"19,254,154,448",,,,
2648,object_relationship,a baseball glove near a wallet,a baseball glove,"103,211,244,416",a wallet,"266,124,426,363",,,,
2649,object_relationship,a donut beside a flower,a donut,"199,84,439,289",a flower,"44,148,182,274",,,,
2650,object_relationship,a toolbox to the left of an elephant,a toolbox,"83,97,220,299",an elephant,"300,250,503,478",,,,
2651,object_relationship,a traffic light under a fork,a traffic light,"74,241,243,439",a fork,"277,1,490,234",,,,
2652,object_relationship,a rose to the right of a bucket,a rose,"258,267,430,445",a bucket,"2,270,247,508",,,,
2653,object_relationship,a toothbrush beside a horse,a toothbrush,"44,34,270,270",a horse,"296,117,471,358",,,,
2654,object_relationship,a refrigerator beside a tree,a refrigerator,"345,145,498,358",a tree,"106,126,319,276",,,,
2655,object_relationship,a flower on a plant,a flower,"308,51,506,270",a plant,"231,283,473,425",,,,
2656,object_relationship,a bird to the left of a cellphone,a bird,"28,108,205,358",a cellphone,"227,104,495,252",,,,
2657,object_relationship,a bowl over a broom,a bowl,"173,17,405,216",a broom,"183,242,379,497",,,,
2658,object_relationship,a guitar to the right of a boy,a guitar,"218,275,440,447",a boy,"32,12,217,170",,,,
2659,object_relationship,a knife on a broom,a knife,"46,54,204,240",a broom,"108,246,258,390",,,,
2660,object_relationship,a stop sign above a parking meter,a stop sign,"82,75,293,280",a parking meter,"44,301,259,460",,,,
2661,object_relationship,a bin above a laptop,a bin,"147,210,352,339",a laptop,"197,349,384,479",,,,
2662,object_relationship,a fire hydrant over a spoon,a fire hydrant,"206,40,404,267",a spoon,"180,271,342,512",,,,
2663,object_relationship,a snowboard over a shower,a snowboard,"341,165,471,324",a shower,"274,355,409,502",,,,
2664,object_relationship,a donut to the left of a fork,a donut,"149,227,349,458",a fork,"358,277,503,458",,,,
2665,object_relationship,a truck above a bin,a truck,"200,46,434,262",a bin,"309,327,474,489",,,,
2666,object_relationship,a plant below a flower,a plant,"212,277,426,429",a flower,"291,15,475,273",,,,
2667,object_relationship,a horse to the left of a ball,a horse,"70,69,310,289",a ball,"318,253,466,386",,,,
2668,object_relationship,a rose to the right of a door,a rose,"143,241,330,473",a door,"13,333,136,502",,,,
2669,object_relationship,a rose next to a teddy bear,a rose,"340,117,510,321",a teddy bear,"198,190,331,406",,,,
2670,object_relationship,a tree beside a basket,a tree,"57,233,288,392",a basket,"313,61,455,290",,,,
2671,object_relationship,a shower near a fork,a shower,"249,78,477,285",a fork,"52,99,228,319",,,,
2672,object_relationship,a tiger above a teddy bear,a tiger,"126,112,277,353",a teddy bear,"62,357,196,509",,,,
2673,object_relationship,a cellphone under a skyscraper,a cellphone,"24,275,202,479",a skyscraper,"52,97,192,243",,,,
2674,object_relationship,a beetle to the left of an apple,a beetle,"79,73,244,266",an apple,"251,134,503,262",,,,
2675,object_relationship,a sheep on a horse,a sheep,"62,27,268,251",a horse,"168,267,348,399",,,,
2676,object_relationship,a lamp above a donut,a lamp,"282,134,476,300",a donut,"329,310,509,508",,,,
2677,object_relationship,a scarf beside a couch,a scarf,"155,46,314,270",a couch,"12,146,134,333",,,,
2678,object_relationship,a bottle over a lamp,a bottle,"173,96,392,276",a lamp,"47,373,284,493",,,,
2679,object_relationship,a clock far from a mouse,a clock,"75,38,203,230",a mouse,"258,294,497,429",,,,
2680,object_relationship,a shirt above a donut,a shirt,"226,127,441,249",a donut,"105,282,242,477",,,,
2681,object_relationship,a car below a microwave,a car,"127,127,282,349",a microwave,"216,0,464,125",,,,
2682,object_relationship,a wallet next to a stop sign,a wallet,"151,227,383,406",a stop sign,"0,223,134,415",,,,
2683,object_relationship,a lamp to the right of a bed,a lamp,"283,143,502,376",a bed,"7,41,277,271",,,,
2684,object_relationship,a fire hydrant near a shirt,a fire hydrant,"205,280,441,476",a shirt,"112,129,293,255",,,,
2685,object_relationship,a plant to the right of a shoe,a plant,"184,46,328,223",a shoe,"51,42,175,178",,,,
2686,object_relationship,a candle on an oak,a candle,"175,219,381,340",an oak,"117,355,269,477",,,,
2687,object_relationship,a table next to a cellphone,a table,"234,233,438,437",a cellphone,"11,269,210,448",,,,
2688,object_relationship,a platypus above a cup and a blender on a pizza,a platypus,"197,257,303,348",a cup,"83,380,198,490",a blender,"254,42,357,139",a pizza,"316,164,452,321"
2689,object_relationship,a sink under a boy and a plant far from a screwdriver,a sink,"159,313,254,459",a boy,"316,60,450,211",a plant,"116,45,214,148",a screwdriver,"257,295,406,438"
2690,object_relationship,a screwdriver to the left of a turtle and a tree next to a ruler,a screwdriver,"282,186,364,324",a turtle,"364,8,511,125",a tree,"102,93,190,189",a ruler,"7,176,95,286"
2691,object_relationship,a toilet above a pillow and an hot-dog beside a skyscraper,a toilet,"338,297,453,389",a pillow,"25,392,164,501",an hot-dog,"400,89,482,171",a skyscraper,"46,127,390,260"
2692,object_relationship,a guitar near a ruler and a cow to the left of a table,a guitar,"362,375,444,455",a ruler,"285,219,423,358",a cow,"187,100,271,212",a table,"299,27,500,108"
2693,object_relationship,a ruler beside a mouse and a pizza over a table,a ruler,"76,26,214,169",a mouse,"220,103,382,185",a pizza,"133,297,272,391",a table,"102,395,225,478"
2694,object_relationship,a clock next to a remote and a mouse over an apple,a clock,"372,404,489,501",a remote,"137,413,347,503",a mouse,"28,31,156,111",an apple,"105,148,241,319"
2695,object_relationship,a plant below a mug and a horse below a turtle,a plant,"188,149,277,269",a mug,"5,12,121,135",a horse,"389,234,476,369",a turtle,"316,0,436,200"
2696,object_relationship,a drill next to a lamp and a rose to the right of a ladder,a drill,"306,347,442,438",a lamp,"67,332,288,460",a rose,"348,203,478,309",a ladder,"206,10,287,155"
2697,object_relationship,a sink over a blender and a notebook under a screwdriver,a sink,"84,90,223,197",a blender,"290,263,416,384",a notebook,"323,80,454,206",a screwdriver,"119,0,239,80"
2698,object_relationship,a teddy bear above an hot-dog and an oven to the left of a scarf,a teddy bear,"16,271,128,419",an hot-dog,"180,429,279,510",an oven,"10,18,156,153",a scarf,"184,180,313,328"
2699,object_relationship,a shirt over a pan and a surfboard over a mushroom,a shirt,"14,217,120,351",a pan,"37,426,120,508",a surfboard,"383,177,484,273",a mushroom,"214,323,337,504"
2700,object_relationship,a flashlight near a skyscraper and an oak next to a pan,a flashlight,"200,189,307,270",a skyscraper,"161,293,266,429",an oak,"156,36,263,184",a pan,"9,8,126,100"
2701,object_relationship,a speaker above a ball and a desk on a turtle,a speaker,"221,107,342,228",a ball,"150,230,269,509",a desk,"320,239,451,340",a turtle,"325,351,437,444"
2702,object_relationship,a clock over a bottle and a baseball glove to the right of a fire hydrant,a clock,"361,203,509,345",a bottle,"315,407,412,499",a baseball glove,"124,129,217,220",a fire hydrant,"1,353,89,463"
2703,object_relationship,a mushroom above a guitar and a boat beside a tiger,a mushroom,"222,251,320,345",a guitar,"257,377,400,507",a boat,"201,76,282,209",a tiger,"46,153,187,250"
2704,object_relationship,an umbrella beside a television and a blender over a screwdriver,an umbrella,"43,338,142,431",a television,"148,301,500,395",a blender,"157,3,296,107",a screwdriver,"206,127,313,289"
2705,object_relationship,a plant far from a dog and a car under an apple,a plant,"120,355,229,483",a dog,"328,159,437,242",a car,"285,366,392,478",an apple,"113,105,212,264"
2706,object_relationship,a turtle over an elephant and a lamp to the right of a toolbox,a turtle,"248,15,397,101",an elephant,"301,215,392,404",a lamp,"153,200,241,331",a toolbox,"7,195,150,298"
2707,object_relationship,a cow beside a sock and a watch to the left of a drill,a cow,"368,21,479,158",a sock,"110,71,342,186",a watch,"265,276,382,360",a drill,"401,297,486,437"
2708,object_relationship,an elephant far from a skateboard and a snowboard next to a parking meter,an elephant,"5,66,102,186",a skateboard,"266,321,392,467",a snowboard,"428,19,510,134",a parking meter,"192,45,413,132"
2709,object_relationship,a shirt near a cow and a traffic light below a cake,a shirt,"397,65,501,200",a cow,"382,207,512,449",a traffic light,"252,325,337,406",a cake,"35,3,176,317"
2710,object_relationship,a curtain near a kite and a boy below a toolbox,a curtain,"46,148,188,246",a kite,"38,4,118,126",a boy,"143,371,230,488",a toolbox,"247,160,384,326"
2711,object_relationship,a cellphone on a tie and a sink over a pizza,a cellphone,"106,242,220,382",a tie,"43,403,162,509",a sink,"222,2,351,148",a pizza,"366,165,474,473"
2712,object_relationship,a shampoo below a dog and a bicycle beside a knife,a shampoo,"325,397,448,508",a dog,"125,51,207,225",a bicycle,"328,220,468,331",a knife,"43,234,299,317"
2713,object_relationship,a platypus near a cellphone and a fork above a toaster,a platypus,"386,247,511,395",a cellphone,"296,24,422,218",a fork,"27,246,158,382",a toaster,"325,401,429,500"
2714,object_relationship,a boat beside a curtain and a cat next to a bench,a boat,"14,218,151,359",a curtain,"172,321,485,441",a cat,"158,76,273,219",a bench,"294,43,496,131"
2715,object_relationship,a spoon to the left of a sink and an apple under a cup,a spoon,"213,267,329,380",a sink,"360,148,466,298",an apple,"47,317,164,401",a cup,"140,35,281,234"
2716,object_relationship,a notebook below a carrot and a fork far from a hammer,a notebook,"277,170,420,287",a carrot,"379,57,484,148",a fork,"84,15,173,140",a hammer,"373,304,505,409"
2717,object_relationship,a zebra on a table and a shampoo under a shoe,a zebra,"67,226,193,331",a table,"33,357,125,448",a shampoo,"183,373,270,460",a shoe,"198,178,282,288"
2718,object_relationship,a parking meter near a bear and a fork under a soap,a parking meter,"224,3,359,106",a bear,"386,8,473,154",a fork,"3,193,126,286",a soap,"45,0,182,188"
2719,object_relationship,a boy over a giraffe and a pizza above a clock,a boy,"201,33,301,183",a giraffe,"222,237,319,435",a pizza,"57,102,138,221",a clock,"325,229,437,363"
2720,object_relationship,a snowboard on a pillow and a shower over a person,a snowboard,"307,150,408,248",a pillow,"378,266,500,478",a shower,"196,17,342,119",a person,"0,156,135,506"
2721,object_relationship,a clock to the right of a microwave and a flashlight to the right of a beetle,a clock,"170,1,301,115",a microwave,"36,191,117,312",a flashlight,"99,321,219,445",a beetle,"0,336,98,471"
2722,object_relationship,a boat to the left of a vase and a curtain over a bucket,a boat,"221,49,342,145",a vase,"343,244,500,349",a curtain,"7,198,137,292",a bucket,"84,304,231,393"
2723,object_relationship,a clock below a shower and a screwdriver to the left of a cup,a clock,"309,187,417,279",a shower,"218,0,336,146",a screwdriver,"5,144,140,268",a cup,"247,324,406,409"
2724,object_relationship,a teddy bear next to a shampoo and a kite beside a stop sign,a teddy bear,"334,96,456,183",a shampoo,"167,103,324,193",a kite,"231,312,331,459",a stop sign,"340,188,463,335"
2725,object_relationship,a train next to a clock and a frisbee over a backpack,a train,"17,26,132,138",a clock,"139,91,250,204",a frisbee,"327,287,454,387",a backpack,"22,416,136,509"
2726,object_relationship,a refrigerator beside a spoon and a pizza above a lamp,a refrigerator,"42,160,151,260",a spoon,"164,134,293,264",a pizza,"287,305,389,416",a lamp,"140,423,250,508"
2727,object_relationship,a cake below a mushroom and a horse to the right of a glass,a cake,"229,270,325,415",a mushroom,"132,20,260,121",a horse,"115,131,214,215",a glass,"8,69,92,194"
2728,object_relationship,a clock on a frisbee and a bin on a table,a clock,"305,74,406,171",a frisbee,"247,177,388,401",a bin,"35,205,183,294",a table,"58,320,176,503"
2729,object_relationship,a horse next to a spoon and a dog above a cup,a horse,"409,222,494,319",a spoon,"169,259,396,383",a dog,"127,62,246,184",a cup,"8,371,111,476"
2730,object_relationship,a desk next to an apple and a clock to the right of a baseball glove,a desk,"255,336,391,451",an apple,"132,413,249,495",a clock,"249,115,395,260",a baseball glove,"5,1,193,82"
2731,object_relationship,a cellphone next to a sandwich and a plant below a bowl,a cellphone,"233,280,358,378",a sandwich,"6,199,219,296",a plant,"254,127,380,229",a bowl,"349,5,451,125"
2732,object_relationship,a guitar next to a fork and a door below a ring,a guitar,"348,148,498,294",a fork,"72,281,336,423",a door,"111,112,258,240",a ring,"307,12,425,99"
2733,object_relationship,a shoe below a baby and a charger far from a surfboard,a shoe,"137,96,270,222",a baby,"7,4,92,95",a charger,"47,378,127,465",a surfboard,"336,76,451,169"
2734,object_relationship,a shoe over a dog and a toothbrush over a tape,a shoe,"2,267,93,412",a dog,"154,420,254,506",a toothbrush,"103,278,251,414",a tape,"283,416,377,508"
2735,object_relationship,a flower next to an elephant and a donut below a skyscraper,a flower,"259,2,355,137",an elephant,"375,16,493,162",a donut,"160,328,265,473",a skyscraper,"133,93,251,247"
2736,object_relationship,a shower under a person and a spoon far from a laptop,a shower,"143,132,275,254",a person,"220,24,339,123",a spoon,"256,338,347,432",a laptop,"6,162,121,252"
2737,object_relationship,a sandwich below an umbrella and a surfboard to the right of a scarf,a sandwich,"373,315,505,403",an umbrella,"298,109,433,303",a surfboard,"241,341,332,455",a scarf,"58,129,224,263"
2738,object_relationship,a zebra over a ball and a truck above a rose,a zebra,"166,116,294,239",a ball,"331,288,417,505",a truck,"353,189,464,287",a rose,"208,312,306,507"
2739,object_relationship,a television below a tie and a refrigerator below a hammer,a television,"20,333,121,449",a tie,"185,50,323,307",a refrigerator,"46,251,139,332",a hammer,"63,7,169,247"
2740,object_relationship,a monitor far from a laptop and an oak over a speaker,a monitor,"286,371,429,486",a laptop,"59,3,197,124",an oak,"2,132,90,267",a speaker,"30,282,149,486"
2741,object_relationship,a broom beside a spoon and a baseball glove above a leaf,a broom,"104,370,193,450",a spoon,"220,403,509,503",a baseball glove,"183,36,304,161",a leaf,"208,218,350,361"
2742,object_relationship,a sheep over a bench and a keyboard to the right of a bicycle,a sheep,"400,128,485,244",a bench,"60,315,145,495",a keyboard,"387,336,485,456",a bicycle,"247,224,330,314"
2743,object_relationship,a scarf next to a sandwich and a hat near a remote,a scarf,"0,235,121,319",a sandwich,"130,271,369,388",a hat,"216,160,307,248",a remote,"303,44,438,153"
2744,object_relationship,a bus to the right of a ring and a laptop over a plant,a bus,"194,212,280,292",a ring,"55,123,154,234",a laptop,"9,301,98,419",a plant,"283,430,415,511"
2745,object_relationship,a keyboard under a banana and a sandwich above a zebra,a keyboard,"346,145,455,263",a banana,"38,10,122,142",a sandwich,"239,124,338,258",a zebra,"304,267,447,413"
2746,object_relationship,a surfboard under a carrot and a shirt above a curtain,a surfboard,"42,352,169,497",a carrot,"230,27,366,350",a shirt,"1,236,148,317",a curtain,"396,327,500,440"
2747,object_relationship,a pillow beside a surfboard and a tiger under a sandwich,a pillow,"112,308,196,434",a surfboard,"3,348,89,472",a tiger,"263,227,384,351",a sandwich,"291,0,371,194"
2748,object_relationship,a printer below a bin and a leaf below a drill,a printer,"5,387,131,477",a bin,"174,67,254,190",a leaf,"80,209,177,352",a drill,"368,43,454,195"
2749,object_relationship,a cat under a tennis racket and a truck above a tree,a cat,"342,181,449,301",a tennis racket,"134,24,249,166",a truck,"63,269,166,408",a tree,"368,410,499,508"
2750,object_relationship,a lamp over a vase and a ruler over a monitor,a lamp,"85,306,228,395",a vase,"19,407,142,508",a ruler,"211,175,357,282",a monitor,"391,295,506,455"
2751,object_relationship,a bench to the right of a donut and a cake to the right of a drill,a bench,"232,11,369,130",a donut,"29,174,133,297",a cake,"230,365,338,481",a drill,"39,28,130,167"
2752,object_relationship,a bear beside a cat and a person to the right of a curtain,a bear,"302,23,399,157",a cat,"420,97,507,179",a person,"127,381,222,462",a curtain,"6,71,123,209"
2753,object_relationship,a ring beside a pan and a backpack below a rose,a ring,"239,307,356,414",a pan,"364,293,487,394",a backpack,"21,269,159,357",a rose,"321,0,444,233"
2754,object_relationship,a truck under a hair drier and a beetle beside a printer,a truck,"334,299,419,403",a hair drier,"340,29,475,116",a beetle,"218,128,364,261",a printer,"92,97,207,193"
2755,object_relationship,a tree on a ruler and a parking meter to the left of a kite,a tree,"126,219,275,361",a ruler,"115,371,248,480",a parking meter,"343,179,425,322",a kite,"426,280,507,415"
2756,object_relationship,a broom next to a curtain and a charger far from a monitor,a broom,"144,71,232,185",a curtain,"53,62,139,207",a charger,"325,66,459,170",a monitor,"138,293,230,420"
2757,object_relationship,a desk below a flashlight and a candle next to a toaster,a desk,"284,123,426,273",a flashlight,"178,19,326,105",a candle,"27,300,157,435",a toaster,"184,362,470,500"
2758,object_relationship,a zebra next to a snowboard and a refrigerator next to a traffic light,a zebra,"324,350,414,457",a snowboard,"19,283,314,385",a refrigerator,"370,53,464,150",a traffic light,"188,65,360,179"
2759,object_relationship,a sock below a bottle and a tie on a printer,a sock,"40,278,164,377",a bottle,"98,3,178,250",a tie,"324,120,454,256",a printer,"358,264,508,459"
2760,object_relationship,a bucket far from a scarf and a ring below a bicycle,a bucket,"314,24,439,153",a scarf,"47,352,180,502",a ring,"270,303,388,423",a bicycle,"166,66,305,246"
2761,object_relationship,a couch on a handbag and a horse next to a tiger,a couch,"95,178,239,275",a handbag,"121,290,254,504",a horse,"330,8,462,150",a tiger,"83,4,313,154"
2762,object_relationship,a flower under a toaster and a motorcycle to the left of a remote,a flower,"185,396,294,494",a toaster,"35,60,148,159",a motorcycle,"233,261,334,365",a remote,"337,303,476,435"
2763,object_relationship,a speaker beside a train and a bicycle above a parking meter,a speaker,"107,352,220,478",a train,"7,338,92,472",a bicycle,"55,117,203,201",a parking meter,"338,235,436,490"
2764,object_relationship,a person on a plant and a keyboard to the left of a hat,a person,"16,210,152,290",a plant,"57,299,159,410",a keyboard,"252,129,394,218",a hat,"401,247,498,374"
2765,object_relationship,a glass far from a tie and a ruler next to a candle,a glass,"306,280,407,410",a tie,"13,133,135,216",a ruler,"137,379,220,462",a candle,"36,285,118,421"
2766,object_relationship,a toothbrush on a ladder and a mug to the right of a cellphone,a toothbrush,"313,131,413,240",a ladder,"279,246,386,449",a mug,"80,398,207,489",a cellphone,"0,27,80,177"
2767,object_relationship,a surfboard far from an oven and a plate above a sink,a surfboard,"74,7,196,129",an oven,"285,305,425,447",a plate,"107,153,195,293",a sink,"150,363,275,456"
2768,object_relationship,a microwave far from a backpack and a tie on a book,a microwave,"349,373,483,511",a backpack,"66,8,213,121",a tie,"286,139,385,278",a book,"189,302,324,385"
2769,object_relationship,a television over a car and a bear on a remote,a television,"210,33,318,142",a car,"143,268,263,359",a bear,"354,244,446,326",a remote,"346,350,468,500"
2770,object_relationship,a drill under a charger and a bowl over a toothbrush,a drill,"42,91,135,196",a charger,"389,0,510,80",a bowl,"227,103,356,190",a toothbrush,"334,300,442,446"
2771,object_relationship,a parking meter under a ruler and a car near a train,a parking meter,"78,280,187,419",a ruler,"191,88,309,234",a car,"367,132,490,244",a train,"371,18,490,105"
2772,object_relationship,a shoe on a snowboard and a hat near a bin,a shoe,"76,283,203,381",a snowboard,"103,400,205,509",a hat,"115,140,247,223",a bin,"258,147,341,241"
2773,object_relationship,a dog to the right of a door and a beetle on a television,a dog,"147,91,238,199",a door,"17,8,134,98",a beetle,"336,176,467,273",a television,"232,293,345,457"
2774,object_relationship,a tape next to a cat and a charger above a cellphone,a tape,"416,331,499,462",a cat,"327,207,411,352",a charger,"3,94,99,175",a cellphone,"217,192,324,355"
2775,object_relationship,a baseball glove on a boy and a traffic light next to a parking meter,a baseball glove,"65,231,184,319",a boy,"151,344,261,424",a traffic light,"334,0,465,83",a parking meter,"71,76,315,192"
2776,object_relationship,a mug on a bird and a parking meter to the right of a mushroom,a mug,"2,279,94,370",a bird,"140,388,289,477",a parking meter,"224,154,352,251",a mushroom,"52,123,216,225"
2777,object_relationship,an umbrella to the left of a blender and a person beside a ladder,an umbrella,"132,163,247,294",a blender,"310,208,484,292",a person,"331,417,413,498",a ladder,"200,321,308,464"
2778,object_relationship,a book above a bed and a leaf above a microwave,a book,"404,319,487,415",a bed,"220,428,353,508",a leaf,"328,173,430,263",a microwave,"15,271,109,503"
2779,object_relationship,a hammer to the left of a toolbox and a monitor near an umbrella,a hammer,"203,170,292,319",a toolbox,"321,174,444,256",a monitor,"6,0,117,133",an umbrella,"135,18,428,123"
2780,object_relationship,a bucket on a skyscraper and a tape far from a pan,a bucket,"67,259,170,395",a skyscraper,"159,416,280,502",a tape,"40,70,181,187",a pan,"309,257,436,342"
2781,object_relationship,a bin near a drill and a tape near a plate,a bin,"119,6,267,139",a drill,"27,151,149,306",a tape,"369,169,500,271",a plate,"277,289,392,373"
2782,object_relationship,a candle on a boy and a motorcycle next to a shower,a candle,"33,68,152,161",a boy,"74,187,195,350",a motorcycle,"266,157,371,239",a shower,"387,170,511,253"
2783,object_relationship,a baby to the right of an elephant and a train beside an umbrella,a baby,"368,141,454,253",an elephant,"193,383,315,508",a train,"67,55,214,167",an umbrella,"239,33,476,131"
2784,object_relationship,a suitcase under a watch and a pizza on a banana,a suitcase,"55,155,180,263",a watch,"272,47,366,150",a pizza,"5,316,96,423",a banana,"98,430,240,512"
2785,object_relationship,a sheep over a soap and a skyscraper beside a bucket,a sheep,"329,139,435,243",a soap,"173,246,280,350",a skyscraper,"188,399,291,505",a bucket,"18,377,163,487"
2786,object_relationship,a pillow to the left of a refrigerator and a ladder to the right of a sock,a pillow,"51,11,156,103",a refrigerator,"169,245,468,337",a ladder,"264,357,356,483",a sock,"83,399,222,488"
2787,object_relationship,a toolbox over a sheep and a glass beside a baby,a toolbox,"24,2,155,107",a sheep,"227,134,367,306",a glass,"246,336,369,429",a baby,"82,321,241,467"
2788,object_relationship,a banana far from a mouse and a train to the right of an oak,a banana,"371,62,498,153",a mouse,"138,374,218,487",a train,"208,52,297,141",an oak,"18,102,167,240"
2789,object_relationship,a book beside a printer and a pillow to the right of a teddy bear,a book,"39,22,140,125",a printer,"147,43,420,136",a pillow,"124,382,247,488",a teddy bear,"6,267,110,364"
2790,object_relationship,a refrigerator under a giraffe and a handbag to the right of a shoe,a refrigerator,"361,187,501,289",a giraffe,"289,12,423,177",a handbag,"123,208,218,307",a shoe,"21,373,121,487"
2791,object_relationship,a mushroom near a motorcycle and a sock above a guitar,a mushroom,"192,343,315,483",a motorcycle,"340,329,467,435",a sock,"287,85,395,204",a guitar,"66,208,146,408"
2792,object_relationship,a laptop near a watch and a charger beside a kite,a laptop,"304,109,407,198",a watch,"271,4,416,97",a charger,"312,318,394,427",a kite,"110,342,296,437"
2793,object_relationship,a sock near a motorcycle and a flashlight over a plant,a sock,"83,264,173,383",a motorcycle,"191,303,364,438",a flashlight,"374,135,509,259",a plant,"367,355,497,509"
2794,object_relationship,a parking meter to the right of a teddy bear and a baseball glove near a flower,a parking meter,"121,139,229,259",a teddy bear,"1,369,118,476",a baseball glove,"272,281,411,371",a flower,"429,186,510,284"
2795,object_relationship,a bicycle near a shampoo and a bowl near a rose,a bicycle,"161,86,309,215",a shampoo,"54,112,152,252",a bowl,"335,85,450,223",a rose,"258,240,352,431"
2796,object_relationship,a keyboard on an oak and a dog over a flower,a keyboard,"3,5,146,113",an oak,"78,128,183,250",a dog,"312,217,415,355",a flower,"329,379,419,489"
2797,object_relationship,a scarf to the right of a donut and a mushroom above a hammer,a scarf,"133,234,261,357",a donut,"0,281,129,401",a mushroom,"285,59,420,189",a hammer,"401,203,500,370"
2798,object_relationship,a bottle to the right of a mushroom and a pizza next to a cake,a bottle,"303,20,450,101",a mushroom,"28,391,186,503",a pizza,"322,213,412,300",a cake,"232,212,316,306"
2799,object_relationship,a shoe below a bottle and a bin far from a tie,a shoe,"218,367,309,463",a bottle,"27,189,164,364",a bin,"360,307,460,394",a tie,"89,88,229,175"
2800,object_relationship,a tape to the right of a handbag and a ladder far from a turtle,a tape,"334,173,453,254",a handbag,"82,22,220,155",a ladder,"21,364,117,469",a turtle,"357,49,464,144"
2801,object_relationship,a cat to the left of a snowboard and a toolbox to the right of a flower,a cat,"59,331,184,432",a snowboard,"251,9,416,143",a toolbox,"253,253,367,337",a flower,"42,115,228,255"
2802,object_relationship,a guitar beside a bucket and a notebook above a plant,a guitar,"329,112,447,259",a bucket,"95,57,316,145",a notebook,"110,288,204,394",a plant,"55,397,154,511"
2803,object_relationship,a mushroom below a person and a sheep to the left of a kite,a mushroom,"280,124,424,265",a person,"346,0,466,118",a sheep,"243,37,327,117",a kite,"352,340,440,486"
2804,object_relationship,a fire hydrant under a boat and a bottle over a person,a fire hydrant,"289,256,373,384",a boat,"343,0,465,254",a bottle,"44,95,192,236",a person,"86,359,202,475"
2805,object_relationship,a ruler far from a sink and a kite next to a couch,a ruler,"21,352,131,502",a sink,"326,68,437,187",a kite,"171,311,310,400",a couch,"337,242,489,365"
2806,object_relationship,a broom to the left of a bin and a cake under a table,a broom,"44,298,146,431",a bin,"351,33,501,177",a cake,"276,252,386,388",a table,"2,110,110,203"
2807,object_relationship,a sheep below a giraffe and a hammer beside a person,a sheep,"330,275,438,362",a giraffe,"308,47,442,215",a hammer,"190,38,286,140",a person,"89,153,173,290"
2808,object_relationship,a kite next to a mushroom and a vase over a boat,a kite,"44,68,133,208",a mushroom,"141,25,402,138",a vase,"372,228,477,321",a boat,"144,367,224,458"
2809,object_relationship,a couch far from a leaf and a door near a dog,a couch,"69,387,200,470",a leaf,"359,24,480,170",a door,"172,179,311,275",a dog,"216,291,306,419"
2810,object_relationship,an oven next to a bicycle and a charger below a spoon,an oven,"307,34,417,169",a bicycle,"423,125,503,267",a charger,"40,108,175,242",a spoon,"167,6,306,106"
2811,object_relationship,a pan over a lamp and a flower to the left of a drill,a pan,"74,252,202,341",a lamp,"101,342,212,477",a flower,"120,59,202,206",a drill,"285,14,437,133"
2812,object_relationship,a carrot beside a bench and a fire hydrant over a boy,a carrot,"247,384,351,495",a bench,"356,336,445,446",a fire hydrant,"236,6,363,144",a boy,"55,148,188,507"
2813,object_relationship,a mushroom under a shirt and a zebra beside a teddy bear,a mushroom,"249,144,396,266",a shirt,"329,7,445,119",a zebra,"124,330,261,426",a teddy bear,"22,376,102,485"
2814,object_relationship,a fire hydrant below a carrot and a bed near a wallet,a fire hydrant,"96,127,231,225",a carrot,"402,4,484,102",a bed,"233,156,349,241",a wallet,"218,262,331,350"
2815,object_relationship,a zebra on a backpack and a parking meter near a bed,a zebra,"147,125,296,267",a backpack,"168,278,267,361",a parking meter,"364,88,448,233",a bed,"304,253,403,413"
2816,complex_composition,A silver mug rested quietly on the shelf,a silver mug,"58,53,501,173",,,,,,
2817,complex_composition,A dark rose crept under the shadowy bushes,a dark rose,"3,222,512,463",,,,,,
2818,complex_composition,A dark oak hung loosely on the hook,a dark oak,"78,214,370,294",,,,,,
2819,complex_composition,A large laptop waited patiently by the door,a large laptop,"144,49,264,155",,,,,,
2820,complex_composition,A rotten knife ran across the crowded plaza,a rotten knife,"79,131,310,466",,,,,,
2821,complex_composition,A tall train was perched on the windowsill,a tall train,"84,2,468,498",,,,,,
2822,complex_composition,A fuzzy flashlight raced through the narrow alley,a fuzzy flashlight,"4,120,508,290",,,,,,
2823,complex_composition,A soft cellphone snapped shut with a loud click,a soft cellphone,"251,40,477,209",,,,,,
2824,complex_composition,An aggressive toolbox shimmered on the table,an aggressive toolbox,"180,97,487,228",,,,,,
2825,complex_composition,A clean baseball bat hung loosely on the hook,a clean baseball bat,"397,9,512,511",,,,,,
2826,complex_composition,A warm keyboard ran across the crowded plaza,a warm keyboard,"30,40,500,506",,,,,,
2827,complex_composition,A shiny scarf spun slowly on the counter,a shiny scarf,"57,235,296,385",,,,,,
2828,complex_composition,A fluffy monitor drifted silently above the hill,a fluffy monitor,"80,0,402,475",,,,,,
2829,complex_composition,A fluffy suitcase gleamed under the sunlight,a fluffy suitcase,"156,40,491,354",,,,,,
2830,complex_composition,A large tape shimmered on the table,a large tape,"52,22,331,449",,,,,,
2831,complex_composition,A happy baseball glove shimmered on the table,a happy baseball glove,"120,198,252,492",,,,,,
2832,complex_composition,A short table drifted silently above the hill,a short table,"77,19,283,473",,,,,,
2833,complex_composition,A bright couch gleamed under the sunlight,a bright couch,"2,175,501,294",,,,,,
2834,complex_composition,A black apple twinkled beneath the moonlight,a black apple,"148,37,338,378",,,,,,
2835,complex_composition,A dark hammer wobbled on the edge of the sink,a dark hammer,"23,45,253,497",,,,,,
2836,complex_composition,A yellow ball floated gently down the stream,a yellow ball,"84,3,448,343",,,,,,
2837,complex_composition,A large horse was perched on the windowsill,a large horse,"18,23,140,299",,,,,,
2838,complex_composition,A rough screwdriver stood in the corner of the room,a rough screwdriver,"256,264,490,459",,,,,,
2839,complex_composition,A pink curtain stood in the corner of the room,a pink curtain,"329,187,411,293",,,,,,
2840,complex_composition,A small platypus twinkled beneath the moonlight,a small platypus,"68,195,473,302",,,,,,
2841,complex_composition,A tall candle wobbled on the edge of the sink,a tall candle,"104,27,428,425",,,,,,
2842,complex_composition,A blue bowl flew past the busy street,a blue bowl,"43,12,318,414",,,,,,
2843,complex_composition,A blue carrot gleamed under the sunlight,a blue carrot,"153,16,354,383",,,,,,
2844,complex_composition,A white donut twinkled beneath the moonlight,a white donut,"81,60,495,431",,,,,,
2845,complex_composition,A dark clock spun slowly on the counter,a dark clock,"174,114,477,445",,,,,,
2846,complex_composition,A white chair ran across the crowded plaza,a white chair,"18,160,140,312",,,,,,
2847,complex_composition,A tall glass was perched on the windowsill,a tall glass,"325,147,476,456",,,,,,
2848,complex_composition,A bright teddy bear spun slowly on the counter,a bright teddy bear,"225,198,353,358",,,,,,
2849,complex_composition,A fast vase drifted silently above the hill,a fast vase,"97,98,506,368",,,,,,
2850,complex_composition,An aggressive television snapped shut with a loud click,an aggressive television,"107,137,481,502",,,,,,
2851,complex_composition,A tall motorcycle waited patiently by the door,a tall motorcycle,"22,173,408,290",,,,,,
2852,complex_composition,A crowded tie floated gently down the stream,a crowded tie,"176,170,305,355",,,,,,
2853,complex_composition,A short sheep was perched on the windowsill,a short sheep,"142,104,502,352",,,,,,
2854,complex_composition,A black sandwich flew past the busy street,a black sandwich,"2,167,509,491",,,,,,
2855,complex_composition,A large zebra wobbled on the edge of the sink,a large zebra,"279,108,416,476",,,,,,
2856,complex_composition,A fast shirt raced through the narrow alley,a fast shirt,"115,90,324,360",,,,,,
2857,complex_composition,A blue fork rolled across the pavement,a blue fork,"58,210,486,477",,,,,,
2858,complex_composition,An aggressive charger snapped shut with a loud click,an aggressive charger,"130,74,425,383",,,,,,
2859,complex_composition,A bright skateboard was perched on the windowsill,a bright skateboard,"33,33,222,344",,,,,,
2860,complex_composition,A soft cup danced in the breeze,a soft cup,"25,28,221,493",,,,,,
2861,complex_composition,A yellow sink gleamed under the sunlight,a yellow sink,"168,49,423,476",,,,,,
2862,complex_composition,A short ring crept under the shadowy bushes,a short ring,"236,77,325,472",,,,,,
2863,complex_composition,A dark drill gleamed under the sunlight,a dark drill,"84,50,486,435",,,,,,
2864,complex_composition,A fuzzy turtle snapped shut with a loud click,a fuzzy turtle,"155,12,466,261",,,,,,
2865,complex_composition,A dark plate was perched on the windowsill,a dark plate,"284,84,426,482",,,,,,
2866,complex_composition,A smooth handbag spun slowly on the counter,a smooth handbag,"130,25,257,362",,,,,,
2867,complex_composition,A red ruler rolled across the pavement,a red ruler,"74,102,476,488",,,,,,
2868,complex_composition,A wooden leaf was perched on the windowsill,a wooden leaf,"20,341,479,505",,,,,,
2869,complex_composition,A snowy ladder bounced over the grassy field,a snowy ladder,"3,12,500,428",,,,,,
2870,complex_composition,A tall shoe twinkled beneath the moonlight,a tall shoe,"57,68,204,322",,,,,,
2871,complex_composition,A green plant shimmered on the table,a green plant,"213,4,411,478",,,,,,
2872,complex_composition,A wooden spoon hung loosely on the hook,a wooden spoon,"125,146,432,373",,,,,,
2873,complex_composition,A silver desk rested quietly on the shelf,a silver desk,"71,199,464,281",,,,,,
2874,complex_composition,A yellow door danced in the breeze,a yellow door,"15,197,317,509",,,,,,
2875,complex_composition,A large elephant spun slowly on the counter,a large elephant,"28,236,353,475",,,,,,
2876,complex_composition,A blue fire hydrant crept under the shadowy bushes,a blue fire hydrant,"2,182,510,399",,,,,,
2877,complex_composition,A rotten bus wobbled on the edge of the sink,a rotten bus,"43,60,455,508",,,,,,
2878,complex_composition,A large hat wobbled on the edge of the sink,a large hat,"62,96,483,405",,,,,,
2879,complex_composition,A bright toothbrush shimmered on the table,a bright toothbrush,"167,46,429,492",,,,,,
2880,complex_composition,A small basket floated gently down the stream,a small basket,"33,122,508,385",,,,,,
2881,complex_composition,A green cow crept under the shadowy bushes,a green cow,"25,43,404,477",,,,,,
2882,complex_composition,A fast beetle spun slowly on the counter,a fast beetle,"20,111,488,341",,,,,,
2883,complex_composition,A shiny parking meter floated gently down the stream,a shiny parking meter,"104,28,472,292",,,,,,
2884,complex_composition,A yellow shampoo danced in the breeze,a yellow shampoo,"13,189,491,468",,,,,,
2885,complex_composition,A yellow speaker rolled across the pavement,a yellow speaker,"8,92,439,185",,,,,,
2886,complex_composition,A black truck rested quietly on the shelf,a black truck,"354,156,462,509",,,,,,
2887,complex_composition,A happy kite hung loosely on the hook,a happy kite,"377,90,499,239",,,,,,
2888,complex_composition,A green tree bounced over the grassy field,a green tree,"24,92,183,511",,,,,,
2889,complex_composition,A yellow refrigerator gleamed under the sunlight,a yellow refrigerator,"46,14,269,447",,,,,,
2890,complex_composition,A fluffy flower drifted silently above the hill,a fluffy flower,"183,51,326,507",,,,,,
2891,complex_composition,A tall blender floated gently down the stream,a tall blender,"6,38,500,160",,,,,,
2892,complex_composition,A blue wallet twinkled beneath the moonlight,a blue wallet,"86,55,411,462",,,,,,
2893,complex_composition,A yellow cake twinkled beneath the moonlight,a yellow cake,"85,118,347,366",,,,,,
2894,complex_composition,A fast mushroom gleamed under the sunlight,a fast mushroom,"0,113,505,416",,,,,,
2895,complex_composition,A blue person flew past the busy street,a blue person,"7,104,492,241",,,,,,
2896,complex_composition,A large dog twinkled beneath the moonlight,a large dog,"64,320,319,414",,,,,,
2897,complex_composition,A pink soap rested quietly on the shelf,a pink soap,"54,191,307,387",,,,,,
2898,complex_composition,A blue book wobbled on the edge of the sink,a blue book,"150,54,479,382",,,,,,
2899,complex_composition,A snowy frisbee flew past the busy street,a snowy frisbee,"76,50,416,413",,,,,,
2900,complex_composition,A yellow pillow crept under the shadowy bushes,a yellow pillow,"142,39,493,430",,,,,,
2901,complex_composition,A tall toaster hung loosely on the hook,a tall toaster,"112,116,328,481",,,,,,
2902,complex_composition,A crowded pan raced through the narrow alley,a crowded pan,"225,255,443,432",,,,,,
2903,complex_composition,A green pizza hung loosely on the hook,a green pizza,"59,68,193,253",,,,,,
2904,complex_composition,A shiny boy rolled across the pavement,a shiny boy,"152,44,505,477",,,,,,
2905,complex_composition,A warm lamp ran across the crowded plaza,a warm lamp,"169,5,297,331",,,,,,
2906,complex_composition,A green remote twinkled beneath the moonlight,a green remote,"1,21,353,501",,,,,,
2907,complex_composition,A fast tiger gleamed under the sunlight,a fast tiger,"25,265,474,510",,,,,,
2908,complex_composition,A bright toilet bounced over the grassy field,a bright toilet,"36,60,365,347",,,,,,
2909,complex_composition,A silver hair drier floated gently down the stream,a silver hair drier,"61,71,263,387",,,,,,
2910,complex_composition,A black skyscraper hung loosely on the hook,a black skyscraper,"53,15,511,380",,,,,,
2911,complex_composition,A large oven rolled across the pavement,a large oven,"212,324,512,481",,,,,,
2912,complex_composition,A pink umbrella waited patiently by the door,a pink umbrella,"370,258,472,391",,,,,,
2913,complex_composition,A shiny bench twinkled beneath the moonlight,a shiny bench,"156,85,464,408",,,,,,
2914,complex_composition,A wooden bear rested quietly on the shelf,a wooden bear,"183,6,347,512",,,,,,
2915,complex_composition,A rough broom wobbled on the edge of the sink,a rough broom,"106,160,233,355",,,,,,
2916,complex_composition,A bright car shimmered on the table,a bright car,"96,33,512,362",,,,,,
2917,complex_composition,A short tennis racket flew past the busy street,a short tennis racket,"103,4,199,501",,,,,,
2918,complex_composition,A wooden bicycle spun slowly on the counter,a wooden bicycle,"197,168,492,460",,,,,,
2919,complex_composition,A dark backpack spun slowly on the counter,a dark backpack,"236,21,466,474",,,,,,
2920,complex_composition,A dark bed hung loosely on the hook,a dark bed,"232,255,364,491",,,,,,
2921,complex_composition,A fuzzy shower hung loosely on the hook,a fuzzy shower,"1,51,206,502",,,,,,
2922,complex_composition,A shiny notebook rested quietly on the shelf,a shiny notebook,"1,0,352,482",,,,,,
2923,complex_composition,A clean boat bounced over the grassy field,a clean boat,"322,19,445,404",,,,,,
2924,complex_composition,A white cat bounced over the grassy field,a white cat,"8,80,501,505",,,,,,
2925,complex_composition,A smooth microwave rolled across the pavement,a smooth microwave,"39,34,169,487",,,,,,
2926,complex_composition,A rotten guitar was perched on the windowsill,a rotten guitar,"157,35,409,428",,,,,,
2927,complex_composition,A clean traffic light rolled across the pavement,a clean traffic light,"128,21,255,391",,,,,,
2928,complex_composition,A large hot-dog rolled across the pavement,a large hot-dog,"129,132,242,419",,,,,,
2929,complex_composition,A fast surfboard flew past the busy street,a fast surfboard,"53,152,259,345",,,,,,
2930,complex_composition,A dark bin twinkled beneath the moonlight,a dark bin,"9,184,443,321",,,,,,
2931,complex_composition,A fluffy bottle hung loosely on the hook,a fluffy bottle,"296,93,405,435",,,,,,
2932,complex_composition,A rotten mouse floated gently down the stream,a rotten mouse,"67,47,468,149",,,,,,
2933,complex_composition,A bright snowboard drifted silently above the hill,a bright snowboard,"37,169,445,455",,,,,,
2934,complex_composition,A silver banana bounced over the grassy field,a silver banana,"3,13,114,290",,,,,,
2935,complex_composition,A blue sock stood in the corner of the room,a blue sock,"16,189,484,316",,,,,,
2936,complex_composition,A fast stop sign spun slowly on the counter,a fast stop sign,"31,48,300,369",,,,,,
2937,complex_composition,A tall giraffe spun slowly on the counter,a tall giraffe,"62,148,449,449",,,,,,
2938,complex_composition,A fuzzy bucket bounced over the grassy field,a fuzzy bucket,"59,192,366,447",,,,,,
2939,complex_composition,A green printer shimmered on the table,a green printer,"6,93,437,328",,,,,,
2940,complex_composition,A shiny watch flew past the busy street,a shiny watch,"70,24,496,260",,,,,,
2941,complex_composition,A red crocodile crept under the shadowy bushes,a red crocodile,"41,224,486,432",,,,,,
2942,complex_composition,A tall bird spun slowly on the counter,a tall bird,"286,66,491,265",,,,,,
2943,complex_composition,A short baby spun slowly on the counter,a short baby,"46,103,456,189",,,,,,
2944,complex_composition,A breeze passed as a white bus lay surrounded by an warm umbrella,a white bus,"142,115,489,373",an warm umbrella,"49,20,295,505",,,,
2945,complex_composition,"In the corner, a happy cow was carefully next to a dark clock",a happy cow,"301,78,453,477",a dark clock,"197,81,455,457",,,,
2946,complex_composition,"In the corner, a bright bus was carefully between a silver donut",a bright bus,"366,42,464,408",a silver donut,"90,195,452,378",,,,
2947,complex_composition,A yellow bus stood attached to a small snowboard in the quiet morning,a yellow bus,"154,74,339,423",a small snowboard,"132,151,381,484",,,,
2948,complex_composition,"In the corner, a bright car was carefully above a fluffy ruler",a bright car,"188,77,409,388",a fluffy ruler,"31,400,452,509",,,,
2949,complex_composition,A breeze passed as a shiny cat lay attached to a fast plant,a shiny cat,"14,203,244,366",a fast plant,"86,52,173,501",,,,
2950,complex_composition,"The scene was still, with a snowy bench gently above a yellow bin",a snowy bench,"39,44,348,507",a yellow bin,"113,121,435,410",,,,
2951,complex_composition,A green broom appeared suddenly on top of a blue shower by the road,a green broom,"208,79,307,373",a blue shower,"30,134,511,331",,,,
2952,complex_composition,A small teddy bear stood beside a green charger in the quiet morning,a small teddy bear,"310,181,472,357",a green charger,"155,49,292,502",,,,
2953,complex_composition,A crowded giraffe stood behind a green bucket in the quiet morning,a crowded giraffe,"142,113,390,284",a green bucket,"299,188,500,383",,,,
2954,complex_composition,"The scene was still, with a fast car gently placed near an dark oven",a fast car,"394,22,488,173",an dark oven,"66,52,506,147",,,,
2955,complex_composition,A yellow zebra appeared suddenly inside a tall backpack by the road,a yellow zebra,"1,31,510,492",a tall backpack,"251,343,473,504",,,,
2956,complex_composition,A breeze passed as a fast handbag lay inside a fast sink,a fast handbag,"256,221,491,369",a fast sink,"98,104,306,379",,,,
2957,complex_composition,"The scene was still, with a snowy bear gently in front of a dark leaf",a snowy bear,"235,53,409,495",a dark leaf,"321,88,428,229",,,,
2958,complex_composition,"In the corner, a rotten toaster was carefully attached to a fluffy tape",a rotten toaster,"107,33,512,436",a fluffy tape,"58,1,506,149",,,,
2959,complex_composition,A snowy bed appeared suddenly behind a smooth monitor by the road,a snowy bed,"49,127,419,446",a smooth monitor,"133,83,455,400",,,,
2960,complex_composition,"The scene was still, with a soft train gently beside a wooden spoon",a soft train,"79,7,473,449",a wooden spoon,"182,145,505,508",,,,
2961,complex_composition,A breeze passed as a snowy bicycle lay surrounded by a small screwdriver,a snowy bicycle,"103,263,505,393",a small screwdriver,"294,2,413,452",,,,
2962,complex_composition,"In the corner, a small laptop was carefully between a warm banana",a small laptop,"5,249,464,447",a warm banana,"11,72,489,302",,,,
2963,complex_composition,A clean platypus appeared suddenly inside a short hair drier by the road,a clean platypus,"25,2,480,281",a short hair drier,"72,83,365,499",,,,
2964,complex_composition,A silver bird stood leaning on a silver handbag in the quiet morning,a silver bird,"169,211,355,299",a silver handbag,"76,191,228,502",,,,
2965,complex_composition,A breeze passed as a wooden tiger lay leaning on a crowded teddy bear,a wooden tiger,"233,153,384,305",a crowded teddy bear,"43,249,509,379",,,,
2966,complex_composition,"The scene was still, with a warm tennis racket gently in front of a white wallet",a warm tennis racket,"166,101,479,357",a white wallet,"16,152,417,491",,,,
2967,complex_composition,"In the corner, a black baby was carefully between a soft toilet",a black baby,"0,65,352,428",a soft toilet,"77,304,335,509",,,,
2968,complex_composition,"The scene was still, with a white parking meter gently between a red ring",a white parking meter,"23,191,503,340",a red ring,"215,98,483,277",,,,
2969,complex_composition,A white banana appeared suddenly beside a soft hair drier by the road,a white banana,"318,30,474,459",a soft hair drier,"10,0,292,418",,,,
2970,complex_composition,"The scene was still, with a fuzzy train gently resting on a silver fork",a fuzzy train,"31,66,417,170",a silver fork,"178,186,329,487",,,,
2971,complex_composition,A green rose appeared suddenly beneath a red boy by the road,a green rose,"43,8,357,495",a red boy,"183,2,397,466",,,,
2972,complex_composition,A breeze passed as a short pizza lay attached to a happy refrigerator,a short pizza,"98,8,397,499",a happy refrigerator,"213,184,306,430",,,,
2973,complex_composition,A yellow bus stood above a rough crocodile in the quiet morning,a yellow bus,"111,81,239,353",a rough crocodile,"120,361,437,482",,,,
2974,complex_composition,A white car stood leaning on a smooth hair drier in the quiet morning,a white car,"159,217,304,357",a smooth hair drier,"117,47,471,422",,,,
2975,complex_composition,A red monitor appeared suddenly beside a short scarf by the road,a red monitor,"17,188,302,466",a short scarf,"314,29,400,510",,,,
2976,complex_composition,"In the corner, a happy sink was carefully next to a smooth bucket",a happy sink,"86,34,398,500",a smooth bucket,"108,27,238,505",,,,
2977,complex_composition,A breeze passed as a fuzzy person lay inside a shiny boy,a fuzzy person,"69,329,506,457",a shiny boy,"133,117,242,353",,,,
2978,complex_composition,A large bird appeared suddenly surrounded by a white bench by the road,a large bird,"87,13,412,388",a white bench,"269,67,362,501",,,,
2979,complex_composition,A aggressive charger stood above a fuzzy printer in the quiet morning,a aggressive charger,"85,187,396,283",a fuzzy printer,"256,323,465,491",,,,
2980,complex_composition,"In the corner, a warm toilet was carefully attached to a fast sink",a warm toilet,"12,248,379,444",a fast sink,"246,36,509,384",,,,
2981,complex_composition,"The scene was still, with a smooth crocodile gently beside an short elephant",a smooth crocodile,"41,383,228,492",an short elephant,"55,120,485,422",,,,
2982,complex_composition,A breeze passed as a yellow surfboard lay on top of a green pizza,a yellow surfboard,"11,38,269,470",a green pizza,"5,159,383,510",,,,
2983,complex_composition,A rough dog stood on top of a crowded cake in the quiet morning,a rough dog,"59,93,267,486",a crowded cake,"87,2,481,442",,,,
2984,complex_composition,A breeze passed as a small bed lay above a rough laptop,a small bed,"194,91,309,277",a rough laptop,"181,165,278,387",,,,
2985,complex_composition,A breeze passed as a fuzzy chair lay beside a rough traffic light,a fuzzy chair,"115,178,423,446",a rough traffic light,"26,26,498,508",,,,
2986,complex_composition,A rotten toothbrush appeared suddenly surrounded by a short pan by the road,a rotten toothbrush,"47,53,483,441",a short pan,"115,289,311,498",,,,
2987,complex_composition,A breeze passed as a soft shower lay under a rotten fork,a soft shower,"24,142,391,503",a rotten fork,"129,65,334,359",,,,
2988,complex_composition,An crowded oak stood leaning on a fast bottle in the quiet morning,an crowded oak,"219,169,367,401",a fast bottle,"19,43,394,436",,,,
2989,complex_composition,A pink curtain stood behind a bright notebook in the quiet morning,a pink curtain,"125,30,403,334",a bright notebook,"129,30,478,375",,,,
2990,complex_composition,A breeze passed as a small shower lay beside a blue screwdriver,a small shower,"79,2,398,350",a blue screwdriver,"3,260,508,392",,,,
2991,complex_composition,"In the corner, a aggressive flower was carefully leaning on a small notebook",a aggressive flower,"136,3,258,334",a small notebook,"25,353,270,483",,,,
2992,complex_composition,A black skyscraper stood surrounded by a green shirt in the quiet morning,a black skyscraper,"47,198,459,315",a green shirt,"10,44,425,297",,,,
2993,complex_composition,"The scene was still, with a crowded shampoo gently between a tall printer",a crowded shampoo,"5,274,174,477",a tall printer,"295,70,389,480",,,,
2994,complex_composition,"The scene was still, with a rotten hair drier gently between an pink elephant",a rotten hair drier,"78,67,508,452",an pink elephant,"46,22,476,439",,,,
2995,complex_composition,A rotten traffic light appeared suddenly beside a short mouse by the road,a rotten traffic light,"270,2,379,435",a short mouse,"406,182,490,486",,,,
2996,complex_composition,A black bicycle stood in front of a rough sock in the quiet morning,a black bicycle,"59,213,503,451",a rough sock,"63,68,334,466",,,,
2997,complex_composition,"The scene was still, with a shiny teddy bear gently surrounded by a pink blender",a shiny teddy bear,"20,89,503,302",a pink blender,"327,103,420,488",,,,
2998,complex_composition,"The scene was still, with a fast microwave gently behind a crowded drill",a fast microwave,"17,386,483,474",a crowded drill,"74,123,395,235",,,,
2999,complex_composition,"The scene was still, with a aggressive car gently above a large train",a aggressive car,"103,17,431,393",a large train,"53,339,357,488",,,,
3000,complex_composition,A breeze passed as a clean bed lay resting on a bright bench,a clean bed,"85,78,346,243",a bright bench,"45,165,441,256",,,,
3001,complex_composition,"In the corner, a fuzzy carrot was carefully behind a short handbag",a fuzzy carrot,"238,49,413,321",a short handbag,"180,62,356,498",,,,
3002,complex_composition,A breeze passed as a rough monitor lay in front of a bright remote,a rough monitor,"3,62,344,322",a bright remote,"204,125,351,426",,,,
3003,complex_composition,A breeze passed as a wooden pan lay between a short door,a wooden pan,"31,42,508,348",a short door,"127,61,494,468",,,,
3004,complex_composition,A breeze passed as a green dog lay on top of a short parking meter,a green dog,"114,71,421,485",a short parking meter,"161,273,504,466",,,,
3005,complex_composition,"In the corner, a white sheep was carefully beside a warm charger",a white sheep,"103,5,408,285",a warm charger,"4,210,84,509",,,,
3006,complex_composition,A silver dog stood above a small microwave in the quiet morning,a silver dog,"72,114,460,402",a small microwave,"17,419,505,506",,,,
3007,complex_composition,"In the corner, a fast baseball bat was carefully inside a blue snowboard",a fast baseball bat,"106,9,505,503",a blue snowboard,"267,316,431,415",,,,
3008,complex_composition,A green tree stood behind a wooden leaf in the quiet morning,a green tree,"156,356,354,449",a wooden leaf,"321,80,453,484",,,,
3009,complex_composition,"The scene was still, with a fast turtle gently surrounded by a shiny truck",a fast turtle,"182,9,442,334",a shiny truck,"264,58,382,262",,,,
3010,complex_composition,"In the corner, a pink bus was carefully attached to a rough monitor",a pink bus,"64,123,450,495",a rough monitor,"14,210,224,361",,,,
3011,complex_composition,"In the corner, an fast umbrella was carefully beside a dark traffic light",an fast umbrella,"81,6,268,475",a dark traffic light,"295,137,452,434",,,,
3012,complex_composition,A bright person appeared suddenly beneath a crowded bird by the road,a bright person,"379,120,476,466",a crowded bird,"42,186,202,417",,,,
3013,complex_composition,"In the corner, a happy hair drier was carefully beneath a bright ring",a happy hair drier,"147,125,437,372",a bright ring,"226,333,348,455",,,,
3014,complex_composition,"In the corner, a green parking meter was carefully in front of a white door",a green parking meter,"11,2,404,506",a white door,"21,191,412,412",,,,
3015,complex_composition,"In the corner, a aggressive beetle was carefully under a white basket",a aggressive beetle,"42,98,494,480",a white basket,"14,4,243,97",,,,
3016,complex_composition,A soft plant appeared suddenly inside a tall baseball bat by the road,a soft plant,"216,255,500,350",a tall baseball bat,"149,159,441,440",,,,
3017,complex_composition,"The scene was still, with a blue ladder gently leaning on a blue toolbox",a blue ladder,"195,23,318,341",a blue toolbox,"4,347,510,472",,,,
3018,complex_composition,"The scene was still, with a green couch gently on top of a crowded notebook",a green couch,"107,32,304,316",a crowded notebook,"57,200,364,455",,,,
3019,complex_composition,A wooden toilet stood beside a dark wallet in the quiet morning,a wooden toilet,"134,51,466,476",a dark wallet,"39,208,129,451",,,,
3020,complex_composition,"The scene was still, with a small tree gently beside a happy person",a small tree,"19,152,287,481",a happy person,"72,118,417,290",,,,
3021,complex_composition,A blue blender appeared suddenly placed near a wooden refrigerator by the road,a blue blender,"4,68,466,195",a wooden refrigerator,"158,30,315,160",,,,
3022,complex_composition,"The scene was still, with a short bin gently above a silver printer",a short bin,"197,15,493,508",a silver printer,"79,13,342,339",,,,
3023,complex_composition,"The scene was still, with a yellow keyboard gently in front of a fast ladder",a yellow keyboard,"145,169,469,336",a fast ladder,"154,336,356,500",,,,
3024,complex_composition,A shiny mouse stood beside a soft charger in the quiet morning,a shiny mouse,"120,111,443,423",a soft charger,"11,30,101,317",,,,
3025,complex_composition,A short giraffe stood inside a snowy hammer in the quiet morning,a short giraffe,"4,119,449,441",a snowy hammer,"88,8,500,336",,,,
3026,complex_composition,"The scene was still, with a fluffy broom gently on top of an soft elephant",a fluffy broom,"1,131,506,382",an soft elephant,"237,13,447,362",,,,
3027,complex_composition,A fast car stood surrounded by a bright zebra in the quiet morning,a fast car,"45,261,505,438",a bright zebra,"16,106,228,372",,,,
3028,complex_composition,A bright keyboard stood placed near a aggressive glass in the quiet morning,a bright keyboard,"60,91,387,288",a aggressive glass,"174,8,503,241",,,,
3029,complex_composition,A crowded skyscraper appeared suddenly beside a rotten bird by the road,a crowded skyscraper,"110,236,493,342",a rotten bird,"1,53,83,270",,,,
3030,complex_composition,A clean truck stood leaning on a small toolbox in the quiet morning,a clean truck,"55,40,425,201",a small toolbox,"92,51,378,348",,,,
3031,complex_composition,A large beetle appeared suddenly resting on a aggressive book by the road,a large beetle,"61,145,463,357",a aggressive book,"97,293,497,504",,,,
3032,complex_composition,A breeze passed as a crowded backpack lay behind a clean toolbox,a crowded backpack,"90,70,502,506",a clean toolbox,"26,220,441,370",,,,
3033,complex_composition,A clean microwave appeared suddenly beneath a small desk by the road,a clean microwave,"131,6,297,504",a small desk,"6,9,394,511",,,,
3034,complex_composition,An short apple appeared suddenly resting on a white snowboard by the road,an short apple,"187,142,441,451",a white snowboard,"10,198,353,466",,,,
3035,complex_composition,A blue guitar appeared suddenly on top of a bright parking meter by the road,a blue guitar,"197,37,347,349",a bright parking meter,"372,133,460,335",,,,
3036,complex_composition,"In the corner, a wooden mushroom was carefully beneath a red desk",a wooden mushroom,"311,83,448,416",a red desk,"200,46,315,463",,,,
3037,complex_composition,A fast truck appeared suddenly on top of a happy refrigerator by the road,a fast truck,"226,134,371,358",a happy refrigerator,"73,6,260,276",,,,
3038,complex_composition,"The scene was still, with a short clock gently beneath a white train",a short clock,"30,82,468,286",a white train,"209,332,415,435",,,,
3039,complex_composition,A blue couch stood under a yellow mug in the quiet morning,a blue couch,"53,189,326,366",a yellow mug,"14,1,243,181",,,,
3040,complex_composition,A breeze passed as a rough boy lay in front of a tall giraffe,a rough boy,"69,8,150,419",a tall giraffe,"369,1,478,492",,,,
3041,complex_composition,"The scene was still, with a green bird gently placed near a snowy ball",a green bird,"55,88,457,485",a snowy ball,"346,341,442,450",,,,
3042,complex_composition,"In the corner, a dark dog was carefully behind a snowy boat",a dark dog,"79,109,177,506",a snowy boat,"218,126,305,432",,,,
3043,complex_composition,A shiny baseball bat appeared suddenly between a snowy bowl by the road,a shiny baseball bat,"9,118,470,485",a snowy bowl,"113,250,451,478",,,,
3044,complex_composition,"In the corner, a wooden bus was carefully next to a yellow speaker",a wooden bus,"40,6,458,477",a yellow speaker,"122,51,205,493",,,,
3045,complex_composition,"In the corner, a bright cat was carefully between a clean printer",a bright cat,"167,114,498,252",a clean printer,"116,242,312,427",,,,
3046,complex_composition,"In the corner, a tall cow was carefully leaning on a shiny tape",a tall cow,"12,246,479,337",a shiny tape,"207,355,442,501",,,,
3047,complex_composition,A breeze passed as a red skyscraper lay placed near a small bear,a red skyscraper,"111,155,437,416",a small bear,"49,12,229,373",,,,
3048,complex_composition,"In the corner, a aggressive person was carefully behind a blue plant",a aggressive person,"200,186,307,421",a blue plant,"277,289,483,426",,,,
3049,complex_composition,A breeze passed as a shiny mouse lay between a blue watch,a shiny mouse,"230,47,367,268",a blue watch,"9,195,367,330",,,,
3050,complex_composition,A happy surfboard stood between a snowy snowboard in the quiet morning,a happy surfboard,"139,120,324,380",a snowy snowboard,"33,155,448,510",,,,
3051,complex_composition,An dark elephant stood in front of a bright television in the quiet morning,an dark elephant,"41,40,489,451",a bright television,"32,182,349,379",,,,
3052,complex_composition,A breeze passed as a aggressive bowl lay surrounded by a snowy glass,a aggressive bowl,"159,128,377,370",a snowy glass,"301,40,428,158",,,,
3053,complex_composition,A bright train appeared suddenly between a shiny ruler by the road,a bright train,"27,1,404,485",a shiny ruler,"81,34,362,419",,,,
3054,complex_composition,A breeze passed as a warm tiger lay leaning on a snowy hammer,a warm tiger,"152,90,288,261",a snowy hammer,"80,18,457,234",,,,
3055,complex_composition,A breeze passed as a dark stop sign lay beneath a black traffic light,a dark stop sign,"101,171,256,475",a black traffic light,"54,284,289,461",,,,
3056,complex_composition,A smooth snowboard stood under a warm notebook in the quiet morning,a smooth snowboard,"33,222,466,498",a warm notebook,"27,57,448,217",,,,
3057,complex_composition,A breeze passed as a tall tennis racket lay inside a rotten sock,a tall tennis racket,"201,268,421,472",a rotten sock,"33,68,493,184",,,,
3058,complex_composition,A breeze passed as a rotten ruler lay in front of a warm desk,a rotten ruler,"64,199,441,431",a warm desk,"120,68,340,502",,,,
3059,complex_composition,A clean motorcycle stood placed near a smooth plate in the quiet morning,a clean motorcycle,"144,195,381,480",a smooth plate,"195,42,500,443",,,,
3060,complex_composition,"The scene was still, with a short chair gently leaning on a pink tiger",a short chair,"145,2,472,229",a pink tiger,"105,248,417,341",,,,
3061,complex_composition,A breeze passed as a dark bird lay on top of a aggressive basket,a dark bird,"32,29,284,510",a aggressive basket,"124,155,219,506",,,,
3062,complex_composition,A breeze passed as a short rose lay resting on a rotten watch,a short rose,"162,166,289,405",a rotten watch,"59,45,490,360",,,,
3063,complex_composition,"The scene was still, with a fuzzy cellphone gently attached to a aggressive vase",a fuzzy cellphone,"36,49,435,275",a aggressive vase,"79,313,495,468",,,,
3064,complex_composition,A bright motorcycle stood beside a wooden shampoo in the quiet morning,a bright motorcycle,"81,16,337,378",a wooden shampoo,"362,27,459,431",,,,
3065,complex_composition,A fuzzy parking meter stood surrounded by a white backpack in the quiet morning,a fuzzy parking meter,"43,69,483,459",a white backpack,"33,1,356,488",,,,
3066,complex_composition,"In the corner, a silver knife was carefully resting on a small truck",a silver knife,"7,101,489,307",a small truck,"137,334,277,441",,,,
3067,complex_composition,A warm handbag stood beside a pink desk in the quiet morning,a warm handbag,"176,2,329,315",a pink desk,"80,43,167,480",,,,
3068,complex_composition,"The scene was still, with a soft boat gently between a soft backpack",a soft boat,"52,60,378,264",a soft backpack,"90,149,197,444",,,,
3069,complex_composition,A soft cup stood surrounded by a aggressive sock in the quiet morning,a soft cup,"71,0,411,510",a aggressive sock,"5,199,492,335",,,,
3070,complex_composition,"The scene was still, with a yellow surfboard gently attached to a aggressive shirt",a yellow surfboard,"152,188,448,361",a aggressive shirt,"127,42,222,499",,,,
3071,complex_composition,A soft bed appeared suddenly between a fast boat by the road,a soft bed,"26,42,499,123",a fast boat,"90,50,384,187",,,,
3072,complex_composition,"Just placed near a yellow monitor, a fluffy fire hydrant lay still as an smooth umbrella passed by",a fluffy fire hydrant,"41,139,216,274",a yellow monitor,"140,112,351,430",an smooth umbrella,"12,228,485,501",,
3073,complex_composition,"Just behind a fast notebook, a happy hat lay still as a pink train passed by",a happy hat,"157,13,478,493",a fast notebook,"332,0,498,479",a pink train,"202,78,474,502",,
3074,complex_composition,"a rotten cellphone sat behind a red screwdriver, and a happy zebra gleamed in the sun",a rotten cellphone,"3,3,501,466",a red screwdriver,"245,36,493,254",a happy zebra,"112,292,508,418",,
3075,complex_composition,"a rough ball sat behind a soft suitcase, and an blue oven gleamed in the sun",a rough ball,"125,16,442,390",a soft suitcase,"331,280,492,386",an blue oven,"172,13,475,344",,
3076,complex_composition,"a blue bowl was quietly placed on top of a yellow carrot, and a shiny cat hummed gently",a blue bowl,"67,12,489,275",a yellow carrot,"32,28,350,512",a shiny cat,"232,115,328,327",,
3077,complex_composition,"a aggressive baseball bat stood quietly leaning on a happy bicycle, while an large apple watched from afar",a aggressive baseball bat,"7,198,470,287",a happy bicycle,"263,114,473,208",an large apple,"124,70,491,208",,
3078,complex_composition,"a fast drill stood quietly placed near a aggressive remote, while a rotten spoon watched from afar",a fast drill,"107,28,331,506",a aggressive remote,"238,235,452,475",a rotten spoon,"254,12,475,481",,
3079,complex_composition,"Just between a dark hammer, a crowded baby lay still as a black ladder passed by",a crowded baby,"17,93,505,505",a dark hammer,"117,18,436,380",a black ladder,"291,192,400,390",,
3080,complex_composition,"a clean backpack was quietly placed leaning on a aggressive curtain, and a fast plant hummed gently",a clean backpack,"12,74,497,309",a aggressive curtain,"114,75,439,359",a fast plant,"7,8,446,509",,
3081,complex_composition,"a happy curtain shimmered under a shiny pizza, and a blue sink stood untouched",a happy curtain,"4,240,501,499",a shiny pizza,"29,2,473,143",a blue sink,"2,37,510,293",,
3082,complex_composition,"a large ruler stood quietly beneath a small sandwich, while a white soap watched from afar",a large ruler,"38,155,487,455",a small sandwich,"44,9,405,303",a white soap,"196,36,292,126",,
3083,complex_composition,a wooden boy leaned slightly under a wooden bus as a white vase rolled by,a wooden boy,"172,87,477,512",a wooden bus,"52,1,437,83",a white vase,"1,77,509,392",,
3084,complex_composition,"Just under a green toothbrush, a red fire hydrant lay still as a large truck passed by",a red fire hydrant,"52,303,475,500",a green toothbrush,"76,133,384,239",a large truck,"110,146,459,282",,
3085,complex_composition,"a bright cat was quietly placed resting on a rough guitar, and a yellow tape hummed gently",a bright cat,"24,105,203,315",a rough guitar,"214,281,296,466",a yellow tape,"58,288,397,490",,
3086,complex_composition,"a rotten banana sat beside a small hammer, and a small platypus gleamed in the sun",a rotten banana,"259,271,344,369",a small hammer,"368,346,497,450",a small platypus,"39,191,481,493",,
3087,complex_composition,"Just placed near a happy tennis racket, a black notebook lay still as a bright traffic light passed by",a black notebook,"65,153,509,267",a happy tennis racket,"27,206,512,393",a bright traffic light,"7,244,107,385",,
3088,complex_composition,"a aggressive banana was quietly placed next to a happy cup, and a silver speaker hummed gently",a aggressive banana,"9,137,447,505",a happy cup,"218,42,384,338",a silver speaker,"69,133,324,432",,
3089,complex_composition,"Just surrounded by a red horse, a wooden chair lay still as a clean turtle passed by",a wooden chair,"34,15,501,383",a red horse,"23,36,482,261",a clean turtle,"226,364,480,502",,
3090,complex_composition,"a green flashlight sat between a smooth hat, and a small parking meter gleamed in the sun",a green flashlight,"196,37,306,468",a smooth hat,"71,14,495,494",a small parking meter,"25,118,506,295",,
3091,complex_composition,"a shiny bowl shimmered next to a yellow cup, and a fuzzy sock stood untouched",a shiny bowl,"15,165,502,360",a yellow cup,"245,361,480,441",a fuzzy sock,"153,145,509,512",,
3092,complex_composition,a clean cow leaned slightly between a blue pan as a shiny toothbrush rolled by,a clean cow,"48,171,414,506",a blue pan,"99,193,326,371",a shiny toothbrush,"213,9,295,197",,
3093,complex_composition,a crowded shirt leaned slightly next to a black table as a dark toothbrush rolled by,a crowded shirt,"170,23,481,433",a black table,"240,6,361,106",a dark toothbrush,"213,34,416,472",,
3094,complex_composition,"a fast ball was quietly placed attached to a blue candle, and a aggressive skateboard hummed gently",a fast ball,"40,42,174,422",a blue candle,"149,188,270,423",a aggressive skateboard,"334,58,491,488",,
3095,complex_composition,"a wooden bear shimmered beneath a blue cow, and a red pan stood untouched",a wooden bear,"140,7,408,508",a blue cow,"27,40,478,293",a red pan,"135,84,327,512",,
3096,complex_composition,"a soft platypus stood quietly above a yellow tape, while a smooth vase watched from afar",a soft platypus,"73,201,455,391",a yellow tape,"48,421,338,506",a smooth vase,"74,8,508,497",,
3097,complex_composition,"a rough dog stood quietly under a smooth person, while a happy shampoo watched from afar",a rough dog,"88,96,325,510",a smooth person,"27,0,510,88",a happy shampoo,"126,113,255,507",,
3098,complex_composition,"a silver bear sat leaning on a aggressive couch, and an white apple gleamed in the sun",a silver bear,"38,3,402,379",a aggressive couch,"17,332,436,447",an white apple,"35,97,452,452",,
3099,complex_composition,"a warm curtain appeared above a happy hair drier, and a silver pizza balanced delicately",a warm curtain,"22,18,485,429",a happy hair drier,"90,431,437,511",a silver pizza,"19,183,510,327",,
3100,complex_composition,"a crowded keyboard shimmered between a white plate, and a red stop sign stood untouched",a crowded keyboard,"0,39,480,506",a white plate,"245,41,381,131",a red stop sign,"13,152,128,414",,
3101,complex_composition,a red bear leaned slightly in front of a crowded mouse as a fast ruler rolled by,a red bear,"12,112,476,239",a crowded mouse,"265,66,365,425",a fast ruler,"14,114,115,494",,
3102,complex_composition,"a short cup shimmered surrounded by a fuzzy giraffe, and a blue speaker stood untouched",a short cup,"5,218,181,315",a fuzzy giraffe,"196,92,503,413",a blue speaker,"145,232,332,408",,
3103,complex_composition,a soft microwave leaned slightly under a pink remote as a fast skyscraper rolled by,a soft microwave,"18,81,495,512",a pink remote,"94,0,430,80",a fast skyscraper,"192,165,347,458",,
3104,complex_composition,"a fuzzy book was quietly placed leaning on a pink bowl, and a blue bus hummed gently",a fuzzy book,"82,16,502,486",a pink bowl,"203,11,322,308",a blue bus,"52,333,509,453",,
3105,complex_composition,"a white fork shimmered attached to a fast laptop, and a fast soap stood untouched",a white fork,"34,120,491,362",a fast laptop,"15,115,403,345",a fast soap,"46,172,210,496",,
3106,complex_composition,a short sheep leaned slightly attached to a happy soap as a snowy watch rolled by,a short sheep,"19,266,491,428",a happy soap,"23,16,510,505",a snowy watch,"283,7,493,371",,
3107,complex_composition,"Just above a dark dog, a shiny baseball glove lay still as a crowded toolbox passed by",a shiny baseball glove,"39,14,207,406",a dark dog,"88,423,262,510",a crowded toolbox,"38,61,296,500",,
3108,complex_composition,"a large kite stood quietly beneath a smooth microwave, while an bright umbrella watched from afar",a large kite,"7,4,396,506",a smooth microwave,"31,10,146,511",an bright umbrella,"18,74,453,269",,
3109,complex_composition,"a silver bear sat leaning on a smooth bed, and a green traffic light gleamed in the sun",a silver bear,"87,1,235,237",a smooth bed,"1,13,510,512",a green traffic light,"223,198,361,500",,
3110,complex_composition,"a blue dog sat surrounded by a smooth mushroom, and a dark pan gleamed in the sun",a blue dog,"275,119,499,487",a smooth mushroom,"122,40,483,247",a dark pan,"350,20,512,427",,
3111,complex_composition,"A breeze rustled a rough blender resting on a bright cow, with a tall fork nearby",a rough blender,"233,29,349,426",a bright cow,"27,185,398,289",a tall fork,"99,34,483,150",,
3112,complex_composition,a short bench leaned slightly behind a black giraffe as a happy pan rolled by,a short bench,"33,106,415,406",a black giraffe,"69,24,486,483",a happy pan,"138,34,481,498",,
3113,complex_composition,"a clean bear appeared behind a soft boy, and a pink curtain balanced delicately",a clean bear,"0,204,503,401",a soft boy,"51,28,342,493",a pink curtain,"190,39,355,449",,
3114,complex_composition,"Just in front of a warm bowl, a small baseball bat lay still as a shiny sandwich passed by",a small baseball bat,"383,100,499,484",a warm bowl,"57,65,496,483",a shiny sandwich,"7,99,145,202",,
3115,complex_composition,"A breeze rustled a short cow surrounded by a pink guitar, with an silver elephant nearby",a short cow,"156,119,458,278",a pink guitar,"5,137,497,461",an silver elephant,"297,178,389,502",,
3116,complex_composition,"a snowy frisbee stood quietly under a rough plate, while a rotten toilet watched from afar",a snowy frisbee,"45,85,487,477",a rough plate,"219,0,440,83",a rotten toilet,"6,123,273,462",,
3117,complex_composition,"a large cow stood quietly under a silver refrigerator, while a tall wallet watched from afar",a large cow,"41,100,444,309",a silver refrigerator,"62,3,493,99",a tall wallet,"149,158,345,318",,
3118,complex_composition,"a soft backpack appeared inside a short skateboard, and a yellow vase balanced delicately",a soft backpack,"153,97,485,471",a short skateboard,"150,183,494,512",a yellow vase,"28,21,434,465",,
3119,complex_composition,"A breeze rustled a happy crocodile beside a clean shampoo, with a dark teddy bear nearby",a happy crocodile,"8,89,186,383",a clean shampoo,"3,118,448,206",a dark teddy bear,"29,4,397,435",,
3120,complex_composition,a shiny boy leaned slightly behind a bright car as a pink leaf rolled by,a shiny boy,"5,21,358,471",a bright car,"191,68,492,212",a pink leaf,"170,90,272,257",,
3121,complex_composition,"a blue beetle was quietly placed inside a aggressive toilet, and an pink apple hummed gently",a blue beetle,"39,224,203,511",a aggressive toilet,"286,343,489,506",an pink apple,"120,119,410,465",,
3122,complex_composition,"Just beneath a warm hair drier, a snowy bird lay still as a fast microwave passed by",a snowy bird,"3,91,182,220",a warm hair drier,"188,90,447,277",a fast microwave,"381,4,495,388",,
3123,complex_composition,"Just behind a small teddy bear, a aggressive person lay still as a yellow toaster passed by",a aggressive person,"30,3,374,506",a small teddy bear,"86,180,475,395",a yellow toaster,"241,230,345,361",,
3124,complex_composition,"a rotten monitor shimmered resting on a blue toaster, and a fuzzy train stood untouched",a rotten monitor,"244,88,354,462",a blue toaster,"18,162,423,459",a fuzzy train,"214,68,393,500",,
3125,complex_composition,"a crowded book shimmered behind a tall crocodile, and a blue keyboard stood untouched",a crowded book,"84,25,370,120",a tall crocodile,"18,23,494,473",a blue keyboard,"321,124,462,505",,
3126,complex_composition,"A breeze rustled a green bin above a fluffy broom, with a fast cow nearby",a green bin,"173,155,285,439",a fluffy broom,"28,4,181,407",a fast cow,"145,216,382,469",,
3127,complex_composition,"a rotten cup shimmered next to a short curtain, and a snowy speaker stood untouched",a rotten cup,"109,132,450,503",a short curtain,"56,57,332,358",a snowy speaker,"356,59,486,484",,
3128,complex_composition,"a silver blender was quietly placed on top of a silver carrot, and a crowded clock hummed gently",a silver blender,"55,46,455,471",a silver carrot,"13,42,371,373",a crowded clock,"179,211,452,416",,
3129,complex_composition,"a green ball shimmered under a red cow, and a happy parking meter stood untouched",a green ball,"87,274,252,411",a red cow,"174,54,264,161",a happy parking meter,"21,137,504,493",,
3130,complex_composition,"a crowded hair drier appeared between a fuzzy shirt, and an fuzzy hot-dog balanced delicately",a crowded hair drier,"150,71,383,184",a fuzzy shirt,"117,39,370,191",an fuzzy hot-dog,"215,14,437,307",,
3131,complex_composition,"A breeze rustled a red fire hydrant between a small hair drier, with a aggressive laptop nearby",a red fire hydrant,"3,278,510,403",a small hair drier,"134,45,500,504",a aggressive laptop,"133,30,473,388",,
3132,complex_composition,"a small ball stood quietly inside a aggressive ladder, while a fuzzy monitor watched from afar",a small ball,"113,25,390,186",a aggressive ladder,"62,106,500,447",a fuzzy monitor,"231,83,443,338",,
3133,complex_composition,"a crowded ball shimmered surrounded by a rough dog, and a snowy toolbox stood untouched",a crowded ball,"172,385,403,473",a rough dog,"0,43,481,475",a snowy toolbox,"17,90,505,321",,
3134,complex_composition,a silver stop sign leaned slightly behind a snowy teddy bear as a green television rolled by,a silver stop sign,"335,28,488,283",a snowy teddy bear,"69,82,255,407",a green television,"44,62,369,379",,
3135,complex_composition,"a warm bicycle shimmered between a rotten cellphone, and a yellow parking meter stood untouched",a warm bicycle,"86,141,486,303",a rotten cellphone,"83,316,472,453",a yellow parking meter,"199,71,336,501",,
3136,complex_composition,"a large backpack sat beneath a large sandwich, and a small sock gleamed in the sun",a large backpack,"47,148,496,452",a large sandwich,"51,210,337,400",a small sock,"152,9,428,510",,
3137,complex_composition,"A breeze rustled a warm snowboard leaning on a large turtle, with an shiny oven nearby",a warm snowboard,"211,71,449,227",a large turtle,"8,236,485,481",an shiny oven,"39,143,257,277",,
3138,complex_composition,"a shiny flower sat resting on a white hammer, and a small horse gleamed in the sun",a shiny flower,"87,43,496,474",a white hammer,"107,348,458,501",a small horse,"77,301,230,511",,
3139,complex_composition,"a snowy ball shimmered inside a short knife, and a shiny stop sign stood untouched",a snowy ball,"155,3,349,512",a short knife,"182,24,497,485",a shiny stop sign,"59,318,352,507",,
3140,complex_composition,"a black backpack stood quietly between a rotten clock, while an black hot-dog watched from afar",a black backpack,"28,98,110,297",a rotten clock,"45,270,422,407",an black hot-dog,"66,99,372,274",,
3141,complex_composition,"a warm bowl appeared attached to a snowy sandwich, and a crowded skyscraper balanced delicately",a warm bowl,"5,94,500,506",a snowy sandwich,"159,275,480,487",a crowded skyscraper,"195,114,402,453",,
3142,complex_composition,"a wooden shoe sat attached to a pink wallet, and an clean hot-dog gleamed in the sun",a wooden shoe,"6,1,348,508",a pink wallet,"1,3,439,467",an clean hot-dog,"223,127,511,412",,
3143,complex_composition,"a dark hair drier appeared leaning on a white plate, and a rough traffic light balanced delicately",a dark hair drier,"121,6,281,146",a white plate,"87,51,412,236",a rough traffic light,"7,341,399,473",,
3144,complex_composition,"a small baseball glove shimmered above a silver table, and a blue teddy bear stood untouched",a small baseball glove,"11,9,490,380",a silver table,"34,387,154,512",a blue teddy bear,"66,80,398,212",,
3145,complex_composition,"a smooth shower stood quietly next to a tall tennis racket, while a black toothbrush watched from afar",a smooth shower,"8,45,505,353",a tall tennis racket,"13,113,115,461",a black toothbrush,"12,222,479,400",,
3146,complex_composition,"a wooden ball stood quietly under a rough baseball bat, while a silver shower watched from afar",a wooden ball,"70,81,176,426",a rough baseball bat,"140,0,461,80",a silver shower,"216,252,440,456",,
3147,complex_composition,"a yellow boat appeared resting on a wooden tiger, and an green hot-dog balanced delicately",a yellow boat,"283,257,494,359",a wooden tiger,"45,108,502,483",an green hot-dog,"73,11,314,186",,
3148,complex_composition,"a soft cake stood quietly placed near a wooden desk, while an happy elephant watched from afar",a soft cake,"1,192,92,474",a wooden desk,"93,137,500,249",an happy elephant,"20,89,507,478",,
3149,complex_composition,"a rough television was quietly placed behind a silver tree, and a smooth wallet hummed gently",a rough television,"46,160,252,477",a silver tree,"148,42,401,504",a smooth wallet,"216,124,496,478",,
3150,complex_composition,"a green handbag stood quietly resting on a smooth train, while a snowy truck watched from afar",a green handbag,"16,90,448,234",a smooth train,"77,178,284,480",a snowy truck,"234,49,471,442",,
3151,complex_composition,a smooth shoe leaned slightly on top of a red tie as a black vase rolled by,a smooth shoe,"26,39,312,512",a red tie,"131,4,472,480",a black vase,"44,91,500,485",,
3152,complex_composition,"a warm boat sat leaning on a bright keyboard, and a smooth shampoo gleamed in the sun",a warm boat,"5,288,492,503",a bright keyboard,"152,19,361,480",a smooth shampoo,"17,38,465,501",,
3153,complex_composition,"A breeze rustled a happy candle in front of a crowded cup, with a crowded shoe nearby",a happy candle,"8,250,504,501",a crowded cup,"12,43,476,219",a crowded shoe,"17,375,505,488",,
3154,complex_composition,"Just resting on a pink hair drier, a clean blender lay still as a large pan passed by",a clean blender,"223,83,334,362",a pink hair drier,"76,59,504,302",a large pan,"92,166,468,381",,
3155,complex_composition,"a bright parking meter sat surrounded by a small toilet, and a small train gleamed in the sun",a bright parking meter,"2,110,152,475",a small toilet,"12,198,175,466",a small train,"167,162,359,434",,
3156,complex_composition,"a happy bottle was quietly placed attached to a clean tree, and an aggressive oak hummed gently",a happy bottle,"107,15,269,389",a clean tree,"28,96,441,449",an aggressive oak,"135,107,301,475",,
3157,complex_composition,"a happy bottle shimmered next to a small cup, and an happy umbrella stood untouched",a happy bottle,"4,6,213,486",a small cup,"12,5,380,492",an happy umbrella,"111,36,329,404",,
3158,complex_composition,"a snowy glass appeared beside a pink hair drier, and a rotten keyboard balanced delicately",a snowy glass,"181,233,389,457",a pink hair drier,"408,55,501,512",a rotten keyboard,"158,86,456,408",,
3159,complex_composition,a silver basket leaned slightly resting on a red bucket as a fuzzy mouse rolled by,a silver basket,"91,25,275,440",a red bucket,"255,20,337,166",a fuzzy mouse,"50,122,359,497",,
3160,complex_composition,"a happy lamp was quietly placed leaning on a white parking meter, and a dark sink hummed gently",a happy lamp,"5,20,496,504",a white parking meter,"60,222,410,367",a dark sink,"46,17,501,392",,
3161,complex_composition,"a rough bottle was quietly placed inside a blue door, and a fuzzy handbag hummed gently",a rough bottle,"2,335,483,443",a blue door,"304,29,439,509",a fuzzy handbag,"79,278,499,394",,
3162,complex_composition,"Just next to a small bed, a silver ball lay still as a happy printer passed by",a silver ball,"116,46,505,494",a small bed,"167,206,358,354",a happy printer,"274,149,507,311",,
3163,complex_composition,"A breeze rustled a fuzzy hat behind a clean pizza, with a black speaker nearby",a fuzzy hat,"402,69,497,487",a clean pizza,"214,1,325,185",a black speaker,"161,392,480,487",,
3164,complex_composition,a smooth blender leaned slightly surrounded by a dark snowboard as an silver hot-dog rolled by,a smooth blender,"11,11,506,469",a dark snowboard,"1,117,378,335",an silver hot-dog,"8,13,266,431",,
3165,complex_composition,"a dark bin appeared attached to a clean notebook, and an pink oven balanced delicately",a dark bin,"9,138,466,467",a clean notebook,"121,40,476,180",an pink oven,"16,57,506,336",,
3166,complex_composition,a rough cake leaned slightly beneath a pink laptop as a clean toolbox rolled by,a rough cake,"30,27,423,335",a pink laptop,"136,111,409,390",a clean toolbox,"48,29,202,499",,
3167,complex_composition,"a short scarf sat beside a pink spoon, and a rotten toolbox gleamed in the sun",a short scarf,"142,42,389,369",a pink spoon,"413,67,511,442",a rotten toolbox,"160,19,489,144",,
3168,complex_composition,a wooden beetle leaned slightly on top of a dark shampoo as an dark umbrella rolled by,a wooden beetle,"375,260,480,504",a dark shampoo,"7,187,512,409",an dark umbrella,"45,2,485,401",,
3169,complex_composition,a yellow guitar leaned slightly next to a yellow sandwich as an aggressive hot-dog rolled by,a yellow guitar,"229,7,486,121",a yellow sandwich,"19,8,225,501",an aggressive hot-dog,"81,4,240,268",,
3170,complex_composition,"Just next to a fluffy desk, a soft charger lay still as a fast microwave passed by",a soft charger,"179,350,451,481",a fluffy desk,"320,203,402,427",a fast microwave,"332,277,435,462",,
3171,complex_composition,"a clean hat stood quietly leaning on a fuzzy plant, while a black ruler watched from afar",a clean hat,"8,68,346,438",a fuzzy plant,"92,55,373,335",a black ruler,"81,10,482,439",,
3172,complex_composition,"A breeze rustled a shiny curtain under a green drill, with a dark platypus nearby",a shiny curtain,"15,53,260,436",a green drill,"31,208,171,441",a dark platypus,"272,76,385,415",,
3173,complex_composition,"a fast bed stood quietly between a rotten fire hydrant, while a black tie watched from afar",a fast bed,"228,18,486,445",a rotten fire hydrant,"191,214,463,457",a black tie,"31,187,390,456",,
3174,complex_composition,"a short bicycle sat next to a aggressive hammer, and a yellow remote gleamed in the sun",a short bicycle,"50,31,493,327",a aggressive hammer,"65,5,488,504",a yellow remote,"23,23,185,466",,
3175,complex_composition,"a aggressive blender shimmered inside a blue donut, and a tall hammer stood untouched",a aggressive blender,"9,8,401,221",a blue donut,"241,213,500,463",a tall hammer,"47,153,355,477",,
3176,complex_composition,"a fuzzy bowl sat above a smooth flashlight, and a fluffy watch gleamed in the sun",a fuzzy bowl,"128,196,467,376",a smooth flashlight,"10,380,507,491",a fluffy watch,"85,99,470,510",,
3177,complex_composition,"Just surrounded by a tall screwdriver, a shiny bucket lay still as a short wallet passed by",a shiny bucket,"154,288,391,501",a tall screwdriver,"0,75,495,309",a short wallet,"23,23,511,122",,
3178,complex_composition,"A breeze rustled a warm glass under a happy stop sign, with a clean toothbrush nearby",a warm glass,"403,42,487,456",a happy stop sign,"311,22,495,489",a clean toothbrush,"79,125,506,329",,
3179,complex_composition,"a fuzzy backpack was quietly placed in front of a fuzzy bin, and a shiny sheep hummed gently",a fuzzy backpack,"96,1,491,491",a fuzzy bin,"230,174,352,432",a shiny sheep,"66,128,428,422",,
3180,complex_composition,"a small knife was quietly placed above a warm motorcycle, and an silver oak hummed gently",a small knife,"218,27,316,333",a warm motorcycle,"2,376,501,457",an silver oak,"43,245,191,340",,
3181,complex_composition,"a tall donut shimmered in front of a bright guitar, and a snowy turtle stood untouched",a tall donut,"1,39,508,370",a bright guitar,"22,276,224,478",a snowy turtle,"125,110,305,502",,
3182,complex_composition,"a silver bin sat placed near a aggressive curtain, and an fast apple gleamed in the sun",a silver bin,"6,99,480,289",a aggressive curtain,"74,63,418,499",an fast apple,"42,45,261,499",,
3183,complex_composition,"a soft basket appeared placed near a crowded book, and a blue soap balanced delicately",a soft basket,"65,301,246,436",a crowded book,"101,86,455,291",a blue soap,"46,4,144,251",,
3184,complex_composition,"A breeze rustled a yellow bin leaning on a smooth blender, with a green pan nearby",a yellow bin,"197,48,478,507",a smooth blender,"152,123,421,279",a green pan,"67,242,449,349",,
3185,complex_composition,a rotten backpack leaned slightly surrounded by a shiny cellphone as a bright traffic light rolled by,a rotten backpack,"185,189,410,288",a shiny cellphone,"60,398,213,481",a bright traffic light,"221,196,421,463",,
3186,complex_composition,"A breeze rustled a large fire hydrant next to a happy mushroom, with a snowy sink nearby",a large fire hydrant,"92,267,393,374",a happy mushroom,"319,105,459,338",a snowy sink,"34,76,418,506",,
3187,complex_composition,"a snowy basket sat behind a fluffy frisbee, and a aggressive sink gleamed in the sun",a snowy basket,"359,197,477,392",a fluffy frisbee,"98,16,203,501",a aggressive sink,"53,45,490,482",,
3188,complex_composition,"a large book sat leaning on a pink platypus, and a fast train gleamed in the sun",a large book,"22,22,254,502",a pink platypus,"298,30,408,425",a fast train,"13,164,386,439",,
3189,complex_composition,a clean door leaned slightly attached to a smooth suitcase as a green watch rolled by,a clean door,"211,287,364,451",a smooth suitcase,"3,104,448,447",a green watch,"31,45,430,467",,
3190,complex_composition,"a tall cake shimmered beside a fuzzy giraffe, and a silver screwdriver stood untouched",a tall cake,"133,140,496,388",a fuzzy giraffe,"160,270,457,419",a silver screwdriver,"100,198,509,379",,
3191,complex_composition,"a bright bicycle sat attached to a tall flashlight, and a rough screwdriver gleamed in the sun",a bright bicycle,"146,9,464,304",a tall flashlight,"388,206,506,290",a rough screwdriver,"64,41,492,188",,
3192,complex_composition,"a fast book was quietly placed beside a aggressive bucket, and an fast apple hummed gently",a fast book,"85,273,240,370",a aggressive bucket,"257,246,344,483",an fast apple,"27,282,265,367",,
3193,complex_composition,"A breeze rustled a aggressive hammer on top of a black mug, with an white umbrella nearby",a aggressive hammer,"19,324,403,428",a black mug,"140,130,460,298",an white umbrella,"4,157,483,325",,
3194,complex_composition,"Just leaning on a silver couch, a shiny bench lay still as a green hammer passed by",a shiny bench,"50,211,482,494",a silver couch,"5,66,512,293",a green hammer,"10,13,477,304",,
3195,complex_composition,"A breeze rustled a red baseball glove above a smooth beetle, with a blue wallet nearby",a red baseball glove,"37,72,444,467",a smooth beetle,"126,276,436,394",a blue wallet,"262,38,426,497",,
3196,complex_composition,"Just between a tall bird, a aggressive ball lay still as a pink guitar passed by",a aggressive ball,"129,110,503,455",a tall bird,"3,71,283,500",a pink guitar,"99,197,306,485",,
3197,complex_composition,"a large bucket stood quietly under a green person, while a shiny sandwich watched from afar",a large bucket,"269,91,383,470",a green person,"42,0,156,88",a shiny sandwich,"34,8,504,427",,
3198,complex_composition,"a wooden blender shimmered between a fast fork, and a warm keyboard stood untouched",a wooden blender,"15,193,492,467",a fast fork,"90,248,437,403",a warm keyboard,"73,22,476,281",,
3199,complex_composition,"a tall horse shimmered beneath a fuzzy sheep, and a black tiger stood untouched",a tall horse,"216,23,429,428",a fuzzy sheep,"188,226,427,354",a black tiger,"225,300,488,510",,
3200,complex_composition,"a red sink, beside a silver bed, shimmered as a white speaker wandered next to a red crocodile",a red sink,"161,97,430,497",a silver bed,"16,134,190,343",a white speaker,"105,0,324,494",a red crocodile,"48,84,455,184"
3201,complex_composition,"With a fuzzy scarf beside a large spoon, a bright bear hovered resting on a large table",a fuzzy scarf,"1,68,432,429",a large spoon,"249,80,478,183",a bright bear,"27,301,195,494",a large table,"44,101,373,279"
3202,complex_composition,"With a rotten bowl beside a small curtain, a short frisbee hovered inside a wooden oak",a rotten bowl,"197,303,347,418",a small curtain,"126,93,509,504",a short frisbee,"194,40,353,325",a wooden oak,"36,1,292,414"
3203,complex_composition,"a pink speaker, beneath a happy boy, shimmered as a wooden drill wandered in front of a happy sink",a pink speaker,"216,69,511,300",a happy boy,"45,27,318,366",a wooden drill,"42,33,356,419",a happy sink,"117,48,318,488"
3204,complex_composition,a soft pizza stood on top of a smooth leaf while a red surfboard lay behind a large bottle,a soft pizza,"0,26,476,496",a smooth leaf,"90,154,387,471",a red surfboard,"43,68,414,374",a large bottle,"126,157,508,509"
3205,complex_composition,a dark notebook stood placed near a crowded crocodile while a happy chair lay in front of a tall printer,a dark notebook,"87,137,431,444",a crowded crocodile,"288,42,454,377",a happy chair,"0,66,414,471",a tall printer,"68,18,419,387"
3206,complex_composition,a warm plate stood next to a red person while a crowded wallet lay beneath a red glass,a warm plate,"5,165,473,470",a red person,"146,251,453,417",a crowded wallet,"278,28,411,239",a red glass,"9,2,295,288"
3207,complex_composition,"With a small shampoo beside a black bowl, a fast horse hovered in front of a smooth hair drier",a small shampoo,"2,326,385,437",a black bowl,"48,35,410,451",a fast horse,"37,100,368,482",a smooth hair drier,"236,5,504,511"
3208,complex_composition,a rotten blender stood under a bright keyboard while a rough handbag lay resting on a white laptop,a rotten blender,"12,208,508,342",a bright keyboard,"132,102,506,193",a rough handbag,"247,18,469,104",a white laptop,"75,156,326,450"
3209,complex_composition,"a fluffy baby, in front of a small bear, shimmered as a red cow wandered leaning on a wooden microwave",a fluffy baby,"240,169,492,434",a small bear,"67,179,412,439",a red cow,"91,23,431,483",a wooden microwave,"35,111,416,383"
3210,complex_composition,"Near a wooden platypus, a short umbrella danced under the sun, with a rotten zebra beneath a pink carrot",a short umbrella,"0,56,471,408",a wooden platypus,"93,425,259,509",a rotten zebra,"128,75,445,489",a pink carrot,"83,62,489,368"
3211,complex_composition,"With a rough basket beside a fast traffic light, a bright zebra hovered on top of a blue tiger",a rough basket,"117,188,493,509",a fast traffic light,"142,63,274,502",a bright zebra,"167,102,465,497",a blue tiger,"50,35,443,204"
3212,complex_composition,"Near a happy train, a bright book danced under the sun, with a small microwave resting on a smooth horse",a bright book,"118,143,252,264",a happy train,"330,73,464,469",a small microwave,"62,14,202,300",a smooth horse,"76,326,447,423"
3213,complex_composition,"a smooth notebook, between a white car, shimmered as a warm book wandered beneath a blue lamp",a smooth notebook,"160,132,481,488",a white car,"115,8,483,500",a warm book,"71,280,407,402",a blue lamp,"21,97,386,459"
3214,complex_composition,"Near a clean candle, a fast flower danced under the sun, with a smooth baseball glove resting on a clean frisbee",a fast flower,"84,181,283,474",a clean candle,"88,314,431,412",a smooth baseball glove,"44,196,482,281",a clean frisbee,"79,303,469,501"
3215,complex_composition,"With a soft basket beside a shiny bear, a bright tie hovered inside a wooden backpack",a soft basket,"12,265,417,417",a shiny bear,"162,101,432,320",a bright tie,"196,53,394,142",a wooden backpack,"55,152,392,263"
3216,complex_composition,"a dark bus, attached to a soft rose, shimmered as an aggressive wallet wandered on top of a happy bottle",a dark bus,"9,24,485,501",a soft rose,"46,46,367,407",an aggressive wallet,"313,115,429,374",a happy bottle,"218,157,333,431"
3217,complex_composition,a small cat stood surrounded by a large clock while a warm sink lay inside a clean pizza,a small cat,"132,5,404,507",a large clock,"249,118,460,482",a warm sink,"44,292,493,466",a clean pizza,"86,12,437,509"
3218,complex_composition,a tall watch rested quietly on top of an aggressive door and a warm mug was nestled resting on a rough frisbee,a tall watch,"70,17,390,180",an aggressive door,"2,79,474,405",a warm mug,"212,69,485,232",a rough frisbee,"96,195,444,486"
3219,complex_composition,a tall kite stood inside a warm flashlight while a fast fire hydrant lay beside a blue toilet,a tall kite,"109,112,225,512",a warm flashlight,"251,4,384,512",a fast fire hydrant,"132,12,240,459",a blue toilet,"6,7,107,484"
3220,complex_composition,a wooden hair drier rested quietly leaning on a warm mushroom and a large ladder was nestled resting on a bright truck,a wooden hair drier,"70,241,332,508",a warm mushroom,"9,55,506,465",a large ladder,"5,15,508,390",a bright truck,"76,86,471,190"
3221,complex_composition,"With a warm cat beside a fast platypus, a crowded leaf hovered in front of a wooden person",a warm cat,"75,15,499,460",a fast platypus,"56,104,139,477",a crowded leaf,"61,197,409,481",a wooden person,"179,171,377,461"
3222,complex_composition,a white backpack stood on top of an aggressive tennis racket while a snowy crocodile lay next to a silver person,a white backpack,"211,169,411,458",an aggressive tennis racket,"38,40,393,436",a snowy crocodile,"169,225,302,312",a silver person,"109,181,325,298"
3223,complex_composition,a snowy umbrella rested quietly resting on a warm dog and a white tiger was nestled next to a silver toilet,a snowy umbrella,"115,108,411,251",a warm dog,"178,222,387,502",a white tiger,"65,51,480,483",a silver toilet,"176,91,412,493"
3224,complex_composition,"Near a pink toolbox, a smooth cake danced under the sun, with a fast remote resting on a tall fork",a smooth cake,"1,11,509,329",a pink toolbox,"42,131,348,308",a fast remote,"250,75,350,236",a tall fork,"131,221,362,482"
3225,complex_composition,"With a yellow cellphone beside a silver bowl, a soft tiger hovered behind a rough bus",a yellow cellphone,"51,14,390,458",a silver bowl,"104,69,322,495",a soft tiger,"191,166,312,444",a rough bus,"123,213,378,442"
3226,complex_composition,"With a rough knife beside a white door, a rotten sink hovered resting on a fluffy soap",a rough knife,"324,69,503,448",a white door,"19,313,295,414",a rotten sink,"104,111,442,497",a fluffy soap,"239,312,509,431"
3227,complex_composition,a large book rested quietly beneath a wooden lamp and a rough frisbee was nestled inside a green skyscraper,a large book,"9,314,469,474",a wooden lamp,"118,323,484,487",a rough frisbee,"295,14,465,307",a green skyscraper,"25,79,297,439"
3228,complex_composition,a rough sandwich stood under a snowy cup while a clean shirt lay inside a short bicycle,a rough sandwich,"248,290,378,504",a snowy cup,"58,39,493,267",a clean shirt,"13,204,506,367",a short bicycle,"37,161,482,397"
3229,complex_composition,a bright dog stood attached to a yellow hat while a snowy elephant lay behind a shiny monitor,a bright dog,"152,43,368,193",a yellow hat,"98,178,486,258",a snowy elephant,"221,50,445,473",a shiny monitor,"139,28,473,503"
3230,complex_composition,"Near a smooth bicycle, a fast crocodile danced under the sun, with a fast guitar leaning on a shiny bus",a fast crocodile,"37,129,487,254",a smooth bicycle,"8,9,512,110",a fast guitar,"56,52,200,365",a shiny bus,"0,390,132,512"
3231,complex_composition,"a pink bed, above a green baseball glove, shimmered as a large bottle wandered behind a black remote",a pink bed,"66,105,375,383",a green baseball glove,"10,199,356,383",a large bottle,"64,245,306,326",a black remote,"31,49,144,229"
3232,complex_composition,a yellow toolbox rested quietly leaning on a soft broom and a tall tie was nestled between a crowded hot-dog,a yellow toolbox,"213,199,388,433",a soft broom,"126,90,360,327",a tall tie,"164,231,364,408",a crowded hot-dog,"61,3,501,169"
3233,complex_composition,a white pizza rested quietly under a pink crocodile and a fuzzy cat was nestled attached to a red baseball bat,a white pizza,"8,218,493,433",a pink crocodile,"144,17,324,157",a fuzzy cat,"88,102,460,493",a red baseball bat,"231,115,351,336"
3234,complex_composition,a black train rested quietly behind a snowy toilet and a red tiger was nestled between a bright chair,a black train,"51,76,503,469",a snowy toilet,"133,56,220,138",a red tiger,"63,149,157,481",a bright chair,"191,1,377,453"
3235,complex_composition,a white flower rested quietly surrounded by a blue car and a shiny guitar was nestled beside a clean wallet,a white flower,"177,250,391,472",a blue car,"51,24,314,325",a shiny guitar,"233,92,332,269",a clean wallet,"9,168,226,421"
3236,complex_composition,a wooden candle rested quietly beneath an aggressive stop sign and a fuzzy tennis racket was nestled beside a tall traffic light,a wooden candle,"5,20,195,403",an aggressive stop sign,"12,28,124,502",a fuzzy tennis racket,"238,145,508,323",a tall traffic light,"141,239,225,370"
3237,complex_composition,a smooth wallet rested quietly between a rotten frisbee and a blue hot-dog was nestled behind a rotten truck,a smooth wallet,"77,182,493,454",a rotten frisbee,"82,61,345,504",a blue hot-dog,"202,92,291,277",a rotten truck,"59,194,286,450"
3238,complex_composition,a rotten sandwich stood placed near a fluffy bear while a rotten snowboard lay next to a dark screwdriver,a rotten sandwich,"7,84,174,328",a fluffy bear,"105,116,456,229",a rotten snowboard,"57,10,328,492",a dark screwdriver,"15,51,505,161"
3239,complex_composition,a bright lamp rested quietly leaning on a warm fork and a fuzzy ball was nestled in front of a large candle,a bright lamp,"100,41,276,382",a warm fork,"140,42,371,208",a fuzzy ball,"19,44,289,150",a large candle,"162,12,416,498"
3240,complex_composition,"a yellow elephant, under a fuzzy ladder, shimmered as a pink backpack wandered behind a wooden tie",a yellow elephant,"9,35,363,506",a fuzzy ladder,"142,199,469,505",a pink backpack,"20,20,506,507",a wooden tie,"68,8,392,511"
3241,complex_composition,"a fuzzy pillow, on top of a fuzzy person, shimmered as a wooden chair wandered resting on a soft frisbee",a fuzzy pillow,"263,8,498,501",a fuzzy person,"66,156,150,495",a wooden chair,"4,130,493,441",a soft frisbee,"253,244,508,477"
3242,complex_composition,"a short person, placed near a yellow mouse, shimmered as a silver desk wandered beneath an aggressive giraffe",a short person,"285,40,495,251",a yellow mouse,"190,156,359,321",a silver desk,"20,39,401,225",an aggressive giraffe,"54,130,408,487"
3243,complex_composition,"Near a wooden keyboard, a happy oak danced under the sun, with a warm flashlight placed near a wooden sandwich",a happy oak,"174,102,307,264",a wooden keyboard,"18,47,228,434",a warm flashlight,"23,8,352,499",a wooden sandwich,"177,72,361,490"
3244,complex_composition,a black bus stood placed near a clean watch while a soft bench lay next to a silver ladder,a black bus,"16,128,407,240",a clean watch,"402,187,492,318",a soft bench,"142,60,379,451",a silver ladder,"104,197,211,506"
3245,complex_composition,"Near an aggressive flashlight, a black mouse danced under the sun, with a short mushroom on top of a black soap",a black mouse,"15,183,492,343",an aggressive flashlight,"219,66,431,165",a short mushroom,"44,225,163,411",a black soap,"74,98,306,388"
3246,complex_composition,"a crowded cup, placed near a yellow handbag, shimmered as a dark refrigerator wandered under a red bottle",a crowded cup,"176,2,352,493",a yellow handbag,"120,69,445,497",a dark refrigerator,"100,62,298,467",a red bottle,"191,128,468,487"
3247,complex_composition,"a warm baby, behind a short mouse, shimmered as a shiny pizza wandered under a shiny skateboard",a warm baby,"227,379,511,476",a short mouse,"166,56,503,490",a shiny pizza,"5,277,511,365",a shiny skateboard,"56,57,398,350"
3248,complex_composition,"Near a red kite, a small mug danced under the sun, with a rough bottle on top of a fast traffic light",a small mug,"125,336,458,468",a red kite,"10,11,99,497",a rough bottle,"11,46,365,497",a fast traffic light,"321,291,465,499"
3249,complex_composition,an aggressive lamp stood under a smooth bottle while a crowded book lay beside a fuzzy refrigerator,an aggressive lamp,"193,226,471,475",a smooth bottle,"0,16,92,211",a crowded book,"106,49,495,372",a fuzzy refrigerator,"1,184,88,403"
3250,complex_composition,a small television stood beside a green bear while a pink scarf lay resting on a black stop sign,a small television,"262,234,439,320",a green bear,"34,49,242,509",a pink scarf,"25,66,498,339",a black stop sign,"26,92,381,503"
3251,complex_composition,a soft notebook rested quietly resting on a soft mug and a rotten laptop was nestled under a soft shoe,a soft notebook,"18,204,378,512",a soft mug,"128,119,454,384",a rotten laptop,"44,0,494,509",a soft shoe,"36,219,410,389"
3252,complex_composition,a short notebook rested quietly placed near a fluffy book and a dark glass was nestled leaning on a pink plate,a short notebook,"118,111,407,484",a fluffy book,"156,49,402,462",a dark glass,"199,116,326,491",a pink plate,"46,85,426,498"
3253,complex_composition,"Near a shiny bed, a wooden lamp danced under the sun, with a small soap surrounded by a crowded toolbox",a wooden lamp,"25,23,460,436",a shiny bed,"59,33,257,469",a small soap,"78,205,501,426",a crowded toolbox,"74,148,496,328"
3254,complex_composition,"a tall toilet, in front of a black hammer, shimmered as a red turtle wandered under a dark guitar",a tall toilet,"230,1,406,469",a black hammer,"56,56,437,500",a red turtle,"19,2,474,503",a dark guitar,"11,284,511,444"
3255,complex_composition,a shiny train stood on top of a fuzzy tie while a warm kite lay placed near a pink crocodile,a shiny train,"120,62,427,363",a fuzzy tie,"46,28,152,465",a warm kite,"96,11,476,300",a pink crocodile,"0,336,483,423"
3256,complex_composition,"a fluffy parking meter, under a large bicycle, shimmered as a dark donut wandered inside a clean tree",a fluffy parking meter,"246,151,416,363",a large bicycle,"88,1,426,87",a dark donut,"23,36,383,469",a clean tree,"75,33,459,425"
3257,complex_composition,"Near a green giraffe, a wooden tree danced under the sun, with an aggressive speaker attached to a clean backpack",a wooden tree,"38,102,257,470",a green giraffe,"77,24,193,215",an aggressive speaker,"37,98,341,507",a clean backpack,"6,38,512,408"
3258,complex_composition,a red handbag rested quietly resting on a yellow charger and a white tiger was nestled inside a snowy leaf,a red handbag,"27,71,324,428",a yellow charger,"21,75,508,445",a white tiger,"208,31,451,477",a snowy leaf,"84,71,486,491"
3259,complex_composition,"Near a fuzzy tennis racket, a warm stop sign danced under the sun, with a snowy snowboard under a red remote",a warm stop sign,"120,8,373,479",a fuzzy tennis racket,"206,79,385,292",a snowy snowboard,"90,71,390,467",a red remote,"72,24,241,256"
3260,complex_composition,a rough mouse stood attached to a bright lamp while an aggressive tennis racket lay inside a shiny surfboard,a rough mouse,"35,104,371,239",a bright lamp,"152,264,494,390",an aggressive tennis racket,"295,78,495,376",a shiny surfboard,"192,7,305,510"
3261,complex_composition,"With a smooth carrot beside a black candle, a bright crocodile hovered leaning on a wooden drill",a smooth carrot,"365,63,457,306",a black candle,"11,8,447,214",a bright crocodile,"136,132,509,284",a wooden drill,"67,366,417,469"
3262,complex_composition,a white fork rested quietly beneath a fluffy surfboard and a shiny screwdriver was nestled surrounded by a smooth apple,a white fork,"7,28,512,506",a fluffy surfboard,"52,184,429,434",a shiny screwdriver,"255,73,484,479",a smooth apple,"268,160,378,295"
3263,complex_composition,a shiny monitor stood between a wooden remote while a large mushroom lay surrounded by a happy couch,a shiny monitor,"25,32,421,409",a wooden remote,"220,12,502,334",a large mushroom,"33,89,474,449",a happy couch,"10,282,454,433"
3264,complex_composition,"Near a snowy zebra, an aggressive donut danced under the sun, with a fast sink above a pink frisbee",an aggressive donut,"78,68,490,393",a snowy zebra,"46,31,512,506",a fast sink,"1,15,501,318",a pink frisbee,"97,223,410,367"
3265,complex_composition,"a black sink, between a green hat, shimmered as a rough apple wandered on top of a green screwdriver",a black sink,"1,8,498,275",a green hat,"162,20,441,476",a rough apple,"16,13,511,451",a green screwdriver,"8,61,491,502"
3266,complex_composition,"With a silver ball beside a tall baby, a warm kite hovered on top of a fast guitar",a silver ball,"25,196,482,447",a tall baby,"28,12,305,474",a warm kite,"120,287,512,455",a fast guitar,"38,90,289,174"
3267,complex_composition,a silver boat rested quietly surrounded by a fuzzy laptop and a fuzzy printer was nestled beneath a clean broom,a silver boat,"125,219,461,507",a fuzzy laptop,"56,271,480,418",a fuzzy printer,"4,94,124,253",a clean broom,"95,122,502,317"
3268,complex_composition,a large plate rested quietly resting on a warm bottle and a crowded skateboard was nestled attached to a white bus,a large plate,"61,15,442,512",a warm bottle,"9,92,479,391",a crowded skateboard,"37,20,210,505",a white bus,"4,19,492,207"
3269,complex_composition,"a fuzzy frisbee, inside a black car, shimmered as a smooth tiger wandered leaning on a soft leaf",a fuzzy frisbee,"6,1,497,507",a black car,"18,84,493,446",a smooth tiger,"74,128,461,492",a soft leaf,"1,19,413,505"
3270,complex_composition,a rough apple stood in front of a smooth leaf while a dark notebook lay inside a fluffy car,a rough apple,"100,11,395,471",a smooth leaf,"14,143,306,331",a dark notebook,"193,14,381,438",a fluffy car,"10,21,499,241"
3271,complex_composition,"a smooth sock, beneath a wooden train, shimmered as a rotten oak wandered placed near a blue television",a smooth sock,"140,178,343,271",a wooden train,"278,7,494,502",a rotten oak,"23,130,433,254",a blue television,"202,151,293,327"
3272,complex_composition,"a black microwave, in front of a shiny carrot, shimmered as a rough keyboard wandered between a clean screwdriver",a black microwave,"17,61,425,410",a shiny carrot,"318,126,400,496",a rough keyboard,"28,3,486,273",a clean screwdriver,"130,124,399,461"
3273,complex_composition,"With a dark bottle beside a red kite, a shiny pizza hovered beneath a green tiger",a dark bottle,"1,179,466,494",a red kite,"29,7,362,220",a shiny pizza,"347,296,455,459",a green tiger,"23,21,499,506"
3274,complex_composition,a soft mushroom stood placed near a yellow dog while a red cup lay on top of a rough cow,a soft mushroom,"21,136,502,323",a yellow dog,"229,41,482,478",a red cup,"232,249,509,352",a rough cow,"107,64,461,438"
3275,complex_composition,"With a red glass beside a bright teddy bear, a crowded traffic light hovered resting on a soft leaf",a red glass,"190,219,499,341",a bright teddy bear,"83,9,429,505",a crowded traffic light,"2,201,500,394",a soft leaf,"143,36,506,270"
3276,complex_composition,a shiny plant rested quietly surrounded by a small teddy bear and a yellow umbrella was nestled next to a large surfboard,a shiny plant,"29,62,380,161",a small teddy bear,"257,89,503,315",a yellow umbrella,"61,103,281,388",a large surfboard,"136,145,247,506"
3277,complex_composition,"Near a clean knife, a red toaster danced under the sun, with a short car beside a rough fire hydrant",a red toaster,"197,18,284,491",a clean knife,"291,47,377,368",a short car,"104,77,435,384",a rough fire hydrant,"228,100,352,511"
3278,complex_composition,"a red apple, beneath a fuzzy ladder, shimmered as a red traffic light wandered in front of a large umbrella",a red apple,"95,46,371,450",a fuzzy ladder,"5,230,501,474",a red traffic light,"2,271,270,512",a large umbrella,"122,207,485,429"
3279,complex_composition,"With a shiny flower beside a happy tape, a blue lamp hovered leaning on a tall printer",a shiny flower,"1,190,494,339",a happy tape,"8,363,466,468",a blue lamp,"28,28,466,495",a tall printer,"299,131,455,381"
3280,complex_composition,"Near a rotten microwave, a silver mushroom danced under the sun, with a white door above a pink baseball glove",a silver mushroom,"89,206,425,462",a rotten microwave,"129,7,476,401",a white door,"127,149,227,492",a pink baseball glove,"62,25,170,370"
3281,complex_composition,"Near a short flashlight, a small guitar danced under the sun, with a fuzzy hammer resting on a wooden tiger",a small guitar,"98,225,467,434",a short flashlight,"71,1,283,201",a fuzzy hammer,"144,106,404,258",a wooden tiger,"171,270,432,415"
3282,complex_composition,"Near a green bin, a soft fire hydrant danced under the sun, with a silver ring above a dark bottle",a soft fire hydrant,"79,10,482,359",a green bin,"115,104,473,414",a silver ring,"21,32,500,462",a dark bottle,"66,15,422,496"
3283,complex_composition,"With a crowded motorcycle beside a warm television, a small candle hovered surrounded by a soft hammer",a crowded motorcycle,"74,173,168,399",a warm television,"3,158,507,495",a small candle,"98,93,365,232",a soft hammer,"77,47,507,467"
3284,complex_composition,a black mug stood resting on a pink bird while a rotten suitcase lay above a dark bear,a black mug,"62,238,473,354",a pink bird,"107,132,314,396",a rotten suitcase,"13,181,392,262",a dark bear,"115,318,394,409"
3285,complex_composition,a shiny desk rested quietly beside a white oven and a soft keyboard was nestled between a rotten flashlight,a shiny desk,"237,324,477,444",a white oven,"129,235,224,507",a soft keyboard,"15,211,392,398",a rotten flashlight,"13,291,272,409"
3286,complex_composition,"an aggressive monitor, attached to a short stop sign, shimmered as a pink toaster wandered inside a crowded table",an aggressive monitor,"337,119,456,260",a short stop sign,"3,86,497,402",a pink toaster,"194,50,360,147",a crowded table,"28,46,118,506"
3287,complex_composition,"a short notebook, leaning on a rough ring, shimmered as a happy boat wandered under a snowy sandwich",a short notebook,"329,53,501,228",a rough ring,"3,34,456,143",a happy boat,"16,17,507,416",a snowy sandwich,"40,87,416,469"
3288,complex_composition,a large cup rested quietly surrounded by a white pillow and a green banana was nestled behind a wooden scarf,a large cup,"322,97,483,489",a white pillow,"276,231,360,372",a green banana,"40,63,482,511",a wooden scarf,"102,224,276,314"
3289,complex_composition,"Near a small tennis racket, a yellow bucket danced under the sun, with a smooth screwdriver placed near a snowy book",a yellow bucket,"242,297,366,510",a small tennis racket,"41,204,293,289",a smooth screwdriver,"67,55,504,168",a snowy book,"130,84,334,164"
3290,complex_composition,a happy crocodile rested quietly under a bright bicycle and a snowy sheep was nestled leaning on a small tennis racket,a happy crocodile,"118,149,374,338",a bright bicycle,"309,0,505,130",a snowy sheep,"238,59,358,373",a small tennis racket,"67,24,415,432"
3291,complex_composition,"Near a fast dog, a wooden motorcycle danced under the sun, with an aggressive suitcase above a blue skyscraper",a wooden motorcycle,"79,92,483,229",a fast dog,"50,9,390,508",an aggressive suitcase,"304,75,386,484",a blue skyscraper,"0,142,199,330"
3292,complex_composition,"Near a short cake, a rough ring danced under the sun, with a smooth baseball glove under a warm tree",a rough ring,"84,270,401,434",a short cake,"27,127,433,370",a smooth baseball glove,"13,23,472,442",a warm tree,"0,133,250,407"
3293,complex_composition,a smooth mouse stood between a happy car while a happy truck lay placed near a small donut,a smooth mouse,"34,26,335,374",a happy car,"88,173,486,326",a happy truck,"15,62,208,377",a small donut,"186,28,378,443"
3294,complex_composition,an aggressive tape rested quietly beside a red kite and a clean shampoo was nestled attached to a red television,an aggressive tape,"324,99,471,181",a red kite,"23,51,315,388",a clean shampoo,"137,25,217,491",a red television,"72,4,271,375"
3295,complex_composition,"a rough screwdriver, beside a shiny umbrella, shimmered as a small cow wandered leaning on an aggressive printer",a rough screwdriver,"36,14,146,356",a shiny umbrella,"124,79,415,430",a small cow,"163,28,425,205",an aggressive printer,"163,77,488,365"
3296,complex_composition,a dark plant rested quietly behind a rough shoe and a tall curtain was nestled beneath a fluffy toilet,a dark plant,"414,105,497,469",a rough shoe,"6,9,324,512",a tall curtain,"76,353,224,494",a fluffy toilet,"363,91,473,291"
3297,complex_composition,a blue toothbrush stood next to a snowy toaster while a warm train lay surrounded by a fluffy bench,a blue toothbrush,"41,138,254,394",a snowy toaster,"2,86,501,225",a warm train,"9,187,512,333",a fluffy bench,"3,1,417,492"
3298,complex_composition,a yellow remote stood beside a tall crocodile while a black basket lay in front of a wooden umbrella,a yellow remote,"87,44,175,343",a tall crocodile,"182,145,367,505",a black basket,"108,41,417,372",a wooden umbrella,"243,350,350,511"
3299,complex_composition,"Near a rough broom, a black glass danced under the sun, with an aggressive kite beside a smooth plate",a black glass,"168,169,389,370",a rough broom,"66,12,150,211",an aggressive kite,"300,104,432,279",a smooth plate,"173,23,302,427"
3300,complex_composition,a rough elephant stood inside a fluffy charger while a tall knife lay beside a fuzzy mushroom,a rough elephant,"185,210,501,371",a fluffy charger,"11,42,382,437",a tall knife,"2,95,299,508",a fuzzy mushroom,"314,49,448,292"
3301,complex_composition,"With a tall guitar beside a silver keyboard, a silver boy hovered leaning on a dark flower",a tall guitar,"397,19,485,417",a silver keyboard,"3,118,511,482",a silver boy,"160,256,380,455",a dark flower,"14,31,131,505"
3302,complex_composition,a small crocodile stood in front of a happy oven while a large ball lay behind a smooth notebook,a small crocodile,"78,28,505,379",a happy oven,"91,86,451,396",a large ball,"42,57,448,501",a smooth notebook,"3,125,424,361"
3303,complex_composition,"With a fuzzy skyscraper beside a white handbag, a red cellphone hovered next to a red microwave",a fuzzy skyscraper,"173,56,271,459",a white handbag,"110,44,208,479",a red cellphone,"52,13,367,251",a red microwave,"133,41,232,479"
3304,complex_composition,a happy curtain rested quietly inside an aggressive crocodile and a happy mouse was nestled between a smooth apple,a happy curtain,"61,62,512,166",an aggressive crocodile,"143,169,362,277",a happy mouse,"159,148,496,305",a smooth apple,"53,30,390,214"
3305,complex_composition,"a snowy boat, in front of a large tree, shimmered as a crowded watch wandered resting on a tall baseball bat",a snowy boat,"112,104,317,411",a large tree,"74,13,464,471",a crowded watch,"194,48,291,489",a tall baseball bat,"40,131,472,397"
3306,complex_composition,"With a smooth banana beside a black television, a fast chair hovered between a red fire hydrant",a smooth banana,"25,212,378,512",a black television,"204,106,357,391",a fast chair,"186,103,432,417",a red fire hydrant,"95,26,493,412"
3307,complex_composition,"an aggressive screwdriver, attached to a rough keyboard, shimmered as a fluffy drill wandered inside a smooth zebra",an aggressive screwdriver,"301,12,460,504",a rough keyboard,"34,138,221,468",a fluffy drill,"42,222,487,413",a smooth zebra,"22,244,386,331"
3308,complex_composition,"With a wooden tape beside a white backpack, a clean sink hovered behind a silver parking meter",a wooden tape,"242,325,417,491",a white backpack,"8,42,420,448",a clean sink,"93,57,343,194",a silver parking meter,"13,357,506,502"
3309,complex_composition,"With a crowded tie beside a blue printer, a red frisbee hovered leaning on a wooden curtain",a crowded tie,"57,66,159,401",a blue printer,"134,20,360,508",a red frisbee,"235,91,436,511",a wooden curtain,"54,230,367,400"
3310,complex_composition,"a rough blender, beside a happy bus, shimmered as a silver person wandered in front of a clean watch",a rough blender,"13,28,486,436",a happy bus,"117,6,254,404",a silver person,"32,343,124,490",a clean watch,"5,299,271,465"
3311,complex_composition,"With a crowded boy beside a wooden sink, a fluffy drill hovered leaning on a rotten knife",a crowded boy,"158,231,238,454",a wooden sink,"237,55,507,321",a fluffy drill,"157,1,247,164",a rotten knife,"252,65,374,485"
3312,complex_composition,a black tape rested quietly leaning on a silver rose and a shiny vase was nestled next to a tall shoe,a black tape,"91,75,211,509",a silver rose,"221,9,511,505",a shiny vase,"2,212,504,373",a tall shoe,"308,1,503,501"
3313,complex_composition,a dark sandwich rested quietly beside a silver ball and a pink spoon was nestled in front of a pink door,a dark sandwich,"61,112,344,485",a silver ball,"373,104,468,315",a pink spoon,"11,24,233,356",a pink door,"311,279,410,482"
3314,complex_composition,a snowy sandwich stood placed near a clean flower while a fluffy knife lay between an aggressive glass,a snowy sandwich,"27,288,342,416",a clean flower,"7,14,346,275",a fluffy knife,"49,159,320,299",an aggressive glass,"107,74,308,435"
3315,complex_composition,"a dark train, under a pink tiger, shimmered as a soft desk wandered surrounded by a soft bus",a dark train,"234,190,338,392",a pink tiger,"383,4,491,135",a soft desk,"189,193,350,441",a soft bus,"16,69,506,272"
3316,complex_composition,"Near a dark carrot, a blue speaker danced under the sun, with a blue plate behind a green skateboard",a blue speaker,"12,126,176,252",a dark carrot,"75,12,487,119",a blue plate,"325,2,496,344",a green skateboard,"174,8,493,485"
3317,complex_composition,"Near a snowy truck, a short mug danced under the sun, with a dark cat leaning on a fuzzy kite",a short mug,"115,160,357,365",a snowy truck,"378,268,483,490",a dark cat,"60,39,433,490",a fuzzy kite,"325,75,476,480"
3318,complex_composition,a wooden boat stood attached to a white platypus while a crowded hammer lay resting on a silver bear,a wooden boat,"295,41,421,156",a white platypus,"302,79,480,169",a crowded hammer,"207,221,396,355",a silver bear,"265,17,435,305"
3319,complex_composition,a fuzzy broom stood surrounded by a tall shoe while a yellow bowl lay beneath a bright shower,a fuzzy broom,"163,160,439,313",a tall shoe,"5,141,380,512",a yellow bowl,"17,82,485,493",a bright shower,"112,19,481,467"
3320,complex_composition,a clean charger rested quietly resting on a wooden soap and a black oven was nestled beside a white bowl,a clean charger,"1,23,202,450",a wooden soap,"113,190,413,277",a black oven,"19,66,237,399",a white bowl,"245,23,502,112"
3321,complex_composition,"a fast backpack, beneath a wooden skyscraper, shimmered as an aggressive speaker wandered attached to a bright traffic light",a fast backpack,"149,160,275,374",a wooden skyscraper,"137,25,341,350",an aggressive speaker,"68,182,375,271",a bright traffic light,"33,208,456,307"
3322,complex_composition,"Near a green oak, a white cat danced under the sun, with a smooth bus next to a tall fire hydrant",a white cat,"20,19,351,493",a green oak,"378,89,482,189",a smooth bus,"241,219,422,466",a tall fire hydrant,"7,163,505,439"
3323,complex_composition,a silver truck stood on top of a pink screwdriver while a yellow cup lay beside a rough guitar,a silver truck,"21,2,415,266",a pink screwdriver,"217,67,395,197",a yellow cup,"172,4,468,485",a rough guitar,"25,5,154,512"
3324,complex_composition,"With a fast bear beside a small glass, a smooth desk hovered resting on a fuzzy stop sign",a fast bear,"3,66,350,446",a small glass,"261,194,501,454",a smooth desk,"284,0,460,510",a fuzzy stop sign,"163,132,322,366"
3325,complex_composition,a rough scarf stood behind a shiny bear while a tall teddy bear lay leaning on a crowded wallet,a rough scarf,"272,115,474,482",a shiny bear,"14,145,511,482",a tall teddy bear,"61,96,435,479",a crowded wallet,"165,7,368,317"
3326,complex_composition,a fluffy toolbox rested quietly on top of a tall charger and a pink baseball glove was nestled between a green zebra,a fluffy toolbox,"185,119,402,322",a tall charger,"55,7,342,438",a pink baseball glove,"128,179,461,305",a green zebra,"4,140,491,500"
3327,complex_composition,an aggressive tennis racket rested quietly placed near a large door and a yellow guitar was nestled surrounded by a silver plant,an aggressive tennis racket,"252,81,385,473",a large door,"42,184,308,499",a yellow guitar,"102,126,293,257",a silver plant,"194,85,500,441"
