id,original_id,category,prompt,obj1,bbox1,obj2,bbox2,obj3,bbox3,obj4,bbox4,obj5,bbox5,obj6,bbox6,obj7,bbox7,obj8,bbox8
0000,158452,open_set,Jamaican musician entertaining passers on a sidewalk for tips .,Jamaican musician,"92,54,379,477",,,,,,,,,,,,,,
0001,154801,open_set,Two middle-aged construction workers are jackhammering .,Two middle-aged construction workers,"128,172,310,381",,,,,,,,,,,,,,
0002,158221,open_set,A crowd of people sitting on a lawn clapping .,A crowd of people,"40,79,478,487",,,,,,,,,,,,,,
0003,158614,open_set,A man standing near water lights a cigarette .,A man,"318,282,428,512",,,,,,,,,,,,,,
0004,158201,open_set,this race car is going fast .,this race car,"33,169,497,390",,,,,,,,,,,,,,
0005,157067,open_set,peoples playing at the ground,peoples,"6,53,466,409",,,,,,,,,,,,,,
0006,154187,open_set,A line of customers at a deli .,A line of customers,"34,242,455,512",,,,,,,,,,,,,,
0007,156056,open_set,A woman sleeping while standing up .,A woman,"180,173,512,512",,,,,,,,,,,,,,
0008,158754,open_set,People Running a Marathon .,People,"44,229,348,413",,,,,,,,,,,,,,
0009,156176,open_set,two women are walking past are cafe .,two women,"160,136,393,512",,,,,,,,,,,,,,
0010,153970,open_set,Three men are cooking in a large kitchen .,Three men,"143,200,264,445",,,,,,,,,,,,,,
0011,155187,open_set,A young male surfing .,A young male,"198,15,450,447",,,,,,,,,,,,,,
0012,158136,open_set,Man started jumping because the sprinklers were about to go off .,Man,"193,121,321,315",,,,,,,,,,,,,,
0013,155835,open_set,A group of young children laugh and play amid a large bubbles .,A group of young children,"35,2,465,512",,,,,,,,,,,,,,
0014,157338,open_set,A busy Asian street with bright signs .,bright signs,"4,31,512,339",,,,,,,,,,,,,,
0015,154657,open_set,A little boy smiles while playing in the dirt .,A little boy,"81,50,315,484",,,,,,,,,,,,,,
0016,158216,open_set,A group of firemen leaving a fire scene .,A group of firemen,"3,116,512,512",,,,,,,,,,,,,,
0017,158218,open_set,A large group of people are sitting on a lawn watching something .,A large group of people,"40,79,478,487",,,,,,,,,,,,,,
0018,157416,open_set,A couple watching a beautiful sunset on the sea side .,A couple,"321,217,413,401",,,,,,,,,,,,,,
0019,155894,open_set,Several young black people traverse a market street in a rather dilapidated section of town .,Several young black people,"15,263,425,512",,,,,,,,,,,,,,
0020,154729,open_set,A geisha stands outside of a store peering to her side .,A geisha,"175,7,496,512",,,,,,,,,,,,,,
0021,155689,open_set,A woman speaking at an Armenian Genocide event,A woman,"156,110,271,243",,,,,,,,,,,,,,
0022,158163,open_set,They are feeding the tortoise water and the baby boy is excited to see it .,the baby boy,"202,30,296,384",,,,,,,,,,,,,,
0023,154423,open_set,"ah , this photo is that of a regatta , possibly trials for America 's Cup , showing three yachts sailing .",three yachts,"3,1,512,459",,,,,,,,,,,,,,
0024,154719,open_set,A bunch of kids climbing sliding and playing on a really cool playground .,A bunch of kids,"79,178,423,504",,,,,,,,,,,,,,
0025,154726,open_set,A band performing on stage .,stage,"3,5,510,457",,,,,,,,,,,,,,
0026,155454,open_set,Six people and young girls soccer practice .,Six people,"1,127,441,512",,,,,,,,,,,,,,
0027,156661,open_set,Two male firefighters working on the firetruck,Two male firefighters,"49,68,441,512",,,,,,,,,,,,,,
0028,156678,open_set,Four young girls jumping and dancing .,Four young girls,"62,1,449,510",,,,,,,,,,,,,,
0029,157662,open_set,A baseball player standing on the field,A baseball player,"51,223,203,475",,,,,,,,,,,,,,
0030,154983,open_set,A man is waiting to cross the intersection .,A man,"1,202,22,301",,,,,,,,,,,,,,
0031,155193,open_set,Two young boys run by the edge of the water .,Two young boys,"67,129,437,458",,,,,,,,,,,,,,
0032,157074,open_set,Young man talks a nap while riding the subway home from a hard days work .,Young man,"14,197,385,510",,,,,,,,,,,,,,
0033,157107,open_set,Large crowd congregating in a busy street .,Large crowd,"1,276,469,503",,,,,,,,,,,,,,
0034,154196,open_set,Young girls running in a race .,Young girls,"4,53,499,512",,,,,,,,,,,,,,
0035,154667,open_set,A skinny woman is taking a picture .,A skinny woman,"163,12,356,509",,,,,,,,,,,,,,
0036,153913,open_set,A five member band is performing live music .,A five member band,"128,5,434,402",,,,,,,,,,,,,,
0037,153987,open_set,One toddler takes away the mouth piece of the other which makes him cry .,One toddler,"3,43,238,510",,,,,,,,,,,,,,
0038,156172,open_set,Two people are standing on a cliff,Two people,"348,165,404,312",,,,,,,,,,,,,,
0039,155772,open_set,A dirt bike rider is in the air pulling off a trick .,A dirt bike rider,"197,194,363,269",,,,,,,,,,,,,,
0040,157867,open_set,Everybody is watching carefully .,Everybody,"1,36,512,512",,,,,,,,,,,,,,
0041,157742,open_set,The hiker nears a creek .,The hiker,"227,88,377,392",,,,,,,,,,,,,,
0042,157906,open_set,Two men leap into the air .,Two men,"35,226,512,462",,,,,,,,,,,,,,
0043,155453,open_set,Six people playing sports outside in the daytime .,Six people,"1,127,441,512",,,,,,,,,,,,,,
0044,154628,open_set,a mountain biker is riding on a marked out competition trail in the woods .,a mountain biker,"118,117,347,389",,,,,,,,,,,,,,
0045,155776,open_set,Some friends are hanging out sitting on a wall .,Some friends,"53,67,253,368",,,,,,,,,,,,,,
0046,154083,open_set,A child jumping on a tennis court .,A child,"107,56,351,431",,,,,,,,,,,,,,
0047,158334,open_set,Two large black dogs are snarling at each other .,Two large black dogs,"20,18,495,512",,,,,,,,,,,,,,
0048,158759,open_set,Young people protest the cutting down of forests .,Young people,"11,50,439,512",,,,,,,,,,,,,,
0049,158719,open_set,One bicyclist does an awesome trick at a skate park .,One bicyclist,"49,124,220,283",,,,,,,,,,,,,,
0050,158176,open_set,Two athletes participating in a competition .,Two athletes,"191,100,417,463",,,,,,,,,,,,,,
0051,154214,open_set,Woman at tennis match jumping in air to hit ball .,Woman,"196,53,342,422",,,,,,,,,,,,,,
0052,155658,open_set,Shirtless men playing chess in a pool .,Shirtless men,"1,3,512,512",,,,,,,,,,,,,,
0053,157036,open_set,Parade outside with lots of light and color .,Parade,"28,4,512,481",,,,,,,,,,,,,,
0054,155460,open_set,Dark-haired art student working on a project while standing up .,Dark-haired art student,"140,22,441,339",,,,,,,,,,,,,,
0055,154662,open_set,A bicyclist doing a jump .,A bicyclist,"3,129,335,309",,,,,,,,,,,,,,
0056,158553,open_set,A group of people gathered at a school .,A group of people,"53,195,328,380",,,,,,,,,,,,,,
0057,154926,open_set,A large crowd of people are seated outdoors .,A large crowd of people,"3,199,369,512",,,,,,,,,,,,,,
0058,157157,open_set,Three women on the beach .,Three women,"331,83,463,249",,,,,,,,,,,,,,
0059,155414,open_set,Two monks walking together .,Two monks,"246,326,376,455",,,,,,,,,,,,,,
0060,158768,open_set,Three non-traditional students work on a project .,Three non-traditional students,"17,80,413,512",,,,,,,,,,,,,,
0061,158175,open_set,A woman being flipped in a taekwondo competition,A woman,"194,100,363,463",,,,,,,,,,,,,,
0062,154502,open_set,A bass drummer marches in a band formation .,A bass drummer,"37,4,353,510",,,,,,,,,,,,,,
0063,157066,open_set,Men play horseshoes in the park .,Men,"6,53,466,409",,,,,,,,,,,,,,
0064,157211,open_set,A crowd is enjoying an outdoor festival .,A crowd,"1,184,425,510",,,,,,,,,,,,,,
0065,156680,open_set,A group of children gather together to pose for a picture .,A group of children,"11,105,278,508",,,,,,,,,,,,,,
0066,154895,open_set,The soldiers are preparing for security at a big event .,The soldiers,"29,54,108,442",,,,,,,,,,,,,,
0067,156554,open_set,A quarterback gets ready to throw the football .,the football,"211,206,245,265",,,,,,,,,,,,,,
0068,157816,open_set,A man kiyaking in rough water .,A man,"181,98,512,320",,,,,,,,,,,,,,
0069,158584,open_set,A group of friends are sitting listening to some music .,A group of friends,"72,34,512,434",,,,,,,,,,,,,,
0070,158091,open_set,People are outside at night .,People,"290,64,474,347",,,,,,,,,,,,,,
0071,155012,open_set,Many people have gathered to look at something that is not in the photo .,Many people,"1,15,509,512",,,,,,,,,,,,,,
0072,157192,open_set,Two men are making their way across the ocean .,Two men,"271,325,393,396",,,,,,,,,,,,,,
0073,158592,open_set,A band is playing music at a park .,A band,"11,51,498,441",,,,,,,,,,,,,,
0074,158674,open_set,A woman is taking a picture .,A woman,"4,93,508,512",,,,,,,,,,,,,,
0075,154744,open_set,Two indian women in sari 's work inside a factory .,Two indian women,"183,49,512,512",,,,,,,,,,,,,,
0076,156991,open_set,A young girl is swinging in a backyard .,A young girl,"212,1,512,379",,,,,,,,,,,,,,
0077,157080,open_set,A woman is performing the backstroke in a pool .,A woman,"1,64,510,464",,,,,,,,,,,,,,
0078,154750,open_set,Teenagers at a field playing a sport .,Teenagers,"39,167,502,390",,,,,,,,,,,,,,
0079,155218,open_set,Someone walks in a hallway .,Someone,"358,259,396,329",,,,,,,,,,,,,,
0080,157065,open_set,Two men playing a game in the park .,Two men,"6,53,466,409",,,,,,,,,,,,,,
0081,156906,open_set,A young boy at the top of a slide .,A young boy,"190,37,336,266",,,,,,,,,,,,,,
0082,157712,open_set,Man working on a straw roof,Man,"66,125,286,435",,,,,,,,,,,,,,
0083,158708,open_set,A man performing in a track or athletic competition .,A man,"100,59,512,512",,,,,,,,,,,,,,
0084,155112,open_set,Two men in an oriental fighting contest .,Two men,"123,32,381,512",,,,,,,,,,,,,,
0085,157225,open_set,Surveying or installing underground items in a grassy field .,a grassy field,"1,148,510,512",,,,,,,,,,,,,,
0086,154870,open_set,Chef making stir fry in a restaurant .,stir fry,"290,338,474,441",,,,,,,,,,,,,,
0087,154707,open_set,Orchestral group playing music .,Orchestral group,"1,63,433,512",,,,,,,,,,,,,,
0088,158213,open_set,A group of firemen move about in a restricted area .,A group of firemen,"3,116,512,512",,,,,,,,,,,,,,
0089,154064,open_set,people are walking down the street .,people,"32,166,485,501",,,,,,,,,,,,,,
0090,155892,open_set,A man starts his day in India .,A man,"282,307,413,512",,,,,,,,,,,,,,
0091,157607,open_set,A brown dog growls .,A brown dog,"67,112,409,478",,,,,,,,,,,,,,
0092,154084,open_set,Where is the rest of his racket ?,the rest of his racket,"152,2,187,90",,,,,,,,,,,,,,
0093,157081,open_set,A swimmer in a pool swimming on their back,A swimmer,"1,64,510,464",,,,,,,,,,,,,,
0094,157563,open_set,Two men are rock climbing .,Two men,"288,133,416,466",,,,,,,,,,,,,,
0095,154425,open_set,Sailing teams come to the rescue of a boat in need .,Sailing teams,"1,1,512,454",,,,,,,,,,,,,,
0096,156688,open_set,A small black and white dog .,A small black and white dog,"154,44,420,468",,,,,,,,,,,,,,
0097,157817,open_set,A man kayaks in rough water .,A man,"181,98,512,320",,,,,,,,,,,,,,
0098,157129,open_set,An older man is leaning against the inside of a commuter bus .,An older man,"179,152,358,503",,,,,,,,,,,,,,
0099,155371,open_set,A black and white dog is splashing around in the water .,A black and white dog,"82,64,386,418",,,,,,,,,,,,,,
0100,158220,open_set,A crowd is gathered outside watching a performance .,A crowd,"40,79,478,487",,,,,,,,,,,,,,
0101,158070,open_set,Demonstration of martial arts by young female in gymnasium .,young female,"44,47,458,480",,,,,,,,,,,,,,
0102,158824,open_set,A boy plays baseball .,A boy,"56,102,441,493",,,,,,,,,,,,,,
0103,154148,open_set,A barefoot boy is crying .,A barefoot boy,"145,1,480,512",,,,,,,,,,,,,,
0104,158539,open_set,A few people standing in the road .,A few people,"43,140,512,512",,,,,,,,,,,,,,
0105,155330,open_set,Many people are walking along the beach on a clear day .,Many people,"16,204,493,512",,,,,,,,,,,,,,
0106,158514,open_set,A kid doing a skateboard trick while in the air .,A kid,"67,91,238,235",,,,,,,,,,,,,,
0107,157277,open_set,A skier going goes down the mountain .,A skier,"220,151,371,423",,,,,,,,,,,,,,
0108,154217,open_set,A woman serving a tennis ball .,A woman,"196,53,342,422",,,,,,,,,,,,,,
0109,155877,open_set,Graffiti on the side of an Asian warehouse .,the side of an Asian warehouse,"2,1,512,475",,,,,,,,,,,,,,
0110,156237,open_set,Boy does skateboard trick .,Boy,"193,128,418,285",,,,,,,,,,,,,,
0111,156686,open_set,A black and white puppy runs along the gravel road .,A black and white puppy,"154,44,420,468",,,,,,,,,,,,,,
0112,156365,open_set,skier in red pants skiing down a slope,red pants,"229,229,357,312",,,,,,,,,,,,,,
0113,158591,open_set,Street musicians playing music in the park .,Street musicians,"11,51,498,441",,,,,,,,,,,,,,
0114,157307,open_set,Several old men sitting around talking and drinking .,Several old men,"8,110,437,444",,,,,,,,,,,,,,
0115,157924,open_set,A woman wearing a fanny pack is taking a photo of a red car .,A woman,"72,32,412,510",,,,,,,,,,,,,,
0116,156347,open_set,A crowd watching a soccer match .,A crowd,"1,1,510,136",,,,,,,,,,,,,,
0117,158275,open_set,A crowd of people watching a music concert .,A crowd of people,"2,186,512,512",,,,,,,,,,,,,,
0118,154138,open_set,Skiers are competing .,Skiers,"10,102,459,453",,,,,,,,,,,,,,
0119,157095,open_set,Several people look down from above the first floor .,Several people,"1,158,512,466",,,,,,,,,,,,,,
0120,154298,open_set,A band is preparing to go on stage by warming up their routine .,A band,"4,64,503,512",,,,,,,,,,,,,,
0121,154194,open_set,the local kids are having a footrace .,the local kids,"4,53,499,512",,,,,,,,,,,,,,
0122,155100,open_set,Shadowed cyclist jumps over camera at sunset as shadowed photographer films .,Shadowed cyclist,"209,146,372,276",,,,,,,,,,,,,,
0123,157456,open_set,Four men standing in outside of Wells Fargo Bank .,Four men,"121,178,455,370",,,,,,,,,,,,,,
0124,157007,open_set,Bicyclists competing for the gold .,Bicyclists,"36,135,398,481",,,,,,,,,,,,,,
0125,155770,open_set,A dirt biker who is sideways in the air having come off of a dirt jump .,A dirt biker,"197,194,363,269",,,,,,,,,,,,,,
0126,155243,open_set,two brown dogs play .,two brown dogs,"41,149,512,512",,,,,,,,,,,,,,
0127,154427,open_set,Three sailboats in a sailing race .,Three sailboats,"3,1,512,459",,,,,,,,,,,,,,
0128,155698,open_set,A group of high school basketball players play a game .,A group of high school basketball players,"21,9,512,512",,,,,,,,,,,,,,
0129,154145,open_set,A dark-haired little boy is very upset .,A dark-haired little boy,"145,1,480,512",,,,,,,,,,,,,,
0130,154075,open_set,Two lovers just met in a date .,Two lovers,"66,116,447,512",,,,,,,,,,,,,,
0131,155684,open_set,Asian workers are working hard .,Asian workers,"26,185,456,331",,,,,,,,,,,,,,
0132,154597,open_set,A band playing on stage in a club .,A band,"53,19,455,510",,,,,,,,,,,,,,
0133,156552,open_set,A quarterback ready to pass the football in the middle of a play .,the football,"211,206,245,265",,,,,,,,,,,,,,
0134,155672,open_set,People in a courtyard plaza are sitting and standing .,People,"13,172,420,433",,,,,,,,,,,,,,
0135,154929,open_set,A customer at the checkout of a grocery store .,A customer,"134,137,287,387",,,,,,,,,,,,,,
0136,157082,open_set,Women backstrokes in pool .,Women backstrokes,"1,64,510,464",,,,,,,,,,,,,,
0137,157672,open_set,A female athlete is in the process of completing a high jump .,A female athlete,"125,41,456,410",,,,,,,,,,,,,,
0138,154144,open_set,A little toddler boy is crying while walking .,A little toddler boy,"145,1,480,512",,,,,,,,,,,,,,
0139,155893,open_set,A man sits in a messy room .,A man,"282,307,413,512",,,,,,,,,,,,,,
0140,157264,open_set,A woman poses for a picture outdoors .,A woman,"1,46,512,512",,,,,,,,,,,,,,
0141,157042,open_set,Two women talking in a city street .,Two women,"81,75,366,512",,,,,,,,,,,,,,
0142,153957,open_set,A red and white motorcycle is being ridden around a bend on a racetrack .,A red and white motorcycle,"50,110,480,467",,,,,,,,,,,,,,
0143,155111,open_set,Two men are participating in a karate match .,Two men,"123,32,381,512",,,,,,,,,,,,,,
0144,154280,open_set,Two guards sitting and talking to each other .,Two guards,"101,170,381,429",,,,,,,,,,,,,,
0145,154065,open_set,People are walking in the park .,People,"32,166,485,501",,,,,,,,,,,,,,
0146,158457,open_set,Tourists at a flea market bartering for souvenirs .,Tourists,"18,32,512,512",,,,,,,,,,,,,,
0147,157841,open_set,A gold colored street performer is standing in the street .,A gold colored street performer,"5,128,312,441",,,,,,,,,,,,,,
0148,153952,open_set,A group of older men is walking away on the shady path .,A group of older men,"154,278,342,436",,,,,,,,,,,,,,
0149,157226,open_set,Construction workers have started to do work somewhere .,Construction workers,"233,121,302,179",,,,,,,,,,,,,,
0150,158388,open_set,A man is sitting down reading .,A man,"229,202,433,505",,,,,,,,,,,,,,
0151,154491,open_set,Two women talk in front of a clothing store .,Two women,"80,176,391,512",,,,,,,,,,,,,,
0152,155078,open_set,An skinny long-haired man flexing .,An skinny long-haired man,"118,24,396,512",,,,,,,,,,,,,,
0153,158679,open_set,A man rappels off the side of a cliff .,A man,"162,167,232,247",,,,,,,,,,,,,,
0154,157011,open_set,A group of people are discussing what they need to buy from Walmart,A group of people,"201,157,401,512",,,,,,,,,,,,,,
0155,154186,open_set,Several people in a restaurant .,Several people,"34,242,455,512",,,,,,,,,,,,,,
0156,155671,open_set,People socialize at the center of town during the evening .,People,"13,172,420,433",,,,,,,,,,,,,,
0157,156101,open_set,Three people are sitting and waiting .,Three people,"100,55,455,498",,,,,,,,,,,,,,
0158,154167,open_set,Three race dogs run to finish a race .,Three race dogs,"12,84,488,418",,,,,,,,,,,,,,
0159,153967,open_set,Three men work quickly preparing food in the kitchen of an upper-class Chinese restaurant .,Three men,"143,200,264,445",,,,,,,,,,,,,,
0160,158359,open_set,A biker races .,A biker,"148,26,290,416",,,,,,,,,,,,,,
0161,155048,open_set,An orchestra plays in an ornate hall .,An orchestra,"4,204,512,442",,,,,,,,,,,,,,
0162,154206,open_set,"A blue , red , and yellow plane does a loop in the air .","A blue , red , and yellow plane","236,321,321,392",,,,,,,,,,,,,,
0163,155561,open_set,A snowboarder is doing a big jump and is in the air .,A snowboarder,"294,72,371,186",,,,,,,,,,,,,,
0164,158534,open_set,Musicians play on a baseball diamond .,Musicians,"5,116,507,501",,,,,,,,,,,,,,
0165,155113,open_set,Two martial artists compete in a match .,Two martial artists,"123,32,381,512",,,,,,,,,,,,,,
0166,155102,open_set,A man is taking a picture of a bicyclist performing a trick in the air .,A man,"390,397,432,512",,,,,,,,,,,,,,
0167,156137,open_set,Construction workers hard at work .,Construction workers,"2,87,331,512",,,,,,,,,,,,,,
0168,155657,open_set,A group of old men playing chess in a pool .,A group of old men,"1,3,512,512",,,,,,,,,,,,,,
0169,155386,open_set,Friends enjoying a celebration and learn how to knit .,Friends,"13,55,512,512",,,,,,,,,,,,,,
0170,157382,open_set,Kids on a ride at an amusement park .,Kids,"18,35,512,362",,,,,,,,,,,,,,
0171,158638,open_set,A middle eastern guy selling stuff street side .,A middle eastern guy,"192,161,269,387",,,,,,,,,,,,,,
0172,155708,open_set,Two young women run down the sidewalk at night .,Two young women,"171,138,397,455",,,,,,,,,,,,,,
0173,155823,open_set,A person belted into a bungee-jumping ride in midair .,A person,"168,151,379,334",,,,,,,,,,,,,,
0174,158072,open_set,Young women practicing marshal arts in a gym .,Young women,"44,47,458,480",,,,,,,,,,,,,,
0175,158231,open_set,Workers standing in a work zone .,Workers,"130,159,364,314",,,,,,,,,,,,,,
0176,155372,open_set,A black and white dog is playing in a pond or creek .,A black and white dog,"82,64,386,418",,,,,,,,,,,,,,
0177,157329,open_set,A man is climbing a red pole .,A man,"149,65,338,375",,,,,,,,,,,,,,
0178,154602,open_set,Chinese traditional dancing .,Chinese,"1,68,449,477",,,,,,,,,,,,,,
0179,155782,open_set,A man who just came from a swim .,A man,"102,48,462,512",,,,,,,,,,,,,,
0180,155609,open_set,The skateboarder is jumping in the air .,The skateboarder,"142,199,365,345",,,,,,,,,,,,,,
0181,157426,open_set,Some people are standing at a busy intersection waiting to cross the street .,Some people,"1,226,457,463",,,,,,,,,,,,,,
0182,157866,open_set,They are here to ensure no one crosses the barriers .,the barriers,"1,238,512,347",,,,,,,,,,,,,,
0183,156210,open_set,This is a family getting ready for a cookout .,a family,"10,126,474,512",,,,,,,,,,,,,,
0184,155063,open_set,Kid running down a sidewalk .,Kid,"114,66,214,510",,,,,,,,,,,,,,
0185,158681,open_set,Two young people taking pictures of themselves while laying atop each other,Two young people,"111,27,510,508",,,,,,,,,,,,,,
0186,155389,open_set,A group of people are knitting .,A group of people,"13,55,512,512",,,,,,,,,,,,,,
0187,158531,open_set,Four Musicians are playing music on a baseball field .,Four Musicians,"5,116,507,501",,,,,,,,,,,,,,
0188,155439,open_set,A small child fingerpaints,A small child,"114,83,482,339",,,,,,,,,,,,,,
0189,156456,open_set,An Indian man is cooking using traditional ingredients .,An Indian man,"49,29,162,487",,,,,,,,,,,,,,
0190,156004,open_set,A little girl is swimming under the crystal blue water .,A little girl,"5,87,433,398",,,,,,,,,,,,,,
0191,154800,open_set,Two construction workers working in the middle of a city .,Two construction workers,"128,164,305,381",,,,,,,,,,,,,,
0192,156982,open_set,Three commuters sit on a train .,Three commuters,"1,35,450,512",,,,,,,,,,,,,,
0193,155579,open_set,A Louis Vuitton store window at night .,A Louis Vuitton store window,"259,197,485,448",,,,,,,,,,,,,,
0194,156364,open_set,A person in orange pants is skiing down a slope .,orange pants,"229,229,357,312",,,,,,,,,,,,,,
0195,156171,open_set,two people are looking off a cliff .,two people,"348,165,404,312",,,,,,,,,,,,,,
0196,154675,open_set,A baseball player hitting a home run .,A baseball player,"247,127,385,435",,,,,,,,,,,,,,
0197,157825,open_set,Teenage girl volunteering to help with some dirty work .,Teenage girl,"101,102,404,512",,,,,,,,,,,,,,
0198,156662,open_set,The fireman is looking something near him .,The fireman,"270,68,441,509",,,,,,,,,,,,,,
0199,156267,open_set,Two children are shown upside down .,Two children,"1,1,512,512",,,,,,,,,,,,,,
0200,155155,open_set,This is a bunch of people standing in line at what looks like a bicycle shop .,a bunch of people,"1,180,399,510",,,,,,,,,,,,,,
0201,156718,open_set,I 'm enjoying my new toy for Christmas .,my new toy,"296,174,380,256",,,,,,,,,,,,,,
0202,156959,open_set,A number 56 red racing car is speeding left past the frame .,A number 56 red racing car,"28,161,498,377",,,,,,,,,,,,,,
0203,158286,open_set,A group of cheerleaders perform at a football game .,A group of cheerleaders,"149,48,309,312",,,,,,,,,,,,,,
0204,157267,open_set,A guy is doing a skateboard trick at a skateboard park .,A guy,"50,1,448,510",,,,,,,,,,,,,,
0205,157279,open_set,A person skiing down a hill .,A person,"220,151,371,423",,,,,,,,,,,,,,
0206,156345,open_set,soccer player waiting with ball on side of soccer field,soccer player,"268,267,338,510",,,,,,,,,,,,,,
0207,156072,open_set,A man is kayaking through rough water .,A man,"164,168,440,424",,,,,,,,,,,,,,
0208,157548,open_set,Two guys are performing a show .,Two guys,"147,136,488,481",,,,,,,,,,,,,,
0209,157898,open_set,A dark-haired drummer is playing his set with enthusiasm .,A dark-haired drummer,"203,43,510,512",,,,,,,,,,,,,,
0210,154205,open_set,"A blue , red , and yellow airplane is flying through the air .","A blue , red , and yellow airplane","237,309,324,398",,,,,,,,,,,,,,
0211,155777,open_set,Three young adults sitting on top of a ledge .,Three young adults,"53,67,253,368",,,,,,,,,,,,,,
0212,155364,open_set,Two dogs on the beach .,Two dogs,"48,19,388,495",,,,,,,,,,,,,,
0213,157314,open_set,One child is reading to another .,One child,"8,45,304,512",,,,,,,,,,,,,,
0214,157967,open_set,This is a skier getting some nice jumps in .,a skier,"296,115,365,208",,,,,,,,,,,,,,
0215,156742,open_set,A young girl rides horseback .,A young girl,"30,14,375,349",,,,,,,,,,,,,,
0216,156756,open_set,A man known as Deleon speaks at a Q&A .,A man,"111,26,399,484",,,,,,,,,,,,,,
0217,154470,open_set,A busy historical cityscape with people painting and playing music .,people,"71,257,506,490",,,,,,,,,,,,,,
0218,155092,open_set,A woman sits reading at a laundromat .,A woman,"117,148,253,502",,,,,,,,,,,,,,
0219,156871,open_set,Father showing sons pictures on his camera .,his camera,"166,370,240,481",,,,,,,,,,,,,,
0220,157922,open_set,Shoppers walking down the street .,Shoppers,"201,20,455,452",,,,,,,,,,,,,,
0221,153958,open_set,A motorcycle rider drives fast around a curve on a track .,A motorcycle rider,"62,79,269,432",,,,,,,,,,,,,,
0222,157303,open_set,people are at a costume party .,people,"1,28,423,512",,,,,,,,,,,,,,
0223,158142,open_set,A man poses outside of some buildings .,A man,"13,44,365,512",,,,,,,,,,,,,,
0224,157165,open_set,A young inline skater takes a spin in the skate park .,A young inline skater,"177,167,367,375",,,,,,,,,,,,,,
0225,155562,open_set,A snowboarder soars through the air .,A snowboarder,"294,72,371,186",,,,,,,,,,,,,,
0226,155418,open_set,A police officer writes a ticket for poor parking .,A police officer,"130,164,185,428",,,,,,,,,,,,,,
0227,155673,open_set,A large crowd gathers for a night in the city .,A large crowd,"13,172,420,433",,,,,,,,,,,,,,
0228,157676,open_set,A woman is existing a crowded subway station .,A woman,"179,309,296,512",,,,,,,,,,,,,,
0229,155706,open_set,Two young adults walking in a street towards bright lights .,Two young adults,"171,138,397,455",,,,,,,,,,,,,,
0230,156721,open_set,A young woman performing a traditional dance .,A young woman,"124,34,429,510",,,,,,,,,,,,,,
0231,153975,open_set,Customers dining at a restaurant .,Customers,"1,61,457,512",,,,,,,,,,,,,,
0232,157538,open_set,Cyclists await the start of a race .,Cyclists,"110,215,367,512",,,,,,,,,,,,,,
0233,155008,open_set,A boy swings in the air .,A boy,"27,9,473,512",,,,,,,,,,,,,,
0234,154749,open_set,Three players participating in a team sport .,Three players,"39,167,502,390",,,,,,,,,,,,,,
0235,154207,open_set,A blue plane does loops as it heads down to earth .,A blue plane,"236,321,321,392",,,,,,,,,,,,,,
0236,157913,open_set,Two Asian students are trying to piece something back together .,Two Asian students,"10,1,512,465",,,,,,,,,,,,,,
0237,155608,open_set,A skateboarder in midair while doing a jump .,A skateboarder,"142,199,365,345",,,,,,,,,,,,,,
0238,158538,open_set,People standing near a street fair .,People,"43,140,512,512",,,,,,,,,,,,,,
0239,156907,open_set,A boy on the top of a slide .,A boy,"190,37,336,266",,,,,,,,,,,,,,
0240,157423,open_set,Two dogs play,Two dogs,"73,19,508,510",,,,,,,,,,,,,,
0241,155781,open_set,This gentleman just finished a refreshing swim .,This gentleman,"102,48,462,512",,,,,,,,,,,,,,
0242,157304,open_set,People at a costume party .,People,"1,28,423,512",,,,,,,,,,,,,,
0243,156369,open_set,Two people acting out a fight scene .,Two people,"29,14,496,512",,,,,,,,,,,,,,
0244,156363,open_set,Person in orange pant skiing in an event sponsored by VISA .,orange pant,"229,229,357,312",,,,,,,,,,,,,,
0245,155775,open_set,Many young people ar sitting on a wall and hanging out together .,Many young people,"53,67,253,368",,,,,,,,,,,,,,
0246,154891,open_set,A boy is posing for the camera .,A boy,"144,173,247,249",,,,,,,,,,,,,,
0247,155399,open_set,A group of men enjoy a day of fishing .,A group of men,"195,298,326,419",,,,,,,,,,,,,,
0248,155568,open_set,Lady brushing her teeth in the forest in the morning .,Lady,"95,15,510,512",,,,,,,,,,,,,,
0249,156473,open_set,Two dogs run across the barren ground .,Two dogs,"97,147,386,376",,,,,,,,,,,,,,
0250,155412,open_set,Two monks are walking together possibly contemplating life .,Two monks,"246,326,376,455",,,,,,,,,,,,,,
0251,153930,open_set,A man is jumping it a meadow,A man,"239,182,473,367",,,,,,,,,,,,,,
0252,154925,open_set,A large crowd of people at an outdoor event .,A large crowd of people,"3,199,369,512",,,,,,,,,,,,,,
0253,157737,open_set,Phone line workers doing repairs .,Phone line workers,"269,228,377,495",,,,,,,,,,,,,,
0254,154631,open_set,Mountain bike riders on a dirt trail .,Mountain bike riders,"128,118,350,453",,,,,,,,,,,,,,
0255,157037,open_set,A celebration with lots of people .,lots of people,"97,32,449,512",,,,,,,,,,,,,,
0256,155186,open_set,young boy surfing on blue water,young boy,"198,15,450,447",,,,,,,,,,,,,,
0257,157353,open_set,Three people are kayaking in dark waters .,Three people,"81,138,363,483",,,,,,,,,,,,,,
0258,154954,open_set,An older woman looks off into the distance as she sits at an outdoor restaurant .,An older woman,"125,106,252,492",,,,,,,,,,,,,,
0259,155374,open_set,A dog playing in some water .,A dog,"82,64,386,418",,,,,,,,,,,,,,
0260,156277,open_set,Two women hugging each other .,Two women,"108,28,504,512",,,,,,,,,,,,,,
0261,156664,open_set,The man in the photo is contemplating his next move .,The man,"1,1,448,331",,,,,,,,,,,,,,
0262,154960,open_set,A female and male bike riding on a sunny day .,A female and male bike,"94,53,203,423",,,,,,,,,,,,,,
0263,157543,open_set,Some kids are playing tug-of-war .,Some kids,"8,99,509,465",,,,,,,,,,,,,,
0264,155185,open_set,a young surfer surfs the large blue wave .,a young surfer,"198,15,450,447",,,,,,,,,,,,,,
0265,155705,open_set,Two young stylish people walk enthusiastically down a city street at night .,Two young stylish people,"171,138,397,455",,,,,,,,,,,,,,
0266,155819,open_set,A shoeless strapped in individual jumping with rubber bands attached is airborne .,individual,"168,151,379,334",,,,,,,,,,,,,,
0267,156350,open_set,A young boy is skating through a skating park .,A young boy,"58,3,350,512",,,,,,,,,,,,,,
0268,157667,open_set,Young woman celebrating her graduation .,Young woman,"178,159,395,510",,,,,,,,,,,,,,
0269,158558,open_set,The wedding couples families pose for a picture together .,families,"75,128,359,480",,,,,,,,,,,,,,
0270,157586,open_set,Two women pole dance in the middle of the street .,Two women,"183,58,352,435",,,,,,,,,,,,,,
0271,157785,open_set,A happy duo embraces in front of a computer .,a computer,"15,310,151,412",,,,,,,,,,,,,,
0272,157710,open_set,A roofer is patching up a hut in a village .,A roofer,"66,125,286,435",,,,,,,,,,,,,,
0273,158047,open_set,A large bonfire is burning at dusk .,A large bonfire,"41,406,458,508",,,,,,,,,,,,,,
0274,155188,open_set,A boy surfs .,A boy,"198,15,450,447",,,,,,,,,,,,,,
0275,156990,open_set,The little girl swings in the backyard .,The little girl,"212,1,512,379",,,,,,,,,,,,,,
0276,156091,open_set,The girl in the photograph appears to be enjoying some badminton .,The girl,"154,150,327,512",,,,,,,,,,,,,,
0277,157965,open_set,a skier is in the middle of performing a midair trick .,a skier,"296,115,365,208",,,,,,,,,,,,,,
0278,156049,open_set,The young athlete completes the swimming portion of the race .,The young athlete,"132,9,350,492",,,,,,,,,,,,,,
0279,155215,open_set,A person walking down a lonely corridor of columns .,A person,"358,259,396,329",,,,,,,,,,,,,,
0280,158577,open_set,A recently married couple pose for the camera .,A recently married couple,"97,106,439,512",,,,,,,,,,,,,,
0281,156807,open_set,A cowboy performing in a parade .,A cowboy,"233,128,307,392",,,,,,,,,,,,,,
0282,157117,open_set,A female tennis player swings for the ball .,A female tennis player,"55,89,510,502",,,,,,,,,,,,,,
0283,157438,open_set,A construction worker looking at something off-screen .,A construction worker,"291,250,343,424",,,,,,,,,,,,,,
0284,156852,open_set,Three friends have fun bicycling .,Three friends,"149,103,482,512",,,,,,,,,,,,,,
0285,158823,open_set,A little boy plays baseball with himself .,A little boy,"56,102,441,493",,,,,,,,,,,,,,
0286,156904,open_set,A child crouches at the top of a reflective playground slide .,A child,"190,37,336,266",,,,,,,,,,,,,,
0287,158060,open_set,Young boys having fun playing on a baseball field .,Young boys,"108,156,437,463",,,,,,,,,,,,,,
0288,157167,open_set,A boy is rollerblading in a skate park .,A boy,"177,167,367,375",,,,,,,,,,,,,,
0289,155093,open_set,Girl waiting at the laundry .,Girl,"117,148,253,502",,,,,,,,,,,,,,
0290,155682,open_set,Many workers in an Asian market work diligently .,Many workers,"26,185,456,331",,,,,,,,,,,,,,
0291,157012,open_set,Four people talking during a shopping trip .,Four people,"201,157,401,512",,,,,,,,,,,,,,
0292,157166,open_set,A young boy rollerblading in a cement skate park .,A young boy,"177,167,367,375",,,,,,,,,,,,,,
0293,157120,open_set,A saxophone player playing in a studio .,A saxophone player,"62,3,512,494",,,,,,,,,,,,,,
0294,158594,open_set,A band is playing outside .,A band,"11,51,498,441",,,,,,,,,,,,,,
0295,157302,open_set,The bloodied man is a hit at the haloween party .,The bloodied man,"282,125,423,512",,,,,,,,,,,,,,
0296,156194,open_set,A woman having her time thinking of how she will break away from her drinking husband,A woman,"277,296,362,457",,,,,,,,,,,,,,
0297,158261,open_set,A group of people are lined up inside waiting .,A group of people,"40,212,425,509",,,,,,,,,,,,,,
0298,155569,open_set,This is a woman brushing her teeth in the woods .,a woman,"95,15,510,512",,,,,,,,,,,,,,
0299,155321,open_set,A guitarist leads a congregation in worship .,A guitarist,"232,214,327,380",,,,,,,,,,,,,,
0300,155778,open_set,Kids sit on a ledge and talk .,Kids,"53,67,253,368",,,,,,,,,,,,,,
0301,156540,open_set,A group huddled together saying a little prayer .,A group,"1,38,406,512",,,,,,,,,,,,,,
0302,156187,open_set,"An old , beat-up jeep being towed away .","An old , beat-up jeep","88,94,432,444",,,,,,,,,,,,,,
0303,155103,open_set,A bike rider jumps through the air while being filmed .,A bike rider,"209,146,372,276",,,,,,,,,,,,,,
0304,155158,open_set,A crowd of people are standing around inside a bike shop .,A crowd of people,"106,226,402,382",,,,,,,,,,,,,,
0305,157228,open_set,A crowd of people stand in front of and on top of a stone pedestrian walkway .,a stone pedestrian walkway,"98,78,512,124",,,,,,,,,,,,,,
0306,156099,open_set,These people can find a resting place in the most unusual forms .,These people,"100,55,455,498",,,,,,,,,,,,,,
0307,157786,open_set,A young couple dancing in an apartment .,A young couple,"58,68,389,512",,,,,,,,,,,,,,
0308,157164,open_set,a young boy is rollerblading across a wide open space .,a young boy,"177,167,367,375",,,,,,,,,,,,,,
0309,155198,open_set,A couple standing in front of a major tourist spot .,A couple,"285,318,355,470",,,,,,,,,,,,,,
0310,156847,open_set,Asian cashier lady smiling .,Asian cashier lady,"284,146,478,364",,,,,,,,,,,,,,
0311,157885,open_set,Two children that have fallen asleep at a dance .,Two children,"232,210,512,502",,,,,,,,,,,,,,
0312,155033,open_set,A crowd scene in front of mosque .,mosque,"48,23,436,398",,,,,,,,,,,,,,
0313,158552,open_set,A group of parents are sitting at an outdoor assembly .,A group of parents,"53,195,328,380",,,,,,,,,,,,,,
0314,157092,open_set,Women are dancing outside .,Women,"1,40,512,512",,,,,,,,,,,,,,
0315,155253,open_set,Man jogging on a sunny day .,Man,"128,37,405,512",,,,,,,,,,,,,,
0316,157309,open_set,peoples sitting at the ground,peoples,"8,110,437,444",,,,,,,,,,,,,,
0317,154276,open_set,A man is standing on the streets taking photographs .,A man,"195,29,280,499",,,,,,,,,,,,,,
0318,158449,open_set,Two older men are having a conversation at a park .,Two older men,"2,80,510,512",,,,,,,,,,,,,,
0319,154587,open_set,a young man is skateboarding down the side of a road .,a young man,"392,242,440,478",,,,,,,,,,,,,,
0320,156796,open_set,A blond woman is walking on the street .,A blond woman,"118,139,293,512",,,,,,,,,,,,,,
0321,154810,open_set,Back view of a person showering .,Back view of a person,"105,87,323,512",,,,,,,,,,,,,,
0322,156302,open_set,a girl catches a baseball .,a girl,"95,38,346,445",,,,,,,,,,,,,,
0323,155711,open_set,A mountain climber has reached the top of a brown rock .,A mountain climber,"288,114,428,419",,,,,,,,,,,,,,
0324,155563,open_set,The snowboarder is in the air .,The snowboarder,"294,72,371,186",,,,,,,,,,,,,,
0325,154010,open_set,oriental lady jumping in the air with joy .,oriental lady,"142,86,301,327",,,,,,,,,,,,,,
0326,154201,open_set,A group of Asian girls are standing together .,A group of Asian girls,"2,27,494,512",,,,,,,,,,,,,,
0327,154185,open_set,People standing in line at a food service place .,People,"34,242,455,512",,,,,,,,,,,,,,
0328,155507,open_set,A bronze street performer pretends to make a movie while a confused boy watches .,a confused boy,"57,278,119,496",A bronze street performer,"338,15,411,368",,,,,,,,,,,,
0329,155020,open_set,Three young youths outside sitting on a cement bench very distant from each other .,a cement bench,"38,370,461,473",Three young youths,"12,215,505,480",,,,,,,,,,,,
0330,158390,open_set,A black and white dog is jumping up to catch a green Frisbee .,a green Frisbee,"250,146,281,193",A black and white dog,"97,191,278,479",,,,,,,,,,,,
0331,155195,open_set,"A couple takes their own picture in front of the Arc De TRiomphe , from across the street .",A couple,"285,318,355,470",the Arc De TRiomphe,"19,1,497,311",,,,,,,,,,,,
0332,154231,open_set,A small boy sits at the controls of a red moped .,A small boy,"202,67,445,508",the controls of a red moped,"150,279,234,350",,,,,,,,,,,,
0333,158713,open_set,Woman sitting surrounded by vegetables .,vegetables,"1,228,512,512",Woman,"172,25,367,356",,,,,,,,,,,,
0334,157537,open_set,A group of bicyclist having their arms around each other .,A group of bicyclist,"110,215,367,512",their arms,"109,274,338,395",,,,,,,,,,,,
0335,157274,open_set,Two older people talk in a group of people .,a group of people,"245,124,512,511",Two older people,"2,53,512,511",,,,,,,,,,,,
0336,156977,open_set,A girl in the background takes a picture as many people busily walk by .,A girl,"73,195,138,498",many people,"66,173,495,510",,,,,,,,,,,,
0337,154915,open_set,Two men playing horseshoes .,horseshoes,"200,348,306,415",Two men,"90,60,414,219",,,,,,,,,,,,
0338,155196,open_set,A couple is posing for a picture in front of the Arc de Triomphe .,A couple,"285,318,355,470",the Arc de Triomphe,"19,1,497,311",,,,,,,,,,,,
0339,158619,open_set,People are watching an outside presentation .,People,"1,230,460,512",an outside presentation,"287,144,512,298",,,,,,,,,,,,
0340,154466,open_set,The man does a trick on the fourwheeler .,the fourwheeler,"104,168,505,388",The man,"196,88,419,283",,,,,,,,,,,,
0341,155853,open_set,A dog runs in a field .,A dog,"75,242,368,472",a field,"1,235,512,512",,,,,,,,,,,,
0342,157266,open_set,A breakdancer displays an impressive handstand in a heavily graffiti tagged room .,A breakdancer,"50,1,448,510",an impressive handstand,"50,1,448,512",,,,,,,,,,,,
0343,155110,open_set,Two men in karate uniforms kicking each other .,Two men,"123,32,381,512",karate uniforms,"124,75,384,512",,,,,,,,,,,,
0344,155238,open_set,A group of kids playing with water guns .,water guns,"80,228,393,502",A group of kids,"103,116,463,512",,,,,,,,,,,,
0345,157805,open_set,It looks like the clown has fallen off the horse .,the horse,"131,147,394,466",the clown,"172,189,301,374",,,,,,,,,,,,
0346,154007,open_set,An asian woman is jumping in celebration in a park outside the city .,a park,"1,267,512,512",An asian woman,"142,86,301,327",,,,,,,,,,,,
0347,154008,open_set,A young Asian woman is jumping midair in a crowded city part .,a crowded city part,"1,267,512,512",A young Asian woman,"142,86,301,327",,,,,,,,,,,,
0348,158780,open_set,Two pilots are standing and talking in front of a British Airways airplane .,Two pilots,"87,309,234,512",a British Airways airplane,"30,128,510,421",,,,,,,,,,,,
0349,156523,open_set,Flaming are shooting from the rear of a race car .,the rear of a race car,"111,133,388,388",Flaming,"186,226,288,361",,,,,,,,,,,,
0350,155699,open_set,A basketball player with several blockers .,A basketball player,"21,120,424,512",several blockers,"165,9,512,512",,,,,,,,,,,,
0351,156457,open_set,A man wearing a blue apron is cooking in a kitchen .,a blue apron,"88,115,157,472",A man,"49,29,162,487",,,,,,,,,,,,
0352,155152,open_set,A gray dove in a bare tree .,a bare tree,"1,1,509,512",A gray dove,"222,241,267,312",,,,,,,,,,,,
0353,158351,open_set,A child begins to climb over a chain with water on the other side .,A child,"157,182,241,348",a chain,"4,178,434,349",,,,,,,,,,,,
0354,157194,open_set,The girl is climbing an artificial climbing wall .,The girl,"57,90,412,512",an artificial climbing wall,"2,6,512,512",,,,,,,,,,,,
0355,155902,open_set,Young girls practicing gymnastics .,Young girls,"44,16,512,512",gymnastics,"44,18,512,512",,,,,,,,,,,,
0356,155052,open_set,A policeman watches while many people participate in a marathon .,A policeman,"202,184,342,512",many people,"1,115,509,512",,,,,,,,,,,,
0357,158258,open_set,A group of people travel through a line along side a gorilla statue .,A group of people,"40,212,425,509",a gorilla statue,"206,185,262,239",,,,,,,,,,,,
0358,157605,open_set,The dog is barking while running down an obstacle .,The dog,"67,112,409,478",an obstacle,"120,339,468,512",,,,,,,,,,,,
0359,156817,open_set,Tennis players all standing around a court .,Tennis players,"55,91,477,465",all,"55,91,477,465",,,,,,,,,,,,
0360,158055,open_set,Three guys hanging out outside of a fruit stand .,Three guys,"334,206,509,472",outside of a fruit stand,"24,63,347,440",,,,,,,,,,,,
0361,155108,open_set,A lone hiker walking along a path in a high mountainous area .,A lone hiker,"135,181,205,419",a path,"3,276,301,512",,,,,,,,,,,,
0362,156475,open_set,Two dogs running on the beach .,the beach,"2,31,509,509",Two dogs,"97,147,386,376",,,,,,,,,,,,
0363,156242,open_set,Two men looking at a bulldozer .,a bulldozer,"163,1,510,512",Two men,"46,42,310,510",,,,,,,,,,,,
0364,155408,open_set,A tan dog swims around in the water .,the water,"1,213,510,512",A tan dog,"70,90,507,465",,,,,,,,,,,,
0365,158084,open_set,A family sits at the beach while swimmers can be seen in the background .,swimmers,"281,296,450,338",A family,"51,282,236,404",,,,,,,,,,,,
0366,157055,open_set,a blond little girl is playing with shoes .,shoes,"212,198,344,375",a blond little girl,"212,92,367,322",,,,,,,,,,,,
0367,153983,open_set,A dog running fast in the sand .,A dog,"37,18,297,456",the sand,"3,2,510,507",,,,,,,,,,,,
0368,156455,open_set,A singer is performing before a small crowd outside .,A singer,"243,18,502,508",a small crowd outside,"25,26,512,356",,,,,,,,,,,,
0369,154012,open_set,The man stands on the scaffolding as he looks outward .,The man,"197,169,308,407",the scaffolding,"137,2,512,474",,,,,,,,,,,,
0370,158097,open_set,A man jumps into the blue water pool .,the blue water pool,"1,379,512,512",A man,"43,124,453,369",,,,,,,,,,,,
0371,154910,open_set,A teenage boy wearing a cap looks irritated,a cap,"45,40,278,191",A teenage boy,"40,44,512,512",,,,,,,,,,,,
0372,158389,open_set,A man is reading a newspaper .,A man,"229,202,433,505",a newspaper,"244,395,405,439",,,,,,,,,,,,
0373,158054,open_set,Three men stand beside a blue produce stall outside .,Three men,"334,206,509,472",a blue produce stall outside,"24,63,347,440",,,,,,,,,,,,
0374,156005,open_set,A girl is about to emerge from a swimming pool .,a swimming pool,"3,1,510,512",A girl,"5,87,433,398",,,,,,,,,,,,
0375,154453,open_set,a large brown dog trying to catch a small white puppy from behind,a small white puppy,"249,293,312,407",a large brown dog,"1,1,282,439",,,,,,,,,,,,
0376,155168,open_set,A man takes a picture in a crowd .,A man,"274,160,512,510",a crowd,"3,179,512,512",,,,,,,,,,,,
0377,155339,open_set,A player fell down onto a hard court in women 's volleyball .,a hard court,"1,261,510,512",A player,"1,284,105,337",,,,,,,,,,,,
0378,156112,open_set,A skateboarder goes down a railing .,A skateboarder,"208,101,301,253",a railing,"1,117,512,375",,,,,,,,,,,,
0379,155322,open_set,A man playing the music for a couple .,a couple,"138,212,417,434",A man,"232,214,327,380",,,,,,,,,,,,
0380,158695,open_set,This dog is jumping through the water .,the water,"1,151,510,512",This dog,"123,174,408,366",,,,,,,,,,,,
0381,157136,open_set,A smiling child with Christmas colored clothing .,A smiling child,"4,10,445,501",Christmas colored clothing,"4,10,445,501",,,,,,,,,,,,
0382,157765,open_set,Boy in camouflage yankee 's hat staring .,camouflage yankee 's hat,"160,4,354,169",Boy,"62,4,415,512",,,,,,,,,,,,
0383,154101,open_set,The workers are wearing reflective jackets for working at night .,reflective jackets,"68,250,285,309",The workers,"64,230,290,364",,,,,,,,,,,,
0384,156247,open_set,A young girl in a pool .,A young girl,"5,2,476,508",a pool,"5,2,476,508",,,,,,,,,,,,
0385,155138,open_set,Cars line up in a very busy road in the middle of the city .,a very busy road,"1,276,418,512",Cars,"2,279,506,441",,,,,,,,,,,,
0386,154354,open_set,A group of video cameras recording from behind a barricade .,a barricade,"91,318,279,481",A group of video cameras,"134,215,403,486",,,,,,,,,,,,
0387,154082,open_set,A boy jumping to hit a tennis ball with his racket,A boy,"107,56,351,431",his racket,"152,2,187,90",,,,,,,,,,,,
0388,158319,open_set,A boy or young man is playing a ballgame on a beach .,a beach,"4,72,510,430",A boy or young man,"200,217,318,512",,,,,,,,,,,,
0389,154789,open_set,a black and white dog trying to bite a stream of water,a stream of water,"247,19,355,437",a black and white dog,"1,54,512,478",,,,,,,,,,,,
0390,157859,open_set,Small child with blue floaties on bending over at the beach .,Small child,"137,48,401,478",blue floaties,"69,62,449,237",,,,,,,,,,,,
0391,157292,open_set,A man does mechanic work on a dune buggy .,a dune buggy,"47,68,457,494",A man,"57,126,171,502",,,,,,,,,,,,
0392,158366,open_set,"Performing some bike maintenance , the lady lubricates a frame before assembly is completed .",the lady,"204,1,508,510",a frame,"1,2,296,457",,,,,,,,,,,,
0393,154125,open_set,A woman hanging out of a car window in order to try and get a better look at something up ahead .,a car window,"54,279,265,457",A woman,"114,97,464,500",,,,,,,,,,,,
0394,158010,open_set,A girl inside a long tubular slide .,A girl,"144,66,368,484",a long tubular slide,"3,1,512,510",,,,,,,,,,,,
0395,154900,open_set,A man on a half pipe doing a skateboard trick .,a half pipe,"1,274,510,512",A man,"187,73,306,222",,,,,,,,,,,,
0396,154672,open_set,Soldier riding a white horse .,a white horse,"21,129,509,471",Soldier,"133,22,275,328",,,,,,,,,,,,
0397,154721,open_set,Children play in a park with bright blue tunnels .,Children,"80,175,185,512",bright blue tunnels,"193,209,512,473",,,,,,,,,,,,
0398,157254,open_set,Man in a sweater pointing at the camera .,Man,"12,15,510,510",a sweater,"151,169,504,510",,,,,,,,,,,,
0399,155821,open_set,A person is flipping upside down while attached to some bungee cords .,A person,"168,151,379,334",some bungee cords,"239,1,459,512",,,,,,,,,,,,
0400,156234,open_set,"A skateboarder does a trick in the air , another watches and so does a crowd .",A skateboarder,"193,128,418,285",a crowd,"126,320,376,396",,,,,,,,,,,,
0401,156322,open_set,A man standing in the water .,the water,"2,142,509,512",A man,"231,218,276,385",,,,,,,,,,,,
0402,155644,open_set,A woman using a sewing machine .,a sewing machine,"289,147,510,508",A woman,"2,3,332,512",,,,,,,,,,,,
0403,157520,open_set,A group of women are standing together in a line looking at books .,books,"2,248,358,490",A group of women,"1,50,512,512",,,,,,,,,,,,
0404,158523,open_set,A group of people wait in similar attire .,A group of people,"1,16,509,512",similar attire,"1,16,512,512",,,,,,,,,,,,
0405,155463,open_set,Young man in an classroom creating Art .,Young man,"140,22,441,339",an classroom,"1,2,512,512",,,,,,,,,,,,
0406,155207,open_set,two men playing a saxophone .,a saxophone,"126,153,306,365",two men,"30,41,411,512",,,,,,,,,,,,
0407,156312,open_set,A young boys shows off a beaded necklace .,A young boys,"4,30,509,512",a beaded necklace,"123,200,347,414",,,,,,,,,,,,
0408,157536,open_set,Men in colorful shirts show camaraderie after a bicycle race .,Men,"110,215,367,512",colorful shirts,"1,245,512,512",,,,,,,,,,,,
0409,155359,open_set,A man demonstrating how a computer system works .,A man,"1,96,195,512",a computer system,"169,262,512,512",,,,,,,,,,,,
0410,155998,open_set,A goalie in the hockey game is in a stance while watching what is happening during the game .,A goalie,"152,57,460,491",a stance,"152,57,460,491",,,,,,,,,,,,
0411,156256,open_set,A blond-haired woman squinting and wearing a bright yellow shirt .,A blond-haired woman,"90,15,335,510",a bright yellow shirt,"146,207,334,512",,,,,,,,,,,,
0412,155744,open_set,Two girls walking down the street .,Two girls,"45,35,467,485",the street,"6,394,512,512",,,,,,,,,,,,
0413,156528,open_set,Young children playing homemade instruments .,Young children,"108,3,502,512",homemade instruments,"159,264,394,512",,,,,,,,,,,,
0414,155704,open_set,A man about to eat fire in the town square .,A man,"123,152,339,512",fire,"137,55,271,259",,,,,,,,,,,,
0415,158526,open_set,A person walks along the shoulder of a road in the desert .,A person,"372,335,403,420",the shoulder of a road,"246,336,454,512",,,,,,,,,,,,
0416,155448,open_set,Two people walking down some stairs .,Two people,"336,53,378,212",some stairs,"160,6,510,418",,,,,,,,,,,,
0417,154294,open_set,two big brown dogs running through the snow .,the snow,"1,1,510,512",two big brown dogs,"25,49,437,477",,,,,,,,,,,,
0418,156819,open_set,A young soccer player is about to kick the ball presumably to another player .,the ball,"96,380,198,459",A young soccer player,"167,25,400,436",,,,,,,,,,,,
0419,154052,open_set,School children running through the play yard .,School children,"32,15,510,467",the play yard,"1,76,512,491",,,,,,,,,,,,
0420,157665,open_set,"A young girl , the recipient of a dozen roses , is at an outdoor party .",A young girl,"178,159,395,510",the recipient of a dozen roses,"178,159,395,510",,,,,,,,,,,,
0421,158362,open_set,A young girl in a swimming suit jumps into a body of water .,A young girl,"154,52,440,510",a swimming suit,"193,180,354,344",,,,,,,,,,,,
0422,154551,open_set,A person is standing in front of a small shack .,a small shack,"59,7,420,492",A person,"152,219,234,507",,,,,,,,,,,,
0423,158709,open_set,A man on the field is throwing a long stick,a long stick,"2,1,205,459",A man,"100,59,512,512",,,,,,,,,,,,
0424,154332,open_set,A man is walking a small horse .,A man,"315,44,403,464",a small horse,"204,84,336,344",,,,,,,,,,,,
0425,155109,open_set,One man kicks another in the shoulder at a martial arts event .,the shoulder,"355,84,381,129",One man,"123,50,365,512",,,,,,,,,,,,
0426,158644,open_set,Two young boys are shaking hands outside .,hands,"240,249,258,285",Two young boys,"131,89,362,505",,,,,,,,,,,,
0427,157432,open_set,A man is leaning on a counter .,a counter,"283,308,477,512",A man,"149,184,318,509",,,,,,,,,,,,
0428,154745,open_set,Two woman are in a warehouse wearing mask .,mask,"216,76,434,245",Two woman,"183,49,512,512",,,,,,,,,,,,
0429,156957,open_set,The woman is looking at a smoky exhibit .,a smoky exhibit,"67,209,512,473",The woman,"2,21,305,406",,,,,,,,,,,,
0430,157346,open_set,A small child wonders why on earth he 's in a suitcase .,a suitcase,"98,202,485,490",A small child,"203,50,353,390",,,,,,,,,,,,
0431,155449,open_set,People walk down steps .,People,"336,53,378,212",steps,"160,6,510,418",,,,,,,,,,,,
0432,157322,open_set,Men are standing around produce at an open market .,Men,"3,20,512,505",produce,"48,307,451,507",,,,,,,,,,,,
0433,155521,open_set,Several children and jumping on a trampoline in the snow .,a trampoline,"1,242,452,512",Several children,"12,1,371,512",,,,,,,,,,,,
0434,158270,open_set,A woman helping a toddler to swim in a pool .,a toddler,"198,121,423,389",A woman,"11,83,295,319",,,,,,,,,,,,
0435,157472,open_set,Small dog jumps sideways to catch a soft disc .,Small dog,"62,57,471,454",a soft disc,"197,166,294,239",,,,,,,,,,,,
0436,158308,open_set,Two young children are throwing hay .,hay,"198,324,326,438",Two young children,"109,119,464,444",,,,,,,,,,,,
0437,156128,open_set,Four guys standing around the bed of a white pickup truck .,the bed of a white pickup truck,"59,186,494,455",Four guys,"77,181,318,453",,,,,,,,,,,,
0438,155617,open_set,A woman jumping over a bar during the day .,A woman,"162,261,413,440",a bar,"3,313,512,335",,,,,,,,,,,,
0439,155683,open_set,Workers preparing foo in a restaurant .,Workers,"26,185,456,331",a restaurant,"2,1,510,510",,,,,,,,,,,,
0440,157207,open_set,The boy with the skateboard is taking a break .,The boy,"178,21,512,458",the skateboard,"131,281,475,351",,,,,,,,,,,,
0441,157642,open_set,A lioness closes in on its prey .,A lioness,"1,238,286,381",its prey,"270,147,464,378",,,,,,,,,,,,
0442,157611,open_set,A woman stands next to a child who is riding on a toy .,A woman,"97,34,228,484",a toy,"332,187,465,490",,,,,,,,,,,,
0443,156685,open_set,A black and white puppy with ears straight up is running .,A black and white puppy,"154,44,420,468",ears,"228,46,385,210",,,,,,,,,,,,
0444,155089,open_set,A young woman is reading a novel in front of a row of sky blue washing machines .,A young woman,"117,148,253,502",a novel,"131,219,205,281",,,,,,,,,,,,
0445,157577,open_set,Baseball players running to field .,field,"1,317,512,512",Baseball players,"35,84,471,463",,,,,,,,,,,,
0446,154541,open_set,A father and his son cuddle while sleeping .,his son,"80,133,350,394",A father,"79,72,505,454",,,,,,,,,,,,
0447,154054,open_set,Four boys run down a stone paved sidewalk .,Four boys,"32,15,510,467",a stone paved sidewalk,"1,76,512,491",,,,,,,,,,,,
0448,154129,open_set,A blond woman leaning on her car door talking .,her car door,"83,286,269,431",A blond woman,"114,97,464,500",,,,,,,,,,,,
0449,157485,open_set,A parade of men hold red and yellow flags as they wave them proudly .,flags,"95,35,324,320",A parade of men,"60,165,512,462",,,,,,,,,,,,
0450,155713,open_set,A climber is scaling a mountain cliff .,a mountain cliff,"1,1,471,326",A climber,"288,114,428,419",,,,,,,,,,,,
0451,154157,open_set,A baby boy posing for a picture in an elmo shirt .,A baby boy,"135,46,487,507",an elmo shirt,"132,225,456,512",,,,,,,,,,,,
0452,156282,open_set,Little girl covering her eyes !,her eyes,"200,173,351,234",Little girl,"116,104,512,510",,,,,,,,,,,,
0453,154987,open_set,A man working with three children around him .,A man,"171,47,344,508",three children,"4,163,510,512",,,,,,,,,,,,
0454,154901,open_set,A man is skating on a vert ramp,a vert ramp,"1,274,510,512",A man,"187,73,306,222",,,,,,,,,,,,
0455,155841,open_set,Four teenagers in Gothic clothes are walking in a neighborhood .,Four teenagers,"43,122,435,512",Gothic clothes,"40,194,435,512",,,,,,,,,,,,
0456,157702,open_set,A person does a back flip into the water .,the water,"1,55,512,512",A person,"222,192,366,337",,,,,,,,,,,,
0457,155388,open_set,Man in a sweater learning to knit .,Man,"165,90,458,510",a sweater,"233,189,460,506",,,,,,,,,,,,
0458,154293,open_set,Two brown dogs are running over snow in a line .,snow,"1,1,510,512",Two brown dogs,"25,49,437,477",,,,,,,,,,,,
0459,155059,open_set,A little girl walking away from her bicycle and walking down the street .,A little girl,"114,66,214,510",her bicycle,"351,170,453,346",,,,,,,,,,,,
0460,156524,open_set,Fire is coming out of the back of a race car .,the back of a race car,"111,133,388,388",Fire,"186,226,288,361",,,,,,,,,,,,
0461,155930,open_set,Two women playing beach volleyball are jumping in the air for the ball .,the ball,"70,37,133,76",Two women,"39,43,282,455",,,,,,,,,,,,
0462,156574,open_set,A dog wrestles with a plastic bag .,a plastic bag,"61,223,424,490",A dog,"23,2,395,512",,,,,,,,,,,,
0463,158812,open_set,Three women standing next to each other are smiling in front of a Christmas tree .,Three women,"120,104,406,512",a Christmas tree,"102,3,254,376",,,,,,,,,,,,
0464,158143,open_set,A large amount of older people are sitting in a room full of tables talking with each other .,A large amount of older people,"2,124,512,512",a room full of tables,"2,251,512,509",,,,,,,,,,,,
0465,154486,open_set,A couple is sitting at a restaurant in front of a big fish sign .,a big fish sign,"122,8,408,244",A couple,"62,228,497,506",,,,,,,,,,,,
0466,154119,open_set,A young man wearing white gloves and gardening .,A young man,"214,106,370,438",white gloves,"218,338,276,446",,,,,,,,,,,,
0467,154736,open_set,Dogs near the edge of water .,the edge of water,"1,176,512,512",Dogs,"226,53,340,271",,,,,,,,,,,,
0468,156266,open_set,Two kids laying on a bed upside down,Two kids,"1,1,512,512",a bed,"5,186,506,512",,,,,,,,,,,,
0469,158468,open_set,A skateboarder goes down a stair railing .,A skateboarder,"297,16,478,304",a stair railing,"125,196,455,478",,,,,,,,,,,,
0470,157757,open_set,Someone bent down cleaning poles .,Someone,"146,305,321,434",cleaning poles,"289,1,512,503",,,,,,,,,,,,
0471,157358,open_set,A young woman paints on a large community mural .,A young woman,"4,5,295,201",a large community mural,"4,28,510,509",,,,,,,,,,,,
0472,156460,open_set,A man in a blue apron in a kitchen .,a blue apron,"88,115,157,472",A man,"49,29,162,487",,,,,,,,,,,,
0473,154618,open_set,a woman is looking away from two small children playing in a fountain .,a woman,"346,103,437,391",two small children,"72,223,223,406",,,,,,,,,,,,
0474,156362,open_set,Men working on a billboard .,Men,"12,23,136,296",a billboard,"1,82,512,510",,,,,,,,,,,,
0475,155862,open_set,Small girl plays on top of a black iron machine .,Small girl,"218,91,353,380",a black iron machine,"5,1,512,509",,,,,,,,,,,,
0476,158672,open_set,A woman focuses her digital camera at major event .,her digital camera,"93,100,247,181",A woman,"4,93,508,512",,,,,,,,,,,,
0477,157993,open_set,A brown squirrel jumps into the air in a snowy area .,A brown squirrel,"205,78,477,310",a snowy area,"1,3,512,465",,,,,,,,,,,,
0478,154876,open_set,A big hound dog walking on a log in the woods .,a log,"4,285,512,507",A big hound dog,"271,182,435,384",,,,,,,,,,,,
0479,158065,open_set,a brown dog is leaping into a garden swimming pool .,a garden swimming pool,"1,225,481,512",a brown dog,"243,158,479,358",,,,,,,,,,,,
0480,158524,open_set,five Japanese ladies wear red bandanas,five Japanese ladies,"1,16,509,512",red bandanas,"389,76,512,202",,,,,,,,,,,,
0481,156136,open_set,A man pulling a heavy cart full of bricks .,a heavy cart full of bricks,"1,200,309,512",A man,"179,87,331,512",,,,,,,,,,,,
0482,157836,open_set,A man is standing next to a large black lion statue .,a large black lion statue,"198,39,512,512",A man,"19,249,142,512",,,,,,,,,,,,
0483,157581,open_set,An older man stand outside of a shop window .,a shop window,"20,7,269,378",An older man,"53,212,117,502",,,,,,,,,,,,
0484,157534,open_set,Competitors getting ready to compete in a grand opening event hosted by the chief executive,Competitors,"110,215,367,512",the chief executive,"251,237,354,512",,,,,,,,,,,,
0485,156573,open_set,Small puppy stands on top of plastic bag .,plastic bag,"61,223,424,490",Small puppy,"23,2,395,512",,,,,,,,,,,,
0486,158009,open_set,A young girl going down a tube slide .,A young girl,"144,66,368,484",a tube slide,"3,1,512,510",,,,,,,,,,,,
0487,156227,open_set,three men with football in air,three men,"7,108,512,512",football,"253,13,382,83",,,,,,,,,,,,
0488,157760,open_set,Two people walking across a wooden and orange bridge .,Two people,"159,338,269,490",a wooden and orange bridge,"1,256,508,510",,,,,,,,,,,,
0489,157132,open_set,A man is leaning against a wall .,A man,"179,152,358,503",a wall,"1,2,186,512",,,,,,,,,,,,
0490,157072,open_set,Three old men are playing domino 's .,domino 's,"118,356,302,439",Three old men,"2,70,342,510",,,,,,,,,,,,
0491,156030,open_set,A young boy and a young girl walking towards each other,a young girl,"323,225,380,423",A young boy,"167,236,223,476",,,,,,,,,,,,
0492,157652,open_set,Two boys sit on a trampoline .,a trampoline,"1,221,438,506",Two boys,"30,90,311,371",,,,,,,,,,,,
0493,156857,open_set,2 girls are outside working on their bicycles,2 girls,"15,148,486,512",their bicycles,"26,41,309,472",,,,,,,,,,,,
0494,158721,open_set,A black and white dog is bounding down white steps .,A black and white dog,"76,36,423,271",white steps,"1,60,512,466",,,,,,,,,,,,
0495,158102,open_set,a woman is loading the dishwasher in the evening after dinner .,a woman,"398,93,497,510",the dishwasher,"190,331,308,512",,,,,,,,,,,,
0496,157227,open_set,Construction workers are unwinding some cable .,some cable,"245,166,294,418",Construction workers,"233,121,302,179",,,,,,,,,,,,
0497,158844,open_set,An older man holding a newborn baby .,An older man,"56,6,512,510",a newborn baby,"147,203,377,512",,,,,,,,,,,,
0498,158456,open_set,"Two women looking at a food vendor , considering if they want to buy something .",a food vendor,"64,141,181,512",Two women,"64,61,418,512",,,,,,,,,,,,
0499,155633,open_set,A yellow dog is jumping to catch a toy in a park .,a toy,"361,187,395,253",A yellow dog,"151,99,395,472",,,,,,,,,,,,
0500,156653,open_set,A baby plays with a young boys face .,a young boys face,"237,88,354,172",A baby,"43,31,297,272",,,,,,,,,,,,
0501,157433,open_set,A man leans against a table .,a table,"283,308,477,512",A man,"149,184,318,509",,,,,,,,,,,,
0502,157952,open_set,Two people walking in a field .,a field,"1,136,512,512",Two people,"146,126,320,315",,,,,,,,,,,,
0503,154728,open_set,An asian woman in traditional attire is standing outside .,An asian woman,"175,7,496,512",traditional attire,"180,236,479,512",,,,,,,,,,,,
0504,154045,open_set,Workmen are working in a stairwell .,Workmen,"264,168,337,300",a stairwell,"111,246,501,510",,,,,,,,,,,,
0505,154817,open_set,An elderly looking woman is hanging up clothes to dry in what appears to be an old town or neighborhood .,An elderly looking woman,"94,69,274,495",clothes,"110,174,305,423",,,,,,,,,,,,
0506,154831,open_set,A couple sits on a car .,a car,"43,483,333,512",A couple,"68,73,448,509",,,,,,,,,,,,
0507,156681,open_set,A man taking a picture of a group of people in a park .,a group of people,"11,105,278,508",A man,"364,96,483,510",,,,,,,,,,,,
0508,155774,open_set,Three young people sit on a wall while two older people walk past .,two older people,"184,208,387,512",Three young people,"53,67,253,368",,,,,,,,,,,,
0509,157021,open_set,A man pumping gas at a gas station .,gas,"256,314,304,367",A man,"206,211,288,466",,,,,,,,,,,,
0510,158722,open_set,A tri-colored dog is jumping over obstacles .,A tri-colored dog,"76,36,423,271",obstacles,"1,60,512,466",,,,,,,,,,,,
0511,156272,open_set,A man reaching for someone on the grass .,A man,"2,42,452,436",someone,"3,239,222,508",,,,,,,,,,,,
0512,158409,open_set,A dog is jumping through the water .,A dog,"89,81,290,424",the water,"2,238,512,512",,,,,,,,,,,,
0513,154271,open_set,A police officer in a yellow vest directs traffic .,a yellow vest,"175,126,392,417",A police officer,"9,7,503,512",,,,,,,,,,,,
0514,157902,open_set,A very excited drummer playing the drums .,the drums,"1,250,355,512",A very excited drummer,"203,43,510,512",,,,,,,,,,,,
0515,157246,open_set,Beautiful woman in black doing a low twist like a 1980 's breakdancer .,Beautiful woman,"97,44,394,492",black,"139,96,355,470",,,,,,,,,,,,
0516,158757,open_set,A group of people have a candlelight vigil in honor of saving trees .,A group of people,"11,50,439,512",a candlelight vigil,"14,161,256,292",,,,,,,,,,,,
0517,154490,open_set,One woman is smoking and talking to another woman .,One woman,"80,176,217,512",another woman,"80,176,217,512",,,,,,,,,,,,
0518,158838,open_set,The young man is waiting with others on the sidewalk .,the sidewalk,"1,399,512,510",The young man,"200,37,510,394",,,,,,,,,,,,
0519,155553,open_set,A female gymnast in black and red being coached on bar skills .,black and red,"79,98,356,418",A female gymnast,"7,82,352,463",,,,,,,,,,,,
0520,155151,open_set,A bird sits in a leafless tree .,a leafless tree,"1,1,509,512",A bird,"222,241,267,312",,,,,,,,,,,,
0521,155163,open_set,A rock climber in the forest .,the forest,"111,1,512,401",A rock climber,"178,322,267,467",,,,,,,,,,,,
0522,154163,open_set,People under a blue umbrella walking .,People,"325,53,510,502",a blue umbrella,"182,10,441,152",,,,,,,,,,,,
0523,157473,open_set,A dog catching a Frisbee .,A dog,"62,57,471,454",a Frisbee,"197,166,294,239",,,,,,,,,,,,
0524,158868,open_set,A boy smiles in front of a stony wall in a city .,a stony wall,"2,49,507,324",A boy,"174,80,291,512",,,,,,,,,,,,
0525,157373,open_set,Male nun smoking a cigarette .,Male nun,"4,18,512,510",a cigarette,"291,244,317,265",,,,,,,,,,,,
0526,156633,open_set,a construction worker sitting on a rock making a phone call .,a rock,"164,393,200,410",a construction worker,"174,255,262,418",,,,,,,,,,,,
0527,155687,open_set,A lady is giving a speech dealing with the Armenian genocide .,A lady,"156,110,271,243",the Armenian genocide,"152,241,342,451",,,,,,,,,,,,
0528,156612,open_set,There is a little girl running on the beach .,the beach,"2,322,512,512",a little girl,"107,106,347,509",,,,,,,,,,,,
0529,154592,open_set,Woman looking curiously at a man .,a man,"224,159,445,512",Woman,"10,185,246,512",,,,,,,,,,,,
0530,153960,open_set,A man racing on a motorbike,a motorbike,"50,110,480,467",A man,"62,79,269,432",,,,,,,,,,,,
0531,157869,open_set,A casually dressed young-lady fixing her shoe which has come untied .,A casually dressed young-lady,"60,84,419,512",her shoe,"244,363,408,436",,,,,,,,,,,,
0532,155382,open_set,People all around on a hot sunny day watching a large tan stick get thrown .,People,"2,277,510,482",a large tan stick,"225,33,393,341",,,,,,,,,,,,
0533,155686,open_set,A middle eastern woman is talking into a microphone at a protest event .,A middle eastern woman,"156,110,271,243",a microphone,"224,180,272,249",,,,,,,,,,,,
0534,156393,open_set,A poor family is leaving their home with only a few belongings .,A poor family,"64,52,486,435",only a few belongings,"61,256,500,370",,,,,,,,,,,,
0535,154951,open_set,A young boy stretches up to touch an airplane propeller .,A young boy,"21,280,112,458",an airplane propeller,"1,35,510,391",,,,,,,,,,,,
0536,154794,open_set,Multiple people work on laptops in an officer setting .,laptops,"81,212,432,417",Multiple people,"8,166,512,510",,,,,,,,,,,,
0537,157542,open_set,Local children play tug-of-war in front of a crowd .,Local children,"8,99,509,465",a crowd,"73,1,508,332",,,,,,,,,,,,
0538,155843,open_set,Two girls and two guys walking down the street .,two guys,"43,122,435,512",Two girls,"173,208,343,512",,,,,,,,,,,,
0539,155801,open_set,Two girls fight for the soccer ball while playing soccer on the grass .,the soccer ball,"366,258,423,325",Two girls,"48,15,471,461",,,,,,,,,,,,
0540,158069,open_set,A woman with a black belt is doing some form of martial arts .,a black belt,"155,242,302,385",A woman,"44,47,458,480",,,,,,,,,,,,
0541,158752,open_set,A crowd is watching runners during a marathon .,runners,"44,229,348,413",A crowd,"373,206,510,505",,,,,,,,,,,,
0542,154758,open_set,Several African American children are walking with a Caucasian adult man .,Several African American children,"39,137,416,510",a Caucasian adult man,"157,63,264,199",,,,,,,,,,,,
0543,154600,open_set,ladies dancing on a field while people watch .,ladies,"1,68,449,477",people,"1,173,457,348",,,,,,,,,,,,
0544,156600,open_set,a man kneeling on the ground surrounded by several cats,a man,"197,34,308,211",several cats,"108,125,396,322",,,,,,,,,,,,
0545,158087,open_set,family sits on beach with a blue cooler .,a blue cooler,"151,339,197,401",family,"51,282,236,404",,,,,,,,,,,,
0546,158363,open_set,A little girl in a bathing suit leaps up in the water .,A little girl,"154,52,440,510",a bathing suit,"193,180,354,344",,,,,,,,,,,,
0547,156142,open_set,Someone having a good time mixing up some batter .,Someone,"3,4,336,512",some batter,"302,305,441,425",,,,,,,,,,,,
0548,155046,open_set,A choir and an orchestra performing a musical piece in some kind of theater hall .,an orchestra,"227,249,299,439",A choir,"14,230,43,378",,,,,,,,,,,,
0549,157842,open_set,A person is standing in a costume on a street .,a costume,"1,162,320,445",A person,"5,128,312,441",,,,,,,,,,,,
0550,157917,open_set,Two people creating an art project .,an art project,"71,443,355,512",Two people,"10,1,512,465",,,,,,,,,,,,
0551,156747,open_set,A man is milling wood at a festival .,A man,"51,132,234,449",wood,"198,357,258,421",,,,,,,,,,,,
0552,155755,open_set,a small black dog growling at a large brown and white cow .,a large brown and white cow,"217,3,510,410",a small black dog,"33,247,183,452",,,,,,,,,,,,
0553,157146,open_set,A policeman is standing outside a church .,a church,"3,1,506,451",A policeman,"277,102,355,437",,,,,,,,,,,,
0554,157408,open_set,Women play lacrosse .,lacrosse,"235,114,512,338",Women,"1,37,304,512",,,,,,,,,,,,
0555,154725,open_set,"A three-person band plays in a dark venue , with blue and red backlighting",A three-person band,"5,293,512,488",blue and red,"1,163,498,464",,,,,,,,,,,,
0556,155743,open_set,Two young girls wearing goth clothes .,goth clothes,"51,94,443,487",Two young girls,"45,35,467,485",,,,,,,,,,,,
0557,156981,open_set,Three people are sitting on a subway car .,a subway car,"1,1,512,512",Three people,"1,35,450,512",,,,,,,,,,,,
0558,154073,open_set,couple in black possibly about to kiss on street .,couple,"66,116,447,512",black,"270,211,438,512",,,,,,,,,,,,
0559,154147,open_set,A little boy in overalls crying .,overalls,"214,187,363,462",A little boy,"145,1,480,512",,,,,,,,,,,,
0560,155995,open_set,One man checks out a bicycle in a shop while another sits nearby .,One man,"125,146,286,479",a bicycle,"195,157,465,510",,,,,,,,,,,,
0561,158037,open_set,A woman is sitting outside writing in a notebook .,A woman,"70,9,313,502",a notebook,"147,87,210,174",,,,,,,,,,,,
0562,155404,open_set,the little girl in pink is looking outside,pink,"210,281,241,385",the little girl,"205,247,246,401",,,,,,,,,,,,
0563,157656,open_set,young people on stage in front of an audience .,an audience,"1,378,509,512",young people,"45,202,488,375",,,,,,,,,,,,
0564,154044,open_set,Workers within a stairwell under construction .,Workers,"264,168,337,300",a stairwell,"111,246,501,510",,,,,,,,,,,,
0565,158061,open_set,An young overweight male pitches a ball .,An young overweight male,"337,156,437,463",a ball,"261,135,277,171",,,,,,,,,,,,
0566,155345,open_set,A woman wearing a pearl necklace .,a pearl necklace,"75,235,299,319",A woman,"1,3,508,512",,,,,,,,,,,,
0567,157061,open_set,Man in a blue shirt walks down a sidewalk .,Man,"101,190,243,422",a blue shirt,"99,212,245,316",,,,,,,,,,,,
0568,154841,open_set,A boy on a water slide,a water slide,"1,2,512,512",A boy,"136,3,370,257",,,,,,,,,,,,
0569,154236,open_set,A little girl laughing while going down a slide .,a slide,"37,262,381,512",A little girl,"173,222,284,419",,,,,,,,,,,,
0570,158469,open_set,A kid is skateboarding on a handrail .,A kid,"297,16,478,304",a handrail,"125,196,455,478",,,,,,,,,,,,
0571,156730,open_set,An umpire brushes dirt off the home plate .,An umpire,"97,52,332,476",the home plate,"91,462,179,495",,,,,,,,,,,,
0572,156435,open_set,A girl waits outside a Domino 's Pizza,a Domino 's Pizza,"3,3,510,511",A girl,"171,74,509,511",,,,,,,,,,,,
0573,154259,open_set,A young blond girl is playing among tree branches .,A young blond girl,"140,137,290,345",tree branches,"1,6,512,434",,,,,,,,,,,,
0574,155208,open_set,Guy playing the sax on stage,Guy,"106,41,411,512",the sax,"126,153,306,365",,,,,,,,,,,,
0575,156905,open_set,A boy in red prepares to slide down a blue slide .,A boy,"190,37,336,266",red,"218,178,301,272",,,,,,,,,,,,
0576,155276,open_set,A woman is using a machine and is smiling .,A woman,"52,90,447,504",a machine,"352,147,453,395",,,,,,,,,,,,
0577,158264,open_set,a couple strolling a baby down the street together .,the street,"236,424,450,512",a couple,"164,56,357,512",,,,,,,,,,,,
0578,155888,open_set,A mountain climber reaches the top of a cliff .,the top of a cliff,"68,2,509,512",A mountain climber,"6,208,371,505",,,,,,,,,,,,
0579,155491,open_set,Photographer shooting picture of lovers in underground surrounded by graffiti .,Photographer,"381,185,499,431",graffiti,"84,1,512,377",,,,,,,,,,,,
0580,154934,open_set,four people sit down for dinner in a house .,four people,"2,130,263,512",dinner,"109,246,300,461",,,,,,,,,,,,
0581,156220,open_set,A man is washing the windows of a brick building .,A man,"386,53,451,177",the windows of a brick building,"1,1,510,512",,,,,,,,,,,,
0582,154472,open_set,"Two street musicians are performing , as people walk by .",people,"71,257,506,490",Two street musicians,"101,262,362,512",,,,,,,,,,,,
0583,158698,open_set,Wet dog jumping in water,water,"1,151,510,512",Wet dog,"123,174,408,366",,,,,,,,,,,,
0584,156831,open_set,A uniformed young man is swinging a bat to hit the ball in a baseball game .,A uniformed young man,"129,121,300,410",a bat,"35,64,463,250",,,,,,,,,,,,
0585,154301,open_set,Four people in a band are performing .,Four people,"4,64,503,512",a band,"4,64,503,512",,,,,,,,,,,,
0586,154924,open_set,Many people are sitting in yellow folding chairs .,yellow folding chairs,"106,336,229,512",Many people,"3,199,369,512",,,,,,,,,,,,
0587,157966,open_set,A skier does a jump in front of an empty chair lift .,A skier,"296,115,365,208",an empty chair lift,"464,381,510,509",,,,,,,,,,,,
0588,156376,open_set,Horse jockeys racing on horses in a race .,Horse jockeys,"81,226,497,379",horses,"50,285,510,468",,,,,,,,,,,,
0589,155299,open_set,The red-haired man in the black turtleneck is leaping into the air .,the black turtleneck,"103,82,416,209",The red-haired man,"30,44,427,333",,,,,,,,,,,,
0590,155665,open_set,This is a mother embracing her newborn child in the hospital for the first time .,a mother,"103,101,512,510",her newborn child,"235,249,384,512",,,,,,,,,,,,
0591,155523,open_set,Children are playing on a trampoline in the snow .,a trampoline,"1,242,452,512",Children,"12,1,371,512",,,,,,,,,,,,
0592,154844,open_set,Two children are sitting on bales of hay in a Halloween themed setting .,Two children,"233,254,395,501",bales of hay,"4,336,509,512",,,,,,,,,,,,
0593,157281,open_set,A woman in a red dress prepares for another day at work .,a red dress,"1,150,287,512",A woman,"1,103,279,512",,,,,,,,,,,,
0594,155889,open_set,A man sitting in a small shelter with various articles of clothing hanging on the wall .,A man,"282,307,413,512",various articles of clothing,"67,99,371,310",,,,,,,,,,,,
0595,155913,open_set,Two children wearing colorful pullovers are walking next to each other .,Two children,"113,112,510,512",colorful pullovers,"113,199,512,512",,,,,,,,,,,,
0596,156830,open_set,A baseball player swinging at a ball while the other team watches from the dugout .,A baseball player,"129,121,300,410",the other team,"35,64,463,255",,,,,,,,,,,,
0597,156226,open_set,Three men wrestle for a soccer ball .,Three men,"7,108,512,512",a soccer ball,"253,13,382,83",,,,,,,,,,,,
0598,156932,open_set,Two males are fighting in the street .,the street,"2,237,512,512",Two males,"116,181,454,391",,,,,,,,,,,,
0599,158186,open_set,A woman working next to the water .,A woman,"241,195,334,323",the water,"1,365,509,512",,,,,,,,,,,,
0600,156183,open_set,A damaged vehicle is carried by a repair truck in a nighttime scene .,A damaged vehicle,"88,94,432,444",a repair truck,"38,405,494,485",,,,,,,,,,,,
0601,155578,open_set,A woman window shops outside of a Louis Vuitton store .,A woman window,"259,197,485,448",a Louis Vuitton store,"1,1,512,510",,,,,,,,,,,,
0602,155634,open_set,A dog leaps in the air to catch a disc .,a disc,"361,187,395,253",A dog,"151,99,395,472",,,,,,,,,,,,
0603,158199,open_set,A red race car speeds down the racetrack .,A red race car,"33,169,497,390",the racetrack,"2,201,510,495",,,,,,,,,,,,
0604,154713,open_set,A small child lays on a glossy hardwood floor .,A small child,"258,154,375,280",a glossy hardwood floor,"1,218,512,512",,,,,,,,,,,,
0605,158337,open_set,Happy Amusement Park riders on a theme park ride .,a theme park ride,"80,1,344,512",Happy Amusement Park riders,"122,47,304,413",,,,,,,,,,,,
0606,155317,open_set,A young boy lays in a bed of stuffed animals .,A young boy,"12,53,452,458",a bed of stuffed animals,"133,1,459,512",,,,,,,,,,,,
0607,154454,open_set,A large brown dog sniffs a small white dog 's behind .,a small white dog 's behind,"249,293,312,407",A large brown dog,"1,1,282,439",,,,,,,,,,,,
0608,155091,open_set,Woman reading a book in a laundry room,Woman,"117,148,253,502",a book,"131,219,205,281",,,,,,,,,,,,
0609,154806,open_set,A crowd of people in colorful dresses .,A crowd of people,"2,33,445,512",colorful dresses,"274,316,409,512",,,,,,,,,,,,
0610,155573,open_set,A cheerleading squad poses for a picture in front of full bleachers,full bleachers,"3,26,512,351",A cheerleading squad,"17,275,490,437",,,,,,,,,,,,
0611,155565,open_set,A young lady with multiple piercings is brushing her teeth outdoors in a wooded area .,A young lady,"95,15,510,512",multiple piercings,"362,195,391,253",,,,,,,,,,,,
0612,156155,open_set,Two girls hugging in front of a giant American flag .,a giant American flag,"1,1,512,480",Two girls,"283,223,415,512",,,,,,,,,,,,
0613,157925,open_set,A lady with her back turned taking pictures of classic cars .,A lady,"72,32,412,510",her back,"72,32,412,510",,,,,,,,,,,,
0614,154570,open_set,A man surfing on a big green wave .,A man,"247,240,270,331",a big green wave,"1,205,512,511",,,,,,,,,,,,
0615,158195,open_set,a man plays the bagpipes .,the bagpipes,"69,38,504,396",a man,"73,143,456,512",,,,,,,,,,,,
0616,154098,open_set,A man builds an elaborate sand castle on the beach .,an elaborate sand castle,"98,126,303,476",A man,"278,61,499,346",,,,,,,,,,,,
0617,157851,open_set,Marching bands in formation on a field .,formation,"73,76,453,354",Marching bands,"1,125,450,471",,,,,,,,,,,,
0618,157946,open_set,A guy is shooting his rifle at a shooting range .,A guy,"1,96,430,499",his rifle,"95,189,465,365",,,,,,,,,,,,
0619,157197,open_set,A girl in white is rock climbing .,A girl,"57,90,412,512",white,"271,168,364,294",,,,,,,,,,,,
0620,158413,open_set,A small white dog walks through a yellow tube .,A small white dog,"146,162,307,410",a yellow tube,"2,81,263,401",,,,,,,,,,,,
0621,158144,open_set,A group of senior citizens are seated at round white tables as they wait for food .,A group of senior citizens,"2,124,512,512",round white tables,"2,251,512,509",,,,,,,,,,,,
0622,156658,open_set,Two men entering a building .,Two men,"128,30,295,506",a building,"206,1,512,512",,,,,,,,,,,,
0623,157364,open_set,"Three children are playing outdoors , two of them on a metal barrel swing .",a metal barrel swing,"143,253,488,422",Three children,"52,133,423,433",,,,,,,,,,,,
0624,155980,open_set,A man runs with the football at a professional or collegiate game .,the football,"227,282,258,333",A man,"234,121,375,485",,,,,,,,,,,,
0625,154660,open_set,The bicyclist has both wheels off the ground .,The bicyclist,"3,129,335,309",both wheels,"4,219,323,418",,,,,,,,,,,,
0626,157557,open_set,"A child , wearing green , is bouncing on the trampoline .",A child,"137,47,290,396",the trampoline,"1,339,512,512",,,,,,,,,,,,
0627,154873,open_set,A gray dog walks on top of a fallen tree in the woods .,a fallen tree,"4,285,512,507",A gray dog,"271,182,435,384",,,,,,,,,,,,
0628,157996,open_set,A gray squirrel bounds over the melting snow .,A gray squirrel,"205,78,477,310",the melting snow,"1,3,512,465",,,,,,,,,,,,
0629,155543,open_set,A dog is running towards a ball to catch it .,A dog,"114,216,328,346",a ball,"51,266,71,295",,,,,,,,,,,,
0630,157810,open_set,A little boy squats while playing with a yellow plastic shovel .,A little boy,"150,105,481,451",a yellow plastic shovel,"158,316,400,375",,,,,,,,,,,,
0631,157387,open_set,An elderly man gesticulates while speaking at a podium .,a podium,"175,365,460,510",An elderly man,"78,24,345,512",,,,,,,,,,,,
0632,158057,open_set,a few men are standing around a fruit stall .,a few men,"334,206,509,472",a fruit stall,"24,63,347,440",,,,,,,,,,,,
0633,155949,open_set,"a guy , with a lot of drinks in front of him , trying to be brave , what ever he is trying to do .",a guy,"51,78,498,409",a lot of drinks,"2,346,512,512",,,,,,,,,,,,
0634,155512,open_set,Five men in heavy winter attire sledding down a snowy hill .,heavy winter attire,"10,131,480,379",Five men,"9,135,479,375",,,,,,,,,,,,
0635,157518,open_set,A man and woman are dancing closely .,A man,"4,29,342,474",woman,"166,82,512,512",,,,,,,,,,,,
0636,156992,open_set,A closeup of a little girl on a swing .,a swing,"269,114,442,354",A closeup of a little girl,"212,1,512,379",,,,,,,,,,,,
0637,157797,open_set,A young boy holding a blue umbrella .,A young boy,"69,296,181,474",a blue umbrella,"3,250,197,354",,,,,,,,,,,,
0638,158196,open_set,A man playing bagpipes .,bagpipes,"69,38,504,396",A man,"73,143,456,512",,,,,,,,,,,,
0639,157982,open_set,Two people are in a canoe .,Two people,"166,253,266,332",a canoe,"137,309,296,360",,,,,,,,,,,,
0640,155520,open_set,Five children jump on a large trampoline while the snow outside melts .,a large trampoline,"1,242,452,512",Five children,"12,1,371,512",,,,,,,,,,,,
0641,158572,open_set,Two men with a chainsaw fell trees in a leafless forest .,a chainsaw,"112,349,159,398",Two men,"20,132,201,447",,,,,,,,,,,,
0642,157975,open_set,A man performing a skateboard jump off the top of a ramp .,A man,"59,44,235,117",the top of a ramp,"1,97,504,352",,,,,,,,,,,,
0643,156648,open_set,A woman is standing in front of a painting of a cow .,a painting of a cow,"6,9,506,449",A woman,"184,120,324,512",,,,,,,,,,,,
0644,157614,open_set,A male hiker sits perched on a high rock in the mountains .,A male hiker,"372,62,455,202",a high rock,"280,188,493,453",,,,,,,,,,,,
0645,155763,open_set,A man sitting on a chair Indian style in front of a bookshelf .,A man,"47,116,399,510",a bookshelf,"26,1,203,338",,,,,,,,,,,,
0646,157915,open_set,Two people are trying to put together a puzzle .,a puzzle,"71,443,355,512",Two people,"10,1,512,465",,,,,,,,,,,,
0647,157808,open_set,"A little boy holding a yellow , plastic shovel , crouches in the sand .",A little boy,"150,105,481,451","a yellow , plastic shovel","158,316,400,375",,,,,,,,,,,,
0648,157347,open_set,A baby decides to pack himself away in a suitcase .,a suitcase,"98,202,485,490",A baby,"203,50,353,390",,,,,,,,,,,,
0649,154851,open_set,Competitive kayakers battling in ferocious waters,ferocious waters,"1,203,510,510",Competitive kayakers,"81,11,232,394",,,,,,,,,,,,
0650,157850,open_set,The group of people make single file lines on the field .,single file lines,"73,76,453,354",The group of people,"1,125,450,471",,,,,,,,,,,,
0651,156971,open_set,A girl climbing on a climbing ledge .,A girl,"51,45,334,512",a climbing ledge,"276,1,506,455",,,,,,,,,,,,
0652,156450,open_set,Little boy eating a red Popsicle .,Little boy,"4,11,505,485",a red Popsicle,"229,258,354,369",,,,,,,,,,,,
0653,154720,open_set,Many children playing at a playground jungle-gym .,Many children,"80,175,185,512",a playground jungle-gym,"1,98,310,502",,,,,,,,,,,,
0654,158265,open_set,A brown-haired woman is pushing a baby stroller .,a baby stroller,"94,231,248,502",A brown-haired woman,"142,107,244,512",,,,,,,,,,,,
0655,158135,open_set,A guy is jumping in the air while a group of people stand around and ignore him .,A guy,"193,121,321,315",a group of people,"65,198,251,330",,,,,,,,,,,,
0656,158701,open_set,Two young Asian women standing by a metal gate .,a metal gate,"314,153,499,512",Two young Asian women,"215,19,375,512",,,,,,,,,,,,
0657,155018,open_set,Four people sitting in the path of a wave .,Four people,"48,305,315,452",the path of a wave,"3,1,512,464",,,,,,,,,,,,
0658,158853,open_set,A young boy is at a pumpkin patch holding up a large pumpkin .,A young boy,"165,106,325,512",a large pumpkin,"203,240,306,353",,,,,,,,,,,,
0659,154623,open_set,A young boy chasing a dove after it had tried to steal food that had been the boy 's lunch .,a dove,"81,90,332,200",A young boy,"170,188,415,494",,,,,,,,,,,,
0660,158155,open_set,a janitor is sweeping the floor after a concert .,the floor,"2,300,512,510",a janitor,"229,204,348,421",,,,,,,,,,,,
0661,156050,open_set,A young boy runs barefoot while wearing a blue swimsuit .,a blue swimsuit,"181,215,322,346",A young boy,"132,9,350,492",,,,,,,,,,,,
0662,155390,open_set,An older African-American male is playing an electric guitar in the public street .,an electric guitar,"192,230,418,373",An older African-American male,"185,112,373,510",,,,,,,,,,,,
0663,154080,open_set,A woman in a blue dress standing .,A woman,"3,4,512,512",a blue dress,"105,215,403,506",,,,,,,,,,,,
0664,158673,open_set,The lady is sitting in the crowd taking a picture .,The lady,"4,93,508,512",the crowd,"3,1,512,329",,,,,,,,,,,,
0665,155370,open_set,A white dog is splashing in an outdoor stream next to a grassy bank .,a grassy bank,"139,1,512,310",A white dog,"82,64,386,418",,,,,,,,,,,,
0666,157857,open_set,A construction worker is fixing a window .,A construction worker,"105,179,238,331",a window,"233,171,329,370",,,,,,,,,,,,
0667,156535,open_set,Man repainting a building sign .,a building sign,"208,74,400,277",Man,"129,237,210,477",,,,,,,,,,,,
0668,157936,open_set,A male with sunglasses is out supporting his cause .,A male,"189,7,512,512",sunglasses,"295,142,462,219",,,,,,,,,,,,
0669,156500,open_set,A young boy is holding his breath while he jumps into water .,A young boy,"108,26,303,381",water,"1,102,512,512",,,,,,,,,,,,
0670,157995,open_set,A brown squirrel is jumping over a snow drift .,A brown squirrel,"205,78,477,310",a snow drift,"1,3,512,465",,,,,,,,,,,,
0671,155301,open_set,A man with red-hair is jumping on a sunny day .,red-hair,"249,41,331,87",A man,"30,44,427,333",,,,,,,,,,,,
0672,156979,open_set,An oriental man and woman are sitting in a subway train .,woman,"79,59,357,512",An oriental man,"98,35,450,510",,,,,,,,,,,,
0673,154889,open_set,4 children posing for a photo with 2 adults on a street,2 adults,"13,122,510,512",4 children,"144,85,484,352",,,,,,,,,,,,
0674,157650,open_set,Two boys sit shirtless on a trampoline .,a trampoline,"1,221,438,506",Two boys,"30,90,311,371",,,,,,,,,,,,
0675,157820,open_set,A black dog looks up at a white ball that 's in midair .,A black dog,"145,171,510,437",a white ball,"295,12,344,43",,,,,,,,,,,,
0676,157599,open_set,A little girl is looking through a telescope at the beach .,a telescope,"77,152,290,510",A little girl,"207,116,509,510",,,,,,,,,,,,
0677,156448,open_set,Dark-haired child eating a frozen treat .,Dark-haired child,"4,11,505,485",a frozen treat,"229,258,354,369",,,,,,,,,,,,
0678,154715,open_set,Small child laying on a hardwood floor .,Small child,"258,154,375,280",a hardwood floor,"1,218,512,512",,,,,,,,,,,,
0679,155707,open_set,"A man and a woman walking , he is cool she is funny .",a woman,"278,138,397,455",A man,"171,138,397,455",,,,,,,,,,,,
0680,154589,open_set,A couple sitting in front of a computer screen .,a computer screen,"238,266,286,349",A couple,"10,159,445,512",,,,,,,,,,,,
0681,157454,open_set,A group of teenage boys is standing in front of a Wells Fargo Bank .,A group of teenage boys,"121,178,455,370",a Wells Fargo Bank,"2,5,458,507",,,,,,,,,,,,
0682,158122,open_set,A young man relaxes at his computer desk .,A young man,"1,42,512,512",his computer desk,"1,301,510,395",,,,,,,,,,,,
0683,154177,open_set,A girl jumping in the air to spike a volleyball .,A girl,"120,103,422,315",a volleyball,"171,1,234,27",,,,,,,,,,,,
0684,158536,open_set,A group of people enjoying a small carnival .,a small carnival,"1,27,326,275",A group of people,"43,140,512,512",,,,,,,,,,,,
0685,155365,open_set,A small to medium sized white short-haired dog is looking up at an owner not in the photo .,white short-haired dog,"104,167,380,512",an owner,"1,38,165,510",,,,,,,,,,,,
0686,157822,open_set,A black and white dog is playing with a white ball .,A black and white dog,"145,171,510,437",a white ball,"295,12,344,43",,,,,,,,,,,,
0687,154264,open_set,Woman giving a presentation about a Chevrolet car .,a Chevrolet car,"117,211,496,404",Woman,"108,129,200,458",,,,,,,,,,,,
0688,158161,open_set,A girl is jumping into the air by the ocean .,the ocean,"3,304,512,409",A girl,"70,58,404,402",,,,,,,,,,,,
0689,158145,open_set,A room full of tables with elderly people sitting and standing around them .,elderly people,"2,129,438,510",A room full of tables,"2,251,512,509",,,,,,,,,,,,
0690,158781,open_set,Two men standing at the nose of a British airways airplane in discussion .,Two men,"87,309,234,512",the nose of a British airways airplane,"30,128,510,421",,,,,,,,,,,,
0691,156751,open_set,A woman holding a blond headed child that is crying .,a blond headed child,"33,43,312,511",A woman,"278,5,510,510",,,,,,,,,,,,
0692,158134,open_set,Someone is getting some serious air while the more formally dressed group gathers in the background .,Someone,"193,121,321,315",the more formally dressed group gathers,"1,198,251,336",,,,,,,,,,,,
0693,158813,open_set,Three women are posing for a photo in front of a christmas tree,Three women,"120,104,406,512",a christmas tree,"102,3,254,376",,,,,,,,,,,,
0694,157648,open_set,Two young boys are sitting on a trampoline talking to each other .,a trampoline,"1,221,438,506",Two young boys,"30,90,311,371",,,,,,,,,,,,
0695,154935,open_set,A family is dining and watching television .,A family,"2,130,263,512",television,"328,144,392,221",,,,,,,,,,,,
0696,157905,open_set,Two men jumping on a rock wall,Two men,"35,226,512,462",a rock wall,"4,476,512,512",,,,,,,,,,,,
0697,155494,open_set,A couple poses for a picture in front of graffiti art .,graffiti art,"50,1,159,374",A couple,"21,40,117,399",,,,,,,,,,,,
0698,158021,open_set,Two women in black outfits and barefoot are looking up .,black outfits,"8,238,416,507",Two women,"8,243,422,510",,,,,,,,,,,,
0699,158076,open_set,this man is sweeping the sidewalk .,the sidewalk,"1,338,512,508",this man,"177,201,274,456",,,,,,,,,,,,
0700,157655,open_set,children wearing black and white are performing .,black and white,"43,195,491,364",children,"45,202,488,375",,,,,,,,,,,,
0701,157351,open_set,Two different kayaking reams come into contact .,Two different kayaking reams,"193,94,455,357",contact,"285,138,359,271",,,,,,,,,,,,
0702,157847,open_set,A male soccer player running on the field .,A male soccer player,"1,44,172,505",the field,"1,378,512,512",,,,,,,,,,,,
0703,158834,open_set,A dog gnaws on the strap of a camera .,A dog gnaws,"172,183,310,265",the strap of a camera,"178,189,512,384",,,,,,,,,,,,
0704,157647,open_set,People are boarding a plane .,People,"166,141,312,438",a plane,"2,92,512,447",,,,,,,,,,,,
0705,155532,open_set,Guys gathered outside an ice cream store on a sunny day .,an ice cream store,"20,38,398,377",Guys,"108,147,333,431",,,,,,,,,,,,
0706,157963,open_set,A skier midair during what appears to be a daring flip on a sunny ski slope .,A skier midair,"232,76,366,263",a sunny ski slope,"2,3,510,467",,,,,,,,,,,,
0707,158688,open_set,Girl standing by a grassy knoll with a sign indicating location .,Girl,"68,254,203,512",a sign,"94,98,453,352",,,,,,,,,,,,
0708,157493,open_set,A man on a skateboard,a skateboard,"270,409,317,480",A man,"268,120,384,469",,,,,,,,,,,,
0709,158281,open_set,A young girl with her bike .,her bike,"3,56,307,478",A young girl,"190,110,454,447",,,,,,,,,,,,
0710,158418,open_set,Children are sleeping on the floor .,Children,"4,122,512,393",the floor,"1,118,512,510",,,,,,,,,,,,
0711,155905,open_set,A rock concert with four band members pictured in front of a large crowd .,a large crowd,"1,222,512,512",four band members,"23,218,475,479",,,,,,,,,,,,
0712,156352,open_set,A little boy in red skateboarding .,A little boy,"58,3,350,512",red,"123,39,338,243",,,,,,,,,,,,
0713,156375,open_set,Woman sews on sewing machine outdoors .,Woman,"165,30,338,488",sewing machine outdoors,"59,124,353,512",,,,,,,,,,,,
0714,156655,open_set,Two people in black jackets knocking on a door in the city .,black jackets,"12,70,291,314",Two people,"128,30,295,506",,,,,,,,,,,,
0715,155003,open_set,A young girl is on the shoulders of a man .,A young girl,"40,62,460,498",the shoulders of a man,"152,439,444,512",,,,,,,,,,,,
0716,154770,open_set,An all-male band performing in tutus,An all-male band,"57,9,463,507",tutus,"185,71,467,445",,,,,,,,,,,,
0717,154974,open_set,A child plays outside by a garden .,A child,"68,40,387,466",a garden,"1,50,510,318",,,,,,,,,,,,
0718,157621,open_set,A man relaxes in a chair as he fishes on a rainy day .,a chair,"303,215,445,458",A man,"237,157,440,425",,,,,,,,,,,,
0719,156693,open_set,Priest showing his love of Jesus with a cross .,a cross,"54,146,202,491",Priest,"101,52,398,512",,,,,,,,,,,,
0720,155971,open_set,A picture of a fruit and vegetable store .,vegetable store,"1,139,512,512",A picture of a fruit,"1,1,512,424",,,,,,,,,,,,
0721,156327,open_set,This person is skiing down a snowy mountain .,This person,"135,191,188,399",a snowy mountain,"1,3,512,155",,,,,,,,,,,,
0722,155906,open_set,A band is putting on a light show and a performance in front of a crowd .,a crowd,"1,222,512,512",A band,"25,222,471,493",,,,,,,,,,,,
0723,157076,open_set,A man in a black dress is sitting and sleeping in a train .,A man,"14,197,385,510",a black dress,"44,362,391,512",,,,,,,,,,,,
0724,157016,open_set,A child walking in the snow .,the snow,"1,1,512,512",A child,"237,182,289,348",,,,,,,,,,,,
0725,158659,open_set,A man is sitting with his brown and white dog .,A man,"150,34,391,510",his brown and white dog,"175,176,237,335",,,,,,,,,,,,
0726,157640,open_set,The lioness attacks a wildebeest on a plain .,The lioness,"1,238,286,381",a wildebeest,"270,147,464,378",,,,,,,,,,,,
0727,154193,open_set,The parents are cheering on this group of children in a race .,this group of children,"4,53,499,512",The parents,"1,1,488,275",,,,,,,,,,,,
0728,157522,open_set,Older ladies are sharing books and art with each other .,Older ladies,"27,49,512,512",books,"2,248,358,490",,,,,,,,,,,,
0729,158749,open_set,A boy is outside holding a red and blue soccer ball .,a red and blue soccer ball,"368,287,464,450",A boy,"296,69,477,510",,,,,,,,,,,,
0730,155150,open_set,a black bird sits in a dead tree .,a dead tree,"1,1,509,512",a black bird,"222,241,267,312",,,,,,,,,,,,
0731,154805,open_set,Many women have gathered and are listening to speakers .,speakers,"272,32,342,138",Many women,"2,33,445,512",,,,,,,,,,,,
0732,154874,open_set,The skinny brown dog is walking on a fallen tree .,a fallen tree,"4,285,512,507",The skinny brown dog,"271,182,435,384",,,,,,,,,,,,
0733,158830,open_set,A brown and black puppy stands by a camera .,A brown and black puppy,"89,72,413,330",a camera,"1,1,219,512",,,,,,,,,,,,
0734,155132,open_set,A red car travels down the street .,A red car,"55,128,492,470",the street,"1,303,512,512",,,,,,,,,,,,
0735,157503,open_set,A man kneels down by a machine .,a machine,"268,252,405,355",A man,"35,138,386,348",,,,,,,,,,,,
0736,157728,open_set,A female musician tunes her acoustic guitar while smiling at the camera .,A female musician,"5,135,512,512",acoustic guitar,"5,135,512,512",,,,,,,,,,,,
0737,156814,open_set,A group of young tennis players is posing on the court with their coach .,their coach,"321,116,451,465",A group of young tennis players,"55,91,477,452",,,,,,,,,,,,
0738,155882,open_set,A cadet is being taught how to properly stretch his right leg .,his right leg,"312,217,366,305",A cadet,"253,217,473,419",,,,,,,,,,,,
0739,155593,open_set,A person playing with her large black dog .,A person,"161,72,307,443",her large black dog,"296,167,462,475",,,,,,,,,,,,
0740,156569,open_set,Snow skier skiing down a course of snow .,a course of snow,"1,304,512,512",Snow skier,"156,256,334,451",,,,,,,,,,,,
0741,154676,open_set,A baseball player hitting a ball .,A baseball player,"247,127,385,435",a ball,"140,121,173,194",,,,,,,,,,,,
0742,154266,open_set,Chevrolet car on display at a convention,display,"43,38,512,512",Chevrolet car,"117,211,496,404",,,,,,,,,,,,
0743,157661,open_set,a baseball player stands and faces the crowd .,a baseball player,"51,223,203,475",the crowd,"1,231,512,329",,,,,,,,,,,,
0744,158714,open_set,A foreign lady gathering vegetables .,vegetables,"1,228,512,512",A foreign lady,"172,25,367,356",,,,,,,,,,,,
0745,154487,open_set,Couple sitting on patio outside restaurant having some wine .,some wine,"78,290,273,422",Couple,"62,228,497,506",,,,,,,,,,,,
0746,155587,open_set,Young women chat after a stroll along the beach line .,the beach line,"1,253,512,512",Young women,"89,123,257,432",,,,,,,,,,,,
0747,155890,open_set,An older man in Bangalore sits in his shoe shop holding a piece of shoe .,An older man,"282,307,413,512",a piece of shoe,"278,448,308,498",,,,,,,,,,,,
0748,158056,open_set,Three men are hanging out at the fruit stand .,Three men,"334,206,509,472",the fruit stand,"22,5,396,445",,,,,,,,,,,,
0749,157884,open_set,Two young boys are asleep on a brown carpeted floor .,Two young boys,"232,210,512,502",a brown carpeted floor,"4,50,512,512",,,,,,,,,,,,
0750,153965,open_set,An acrobat with face paint soars through the air .,An acrobat,"2,2,512,321",face paint,"168,103,266,182",,,,,,,,,,,,
0751,157540,open_set,A group of young children play tug-of-war in the street .,A group of young children,"8,99,509,465",the street,"1,289,512,512",,,,,,,,,,,,
0752,158361,open_set,The girl in the bathing suit is poised in midair next to the blue water .,The girl,"154,52,440,510",the bathing suit,"193,180,354,344",,,,,,,,,,,,
0753,154872,open_set,A skinny brown dog walks across a large piece of fallen tree .,a large piece of fallen tree,"4,285,512,507",A skinny brown dog,"271,182,435,384",,,,,,,,,,,,
0754,157103,open_set,A group of Japanese women wearing matching outfits walking across a crosswalk while passersby stare .,matching outfits,"1,349,490,483",A group of Japanese women,"1,286,484,509",,,,,,,,,,,,
0755,158127,open_set,The surfer is riding the wave .,the wave,"4,32,512,313",The surfer,"330,29,447,296",,,,,,,,,,,,
0756,157956,open_set,A woman tries to volley a tennis ball .,a tennis ball,"187,9,214,38",A woman,"141,88,380,498",,,,,,,,,,,,
0757,154009,open_set,A girl jumps in the air in the middle of a city park .,the middle of a city park,"1,267,512,512",A girl,"142,86,301,327",,,,,,,,,,,,
0758,155936,open_set,Two children walking on a wooden path through the woods .,a wooden path,"2,173,412,512",Two children,"114,195,228,407",,,,,,,,,,,,
0759,154626,open_set,A boy chasing a pigeon on a pier .,a pigeon,"81,90,332,200",A boy,"170,188,415,494",,,,,,,,,,,,
0760,158509,open_set,A group of teenagers hanging out on a front porch .,a front porch,"93,398,507,512",A group of teenagers,"135,59,462,478",,,,,,,,,,,,
0761,154634,open_set,Three people walking in a park right outside of the city .,a park,"2,206,512,512",Three people,"36,260,142,424",,,,,,,,,,,,
0762,155674,open_set,People standing in a long line .,a long line,"146,150,427,436",People,"13,172,420,433",,,,,,,,,,,,
0763,156867,open_set,An older man with big teeth laughing,big teeth,"240,273,291,322",An older man,"83,69,455,507",,,,,,,,,,,,
0764,158357,open_set,A man rides a bike through a course .,A man,"148,26,290,416",a bike,"76,206,312,467",,,,,,,,,,,,
0765,154992,open_set,A woman with a yellow purse runs across a busy street .,a yellow purse,"64,84,124,273",A woman,"1,15,185,499",,,,,,,,,,,,
0766,156911,open_set,Men from Lafayette and Penn State are playing basketball .,Men,"4,201,502,512",Lafayette,"1,113,339,510",,,,,,,,,,,,
0767,156517,open_set,Four people sit in an airport terminal with bored expressions on their faces .,their faces,"44,34,433,148",Four people,"26,10,479,512",,,,,,,,,,,,
0768,154557,open_set,A group of men are biking through the grass .,the grass,"3,79,510,510",A group of men,"91,35,450,400",,,,,,,,,,,,
0769,156117,open_set,people are getting ready to get on the bus,people,"204,165,465,487",the bus,"1,84,362,386",,,,,,,,,,,,
0770,155051,open_set,A policeman watches a crowd of Prop 16 protesters march down the street .,A policeman,"202,184,342,512",a crowd of Prop 16 protesters,"1,115,509,512",,,,,,,,,,,,
0771,155762,open_set,A one-armed man in a brown shirt sits in a chair facing the camera .,A one-armed man,"47,116,399,510",a brown shirt,"156,210,322,448",,,,,,,,,,,,
0772,154368,open_set,Two boys are playing on very old architectural structures .,very old architectural structures,"2,10,506,512",Two boys,"69,115,439,458",,,,,,,,,,,,
0773,158532,open_set,Men playing instruments on a baseball field .,Men,"5,116,507,501",instruments,"15,119,450,319",,,,,,,,,,,,
0774,157210,open_set,People look onward at bubbles at an outdoor festival .,People,"1,184,425,510",bubbles,"28,4,419,464",,,,,,,,,,,,
0775,154184,open_set,"Many people populate the eating area in a building , coming and going or standing in line or digging in their purses .",Many people,"34,242,455,512",their purses,"371,388,415,512",,,,,,,,,,,,
0776,157632,open_set,A child is playing with a Lego toy .,A child,"153,48,427,326",a Lego toy,"186,278,410,477",,,,,,,,,,,,
0777,154049,open_set,A man working at his job as a cook in a city .,A man,"120,34,389,342",a cook,"120,34,389,342",,,,,,,,,,,,
0778,157664,open_set,Blond girl receiving pink flowers from family after her graduation ceremony .,Blond girl,"178,159,395,510",pink flowers,"265,418,360,512",,,,,,,,,,,,
0779,154394,open_set,A black and white dog is biting onto a stick in the water .,A black and white dog,"55,121,413,375",a stick,"323,230,440,271",,,,,,,,,,,,
0780,155542,open_set,The dog is running after a ball and stirring up dust .,The dog,"114,216,328,346",a ball,"51,266,71,295",,,,,,,,,,,,
0781,157762,open_set,A woman walking over a bridge .,a bridge,"1,256,508,510",A woman,"159,338,234,490",,,,,,,,,,,,
0782,155524,open_set,Children jumping on a trampoline .,a trampoline,"1,242,452,512",Children,"12,1,371,512",,,,,,,,,,,,
0783,158191,open_set,People are riding thrill game .,People,"191,110,454,510",thrill game,"7,95,509,509",,,,,,,,,,,,
0784,156860,open_set,Two people in a white and red Yamaha vehicle driving next to the ocean .,Two people,"107,203,276,408",a white and red Yamaha vehicle,"2,146,398,502",,,,,,,,,,,,
0785,158045,open_set,A group of people gathered around a bonfire .,A group of people,"4,368,512,451",a bonfire,"41,406,458,508",,,,,,,,,,,,
0786,158814,open_set,Three women are posing together in front of a Christmas tree .,Three women,"120,104,406,512",a Christmas tree,"102,3,254,376",,,,,,,,,,,,
0787,158762,open_set,The little boy has a red coat on as he plays outside .,The little boy,"55,22,387,430",a red coat,"30,114,399,256",,,,,,,,,,,,
0788,154517,open_set,Two younger children are at an event both holding two sticks .,Two younger children,"221,166,408,512",two sticks,"2,117,217,241",,,,,,,,,,,,
0789,157383,open_set,Six people riding a roller coaster .,a roller coaster,"1,1,510,512",Six people,"18,35,512,362",,,,,,,,,,,,
0790,156568,open_set,There is a snow skier on a slalom course taking a turn .,a slalom course,"1,304,512,512",a snow skier,"156,256,334,451",,,,,,,,,,,,
0791,158083,open_set,An asian family is picnicking at the beach while others play in the water .,others,"281,296,450,338",An asian family,"51,282,236,404",,,,,,,,,,,,
0792,157196,open_set,A young girl climbing a rock wall .,A young girl,"57,90,412,512",a rock wall,"2,6,512,512",,,,,,,,,,,,
0793,155828,open_set,A man is sitting down and holding a young boy .,a young boy,"167,124,303,512",A man,"214,5,509,510",,,,,,,,,,,,
0794,156903,open_set,A boy in red pants getting ready to slide down a metal slide .,A boy,"190,37,336,266",red pants,"218,178,301,272",,,,,,,,,,,,
0795,155143,open_set,Couple kissing outside on street .,Couple,"215,232,335,512",street,"1,374,507,512",,,,,,,,,,,,
0796,156152,open_set,A climber scales a steep rock face .,A climber,"306,65,491,247",a steep rock face,"9,91,512,510",,,,,,,,,,,,
0797,155363,open_set,Two dogs are playing in the snow .,the snow,"1,1,510,512",Two dogs,"48,19,388,495",,,,,,,,,,,,
0798,158408,open_set,A medium sized dog running through puddles,dog,"89,81,290,424",puddles,"2,238,512,512",,,,,,,,,,,,
0799,158384,open_set,Young boy playing with Legos .,Young boy,"132,68,448,403",Legos,"1,332,512,512",,,,,,,,,,,,
0800,155066,open_set,A white lady speaking into microphone .,microphone,"246,146,305,223",A white lady,"24,34,404,275",,,,,,,,,,,,
0801,157477,open_set,Four black men digging in a deep hole .,a deep hole,"260,344,362,512",Four black men,"75,16,367,507",,,,,,,,,,,,
0802,155852,open_set,a black dog runs through a field .,a black dog,"75,242,368,472",a field,"1,235,512,512",,,,,,,,,,,,
0803,155907,open_set,A show with lots of lights and action being put on in a dark theater .,lots of lights,"6,3,502,409",a dark theater,"6,3,502,409",,,,,,,,,,,,
0804,156550,open_set,Two fishermen are checking their nets .,Two fishermen,"205,64,418,408",their nets,"122,252,508,503",,,,,,,,,,,,
0805,158207,open_set,The man is aiming to shoot something while his dog watches .,his dog,"44,286,209,472",The man,"151,46,483,466",,,,,,,,,,,,
0806,156083,open_set,A four wheel drive car is driving through the mud .,the mud,"1,237,455,512",A four wheel drive car,"17,29,512,512",,,,,,,,,,,,
0807,156001,open_set,Hockey goalie in red jersey ready to block a shot .,Hockey goalie,"152,57,460,491",red jersey,"196,117,418,292",,,,,,,,,,,,
0808,156221,open_set,A man washing windows on a red brick building .,windows,"14,45,409,380",A man,"386,53,451,177",,,,,,,,,,,,
0809,154735,open_set,A dog runs by the water 's edge .,A dog,"228,54,257,103",the water 's edge,"126,181,508,454",,,,,,,,,,,,
0810,156832,open_set,A batter in a white uniform takes a huge swing at the ball .,A batter,"129,121,300,410",a white uniform,"168,156,259,375",,,,,,,,,,,,
0811,155972,open_set,Fresh fruits and vegetable stand .,Fresh fruits,"1,139,510,512",vegetable stand,"1,139,512,512",,,,,,,,,,,,
0812,157876,open_set,Two people outside examining a bicycle tire .,a bicycle tire,"1,137,358,512",Two people,"39,2,471,512",,,,,,,,,,,,
0813,158250,open_set,A woman is standing on the beach holding a small child .,A woman,"58,85,129,406",a small child,"198,216,233,387",,,,,,,,,,,,
0814,157180,open_set,Three young men are inspecting their bicycles in the sun .,their bicycles,"180,79,435,358",Three young men,"4,1,512,512",,,,,,,,,,,,
0815,155838,open_set,Three children are playing with bubbles .,Three children,"35,2,465,512",bubbles,"64,1,272,180",,,,,,,,,,,,
0816,155392,open_set,An older black man plays an electric guitar on the sidewalk .,an electric guitar,"192,230,418,373",An older black man,"185,112,373,510",,,,,,,,,,,,
0817,158603,open_set,A black man with a red shirt on is walking .,a red shirt,"222,109,358,252",A black man,"179,46,419,476",,,,,,,,,,,,
0818,155947,open_set,Two kids are laughing in the grass .,Two kids,"26,119,459,510",the grass,"1,143,512,512",,,,,,,,,,,,
0819,154930,open_set,People are standing in line at a market .,People,"134,1,512,512",a market,"1,1,507,510",,,,,,,,,,,,
0820,156790,open_set,A woman walking her dog along a street of residences .,A woman,"309,221,372,472",her dog,"355,315,377,447",,,,,,,,,,,,
0821,155385,open_set,Two men and a woman are laughing about trying to knit at a party .,Two men,"13,90,458,510",a woman,"102,132,308,464",,,,,,,,,,,,
0822,157147,open_set,A police officer a new york church .,a new york church,"3,1,506,451",A police officer,"277,102,355,437",,,,,,,,,,,,
0823,155257,open_set,A blond lady with sunglasses smiles .,A blond lady,"41,34,470,510",sunglasses,"256,133,429,178",,,,,,,,,,,,
0824,155354,open_set,The rescue team is going fast to reach survivors of the sunken ship .,survivors of the sunken ship,"158,172,259,249",The rescue team,"162,173,269,255",,,,,,,,,,,,
0825,155157,open_set,A woman wearing a flower t-shirt makes a transaction at a bike store .,A woman,"147,212,260,400",a flower t-shirt,"147,212,260,400",,,,,,,,,,,,
0826,154069,open_set,A mountain biker rides in the woods .,A mountain biker,"156,30,481,512",the woods,"11,3,510,426",,,,,,,,,,,,
0827,157787,open_set,A man and a woman dance happily .,A man,"58,68,389,512",a woman,"65,87,475,512",,,,,,,,,,,,
0828,155970,open_set,A collection of vegetables sit in baskets .,A collection of vegetables,"1,139,510,512",baskets,"182,250,210,281",,,,,,,,,,,,
0829,158315,open_set,People are swimming and enjoying a day in a waterfall .,People,"121,340,359,448",a waterfall,"150,140,258,385",,,,,,,,,,,,
0830,154940,open_set,A man standing in front of a projector screen,A man,"186,113,462,512",a projector screen,"1,13,177,502",,,,,,,,,,,,
0831,157071,open_set,Some older people are playing an ancient game .,an ancient game,"118,356,302,439",Some older people,"2,70,342,510",,,,,,,,,,,,
0832,154527,open_set,A yellow dog is jumping over a flaming hurdle .,A yellow dog,"138,111,325,490",a flaming hurdle,"4,183,481,512",,,,,,,,,,,,
0833,156539,open_set,A praying man is comforted by another man in a parking lot .,A praying man,"164,297,334,512",another man,"121,55,321,512",,,,,,,,,,,,
0834,154261,open_set,A young girl is playing on a forest log .,A young girl,"140,137,290,345",a forest log,"1,6,512,434",,,,,,,,,,,,
0835,156010,open_set,A male tennis player jumps in the air as he prepares to return the ball .,A male tennis player,"16,122,225,445",the ball,"453,301,479,319",,,,,,,,,,,,
0836,156400,open_set,Two women are assembling wooden objects .,Two women,"4,3,512,434",wooden objects,"1,309,362,512",,,,,,,,,,,,
0837,154232,open_set,A small child points at a moped .,A small child,"202,67,445,508",a moped,"150,279,234,350",,,,,,,,,,,,
0838,155694,open_set,Celebrants climbing a traffic light .,Celebrants,"289,146,433,330",a traffic light,"365,208,512,512",,,,,,,,,,,,
0839,156336,open_set,Two women are looking into a glass case .,a glass case,"3,416,512,512",Two women,"17,49,479,499",,,,,,,,,,,,
0840,158450,open_set,An ethnic street performer ( bongo drums ) posing for the camera .,An ethnic street performer,"92,54,379,477",bongo drums,"295,250,499,472",,,,,,,,,,,,
0841,154896,open_set,An army man poses for a group of bystanders outside .,An army man,"19,54,121,442",a group of bystanders,"258,20,497,322",,,,,,,,,,,,
0842,155857,open_set,A lady and a toddler stare at themselves in a mirror .,a mirror,"19,1,328,512",A lady,"40,26,145,505",,,,,,,,,,,,
0843,155484,open_set,A construction worker leaning against a post .,a post,"428,286,468,504",A construction worker,"431,415,468,504",,,,,,,,,,,,
0844,157294,open_set,A Man setting up a tripod off road .,a tripod,"77,245,198,502",A Man,"57,126,171,502",,,,,,,,,,,,
0845,156428,open_set,Two men are Sharon a green beanbag in the corner of the room .,Two men,"136,167,477,510",a green beanbag,"56,256,180,393",,,,,,,,,,,,
0846,155183,open_set,Two men giving another a haircut .,Two men,"88,6,295,413",a haircut,"203,171,274,300",,,,,,,,,,,,
0847,156543,open_set,a young man is skateboarding down the railing of some stairs .,a young man,"187,35,361,210",the railing of some stairs,"86,104,367,413",,,,,,,,,,,,
0848,154296,open_set,Two weimaraners running in the snow .,the snow,"1,1,510,512",Two weimaraners,"25,49,437,477",,,,,,,,,,,,
0849,156529,open_set,Young African people drum in the streets .,Young African people,"108,3,502,512",the streets,"1,238,512,512",,,,,,,,,,,,
0850,158240,open_set,The German shepherd runs happily in the park .,the park,"1,1,512,508",The German shepherd,"178,133,289,435",,,,,,,,,,,,
0851,155126,open_set,A man in a purple shirt is skateboarding in a graffiti-heavy area .,A man,"46,195,148,477",a purple shirt,"81,220,149,340",,,,,,,,,,,,
0852,158017,open_set,A motorcyclist in yellow .,A motorcyclist,"78,36,334,464",yellow,"104,32,250,315",,,,,,,,,,,,
0853,154625,open_set,Little boy trying to chase a black crow .,a black crow,"81,90,332,200",Little boy,"170,188,415,494",,,,,,,,,,,,
0854,154352,open_set,Two children are swimming in a pool .,Two children,"169,149,471,301",a pool,"1,69,512,512",,,,,,,,,,,,
0855,157592,open_set,People wait for their order at a street vendor cart .,a street vendor cart,"74,141,403,499",People,"313,234,418,512",,,,,,,,,,,,
0856,157367,open_set,Two children play on a barrel turned swing .,a barrel,"143,253,488,422",Two children,"52,133,423,433",,,,,,,,,,,,
0857,156264,open_set,Two women are laying upside down on a white bed .,Two women,"1,1,512,512",a white bed,"5,186,506,512",,,,,,,,,,,,
0858,157927,open_set,An adult crouched over and looking at a red car .,An adult,"72,32,412,510",a red car,"98,2,512,223",,,,,,,,,,,,
0859,156651,open_set,A baby touches the man 's face while he is lying down .,the man 's face,"237,88,354,172",A baby,"43,31,297,272",,,,,,,,,,,,
0860,155937,open_set,A Boy and a Girl are walking along a wooden trail .,A Boy,"114,232,228,407",a Girl,"129,188,196,290",,,,,,,,,,,,
0861,157163,open_set,A young inline skater balances with outstretched arms as he skates over the pavement .,A young inline skater,"177,167,367,375",outstretched arms,"199,197,365,271",,,,,,,,,,,,
0862,158602,open_set,An African American man walking down the street .,the street,"1,309,508,508",An African American man,"179,46,419,476",,,,,,,,,,,,
0863,153935,open_set,A smiling clown is sitting outdoors by his booth,his booth,"224,2,510,337",A smiling clown,"93,105,502,487",,,,,,,,,,,,
0864,157564,open_set,A little blond boy is running around in the grass behind a row of benches,a row of benches,"231,320,444,452",A little blond boy,"2,13,233,512",,,,,,,,,,,,
0865,154865,open_set,A firefighter looking out from a vehicle 's window .,A firefighter,"4,120,512,512",a vehicle 's window,"1,38,433,326",,,,,,,,,,,,
0866,154888,open_set,A woman is taking a picture of several playing children .,A woman,"13,122,117,491",children,"144,85,484,352",,,,,,,,,,,,
0867,155967,open_set,Bus worker sleeping on building ledge .,Bus worker,"99,195,314,252",building ledge,"94,220,510,258",,,,,,,,,,,,
0868,157674,open_set,Lots of people standing on a platform in front of a train .,Lots of people,"14,212,493,512",a platform,"16,304,508,512",,,,,,,,,,,,
0869,154311,open_set,A group of friends or family all jumps at the same time for a portrait while on vacation .,all,"114,173,434,381",A group of friends or family,"114,173,434,381",,,,,,,,,,,,
0870,154981,open_set,"An intersection with a couple cars , you can see the back of a bus .",the back of a bus,"435,124,512,316",a couple cars,"250,213,443,296",,,,,,,,,,,,
0871,156368,open_set,twins in black shirts are having a confrontation .,twins,"29,14,496,512",black shirts,"30,138,490,496",,,,,,,,,,,,
0872,156666,open_set,man sitting down playing chess alone,man,"1,1,448,331",chess,"1,260,512,512",,,,,,,,,,,,
0873,158385,open_set,"A man reads inside of an Asian bakery , and another man is working behind him .",A man,"229,202,433,505",another man,"390,36,434,174",,,,,,,,,,,,
0874,155802,open_set,Two girls on separate teams fighting for a soccer ball .,a soccer ball,"366,258,423,325",Two girls,"48,15,471,461",,,,,,,,,,,,
0875,155818,open_set,A man sitting at a food and drink kiosk .,a food,"352,91,484,300",A man,"50,157,186,358",,,,,,,,,,,,
0876,156292,open_set,A man staring while at a Laundromat .,A man,"135,209,294,498",a Laundromat,"4,3,512,512",,,,,,,,,,,,
0877,156185,open_set,Dirty SUV sits on the bed of a tow truck at night .,Dirty SUV,"88,94,432,444",the bed of a tow truck,"30,83,476,508",,,,,,,,,,,,
0878,154417,open_set,Man shadow boxing in black and yellow outfit .,black and yellow outfit,"232,76,452,310",Man shadow,"57,15,454,499",,,,,,,,,,,,
0879,157837,open_set,A man poses next to a lion statue .,a lion statue,"198,39,512,512",A man,"19,249,142,512",,,,,,,,,,,,
0880,155639,open_set,In a cafe a woman stands in a dress .,a dress,"210,241,286,433",a woman,"208,204,296,445",,,,,,,,,,,,
0881,158858,open_set,The man on the bottom is wearing a gray shirt .,a gray shirt,"256,197,512,312",The man,"237,158,512,451",,,,,,,,,,,,
0882,154574,open_set,Three people looking at something on a white wall .,Three people,"12,185,327,512",a white wall,"225,4,512,501",,,,,,,,,,,,
0883,158067,open_set,A brown dog leaps into a swimming pool .,a swimming pool,"1,225,481,512",A brown dog,"243,158,479,358",,,,,,,,,,,,
0884,157083,open_set,"An older man peers through his binoculars at the expansive , mountainous vista before him .",his binoculars,"189,196,235,215",An older man,"110,177,229,432",,,,,,,,,,,,
0885,155297,open_set,an african american man holds his soda .,his soda,"432,289,502,369",an african american man,"39,138,502,510",,,,,,,,,,,,
0886,154224,open_set,Two young women wearing colorful costumes show off their hula hoop skills at a friendly competition during a local festival .,Two young women,"1,45,386,483",colorful costumes,"1,44,378,488",,,,,,,,,,,,
0887,157022,open_set,A man dressed in tan pumps gas .,tan pumps gas,"204,243,284,447",A man,"206,211,288,466",,,,,,,,,,,,
0888,155952,open_set,A man licking a small pair of ice tongs .,A man,"51,78,498,409",a small pair of ice tongs,"125,237,165,303",,,,,,,,,,,,
0889,154397,open_set,A dog swims retrieving a stick .,A dog,"55,121,413,375",a stick,"323,230,440,271",,,,,,,,,,,,
0890,155338,open_set,"A picture of two volleyball teams with one girl on the ground , looks like she hit the floor .",the floor,"1,261,510,512",one girl,"1,284,105,337",,,,,,,,,,,,
0891,158294,open_set,A congregation is watching the Pope give a speech .,A congregation,"1,159,510,512",the Pope,"467,163,509,364",,,,,,,,,,,,
0892,155519,open_set,a brown dog jumps into the grass .,the grass,"1,210,512,504",a brown dog,"155,35,317,251",,,,,,,,,,,,
0893,156132,open_set,A group of men standing near a work truck .,a work truck,"59,186,494,455",A group of men,"77,181,318,453",,,,,,,,,,,,
0894,156731,open_set,Umpire brushes off home plate .,Umpire,"97,52,332,476",home plate,"91,462,179,495",,,,,,,,,,,,
0895,157288,open_set,A group of people working with some kind of bright machinery .,some kind of bright machinery,"199,153,318,481",A group of people,"1,4,502,512",,,,,,,,,,,,
0896,155443,open_set,A golfer in an orange shirt gauging the shot he made .,A golfer,"228,210,318,469",an orange shirt,"233,249,289,360",,,,,,,,,,,,
0897,158728,open_set,The little boy is about to walk into the sprinklers .,The little boy,"6,247,122,512",the sprinklers,"133,3,512,510",,,,,,,,,,,,
0898,154513,open_set,Two small blond children holding stick while standing in a crowd n the city .,Two small blond children,"87,122,408,512",stick,"2,117,309,327",,,,,,,,,,,,
0899,155231,open_set,A man is reading a book while waiting for a train .,a book,"113,216,216,336",A man,"17,64,191,505",,,,,,,,,,,,
0900,158200,open_set,A race car zips by on the racetrack .,A race car,"33,169,497,390",the racetrack,"2,201,510,495",,,,,,,,,,,,
0901,156246,open_set,A small black girl in a bathing suit,a bathing suit,"99,155,329,421",A small black girl,"5,2,476,508",,,,,,,,,,,,
0902,158068,open_set,Dark-skinned female dressed in white and black martial arts uniform strikes a lunge pose .,Dark-skinned female,"44,47,458,480",white and black martial arts uniform,"79,133,415,449",,,,,,,,,,,,
0903,156122,open_set,Two girls playing basketball .,Two girls,"101,44,490,376",basketball,"147,184,212,225",,,,,,,,,,,,
0904,157468,open_set,A woman walking across a jetty .,A woman,"310,70,459,512",a jetty,"34,177,458,512",,,,,,,,,,,,
0905,156225,open_set,Three rugby players grab for the ball .,Three rugby players,"7,108,512,512",the ball,"253,13,382,83",,,,,,,,,,,,
0906,157202,open_set,Four men talking by a truck .,a truck,"1,1,86,459",Four men,"72,15,505,446",,,,,,,,,,,,
0907,157766,open_set,A boy wearing a New York Yankees hat .,a New York Yankees hat,"160,4,354,169",A boy,"62,4,415,512",,,,,,,,,,,,
0908,157992,open_set,Woman with a vending cart in the middle of a beach .,a vending cart,"188,176,385,475",Woman,"115,72,238,512",,,,,,,,,,,,
0909,158160,open_set,A girl leaps into the air in front of the ocean .,the ocean,"3,304,512,409",A girl,"70,58,404,402",,,,,,,,,,,,
0910,157497,open_set,A man in a white shirt is airborne .,A man,"238,84,341,164",a white shirt,"272,91,336,125",,,,,,,,,,,,
0911,154893,open_set,A few soldiers have a discussion while onlookers stand nearby .,A few soldiers,"29,54,108,442",onlookers,"258,20,497,322",,,,,,,,,,,,
0912,155911,open_set,A scientist looking through a microscope in a lab .,A scientist,"2,39,302,512",a microscope,"225,133,343,364",,,,,,,,,,,,
0913,157453,open_set,Group of colored people walking the street .,the street,"1,353,512,512",Group of colored people,"207,208,353,421",,,,,,,,,,,,
0914,154202,open_set,Two girls laugh while other girls look on .,Two girls,"2,57,472,510",other girls,"93,27,472,510",,,,,,,,,,,,
0915,154040,open_set,A man wearing a helmet is driving .,a helmet,"46,21,287,366",A man,"1,23,403,510",,,,,,,,,,,,
0916,154320,open_set,A dog is running in the snow .,the snow,"2,283,512,512",A dog,"60,24,329,499",,,,,,,,,,,,
0917,158833,open_set,A small dog chewing on a black strap .,A small dog,"89,72,413,330",a black strap,"178,189,512,384",,,,,,,,,,,,
0918,158029,open_set,A woman makes a gesture with her hands while sitting at a cafe .,her hands,"291,133,404,327",A woman,"295,1,510,512",,,,,,,,,,,,
0919,156962,open_set,A man in a red go kart is racing,a red go kart,"28,161,498,377",A man,"263,191,339,252",,,,,,,,,,,,
0920,158494,open_set,Women walking down a city sidewalk .,Women,"100,190,375,445",a city sidewalk,"1,274,512,512",,,,,,,,,,,,
0921,156421,open_set,Three men are sitting inside of a store while the green neon lights flash on them from outside .,Three men,"168,112,372,331",the green neon lights,"74,20,419,341",,,,,,,,,,,,
0922,154455,open_set,The large brown dog is sniffing a small white dog .,a small white dog,"249,293,312,407",The large brown dog,"1,1,282,439",,,,,,,,,,,,
0923,154880,open_set,A tourist examines some postcards on the local docks .,some postcards,"318,131,512,512",A tourist,"1,118,512,510",,,,,,,,,,,,
0924,158599,open_set,Six people are on a gondola ride .,a gondola ride,"2,203,431,381",Six people,"187,249,228,344",,,,,,,,,,,,
0925,156095,open_set,Small black dog biting on a person 's finger .,Small black dog,"68,32,451,510",a person 's finger,"159,234,482,512",,,,,,,,,,,,
0926,155068,open_set,A woman stands at a podium .,a podium,"3,244,512,510",A woman,"24,34,404,275",,,,,,,,,,,,
0927,155830,open_set,Two small boys with painted faces are sitting next to each other .,Two small boys,"1,35,512,512",painted faces,"80,107,416,338",,,,,,,,,,,,
0928,156252,open_set,A blond boy is getting a haircut .,a haircut,"153,96,305,204",A blond boy,"105,88,417,512",,,,,,,,,,,,
0929,158574,open_set,Two men are standing in a forest with trees cut down .,trees,"118,312,512,493",Two men,"20,132,201,447",,,,,,,,,,,,
0930,156638,open_set,Dog training on the mountain,Dog,"105,332,173,418",the mountain,"2,41,512,512",,,,,,,,,,,,
0931,157957,open_set,a woman wearing yellow playing tennis,yellow,"194,127,355,296",a woman,"141,88,380,498",,,,,,,,,,,,
0932,158852,open_set,A young boy holding a pumpkin in the middle of a pumpkin patch .,A young boy,"165,106,325,512",a pumpkin,"203,240,306,353",,,,,,,,,,,,
0933,156107,open_set,a mother is sitting and reading with her son .,her son,"237,111,457,512",a mother,"22,13,356,512",,,,,,,,,,,,
0934,155478,open_set,Two baseball players trying to catch a ball in the outfield .,a ball,"251,183,263,202",Two baseball players,"219,172,295,416",,,,,,,,,,,,
0935,155172,open_set,A collection of boats gathers on the ocean during a sunny day .,the ocean,"1,421,508,469",A collection of boats gathers,"10,19,456,506",,,,,,,,,,,,
0936,155023,open_set,Man walks on edge of planter .,edge of planter,"38,368,461,473",Man,"148,215,234,390",,,,,,,,,,,,
0937,156654,open_set,Two men are standing in front of a concrete building using the atm .,Two men,"128,30,295,506",a concrete building,"206,1,512,512",,,,,,,,,,,,
0938,158285,open_set,Male cheerleader holding a female cheerleader up during a football game .,a female cheerleader,"149,48,309,312",Male cheerleader,"193,294,310,512",,,,,,,,,,,,
0939,158086,open_set,A group of people are sitting on the beach with a cooler .,a cooler,"151,339,197,401",A group of people,"51,282,236,404",,,,,,,,,,,,
0940,156459,open_set,A man cooking some food in a kitchen .,some food,"1,302,512,512",A man,"49,29,162,487",,,,,,,,,,,,
0941,156052,open_set,A wet boy carrying goggles runs .,A wet boy,"132,9,350,492",goggles,"179,135,265,178",,,,,,,,,,,,
0942,158503,open_set,A person laying on the ground next to a cow .,a cow,"1,1,311,401",A person,"258,146,512,380",,,,,,,,,,,,
0943,155999,open_set,"The Whatcom Warrior 's Goalie is focused on the puck , in front of the goal post .",The Whatcom Warrior 's Goalie,"152,57,460,491",the goal post,"4,66,295,431",,,,,,,,,,,,
0944,155007,open_set,a boy swinging on a swing .,a boy,"27,9,473,512",a swing,"1,1,424,337",,,,,,,,,,,,
0945,157727,open_set,A hiker resting in a field .,a field,"1,274,512,512",A hiker,"344,139,510,503",,,,,,,,,,,,
0946,154962,open_set,A group of men playing soccer in a stadium full of people .,A group of men,"40,240,458,483",a stadium full of people,"1,1,512,278",,,,,,,,,,,,
0947,157815,open_set,A man is riding a kayak through water .,a kayak,"140,303,512,437",A man,"181,98,512,320",,,,,,,,,,,,
0948,157406,open_set,Several female lacrosse players are going after a ball .,a ball,"348,119,365,148",Several female lacrosse players,"1,37,304,512",,,,,,,,,,,,
0949,154465,open_set,A racer on an ATV leaves the ground in a jump .,an ATV,"104,168,505,388",A racer,"196,88,419,283",,,,,,,,,,,,
0950,153944,open_set,A crowd watches as a woman draws caricatures .,A crowd,"3,124,512,508",a woman,"178,225,364,460",,,,,,,,,,,,
0951,154476,open_set,A statue of an athletic man on a large stone staircase .,A statue of an athletic man,"321,26,363,199",a large stone staircase,"89,419,512,512",,,,,,,,,,,,
0952,154791,open_set,A dog playing in some water .,some water,"247,19,355,437",A dog,"1,54,512,478",,,,,,,,,,,,
0953,156913,open_set,Three men stand in a forest among a dense cluster of large tree trunks .,a dense cluster of large tree trunks,"3,1,509,512",Three men,"158,113,318,468",,,,,,,,,,,,
0954,157075,open_set,"Person sleeping on the subway , while sitting beside someone .",Person,"14,197,385,510",someone,"328,148,400,512",,,,,,,,,,,,
0955,157363,open_set,Two men playful save while a woman looks on .,Two men,"6,54,510,512",a woman,"320,184,498,359",,,,,,,,,,,,
0956,154350,open_set,Two young boys using kick boards to learn how to swim .,kick boards,"64,191,293,348",Two young boys,"169,149,471,301",,,,,,,,,,,,
0957,155756,open_set,A black dog runs in front of a large brown and white bull .,a large brown and white bull,"217,3,510,410",A black dog,"33,247,183,452",,,,,,,,,,,,
0958,158819,open_set,A woman cutting construction paper for a detailed project .,construction paper,"325,461,448,512",A woman,"3,2,512,512",,,,,,,,,,,,
0959,157025,open_set,Two boys playing flag football with purple jerseys .,Two boys,"34,144,324,436",purple jerseys,"83,141,305,249",,,,,,,,,,,,
0960,156997,open_set,A motorcycle cop monitors a crowd of people .,a crowd of people,"10,3,512,510",A motorcycle cop,"217,6,342,510",,,,,,,,,,,,
0961,155787,open_set,A silhouette of a man in a hat on a busy city street .,A silhouette of a man,"160,214,394,512",a hat,"214,212,348,321",,,,,,,,,,,,
0962,154351,open_set,The two boys are swimming with boogie boards .,boogie boards,"64,191,293,348",The two boys,"169,149,471,301",,,,,,,,,,,,
0963,158260,open_set,There is a group of people looking at a life sized gorilla .,gorilla,"204,186,257,254",a group of people,"40,212,425,509",,,,,,,,,,,,
0964,157116,open_set,A woman swinging a tennis racket on the court .,A woman,"55,89,510,502",a tennis racket,"82,31,231,160",,,,,,,,,,,,
0965,154687,open_set,A teenager playing with a younger child .,a younger child,"284,139,466,359",A teenager,"2,2,347,349",,,,,,,,,,,,
0966,156055,open_set,A worker sleeping outside in a chair during the daytime .,a chair,"234,316,261,512",A worker,"180,173,512,512",,,,,,,,,,,,
0967,155296,open_set,A black man drinking out of a paper cup .,a paper cup,"432,289,502,369",A black man,"39,138,502,510",,,,,,,,,,,,
0968,154991,open_set,A woman with a tan purse is running across a city street .,a tan purse,"64,84,124,273",A woman,"1,15,185,499",,,,,,,,,,,,
0969,154907,open_set,A young man in a white t-shirt is looking at the photographer .,A young man,"40,44,512,512",a white t-shirt,"59,292,492,508",,,,,,,,,,,,
0970,157732,open_set,A woman playing a guitar .,A woman,"5,135,512,512",a guitar,"5,135,512,512",,,,,,,,,,,,
0971,158052,open_set,A man on a cliff .,A man,"168,170,209,474",a cliff,"122,460,257,512",,,,,,,,,,,,
0972,156337,open_set,two woman looking into a glass case .,a glass case,"3,416,512,512",two woman,"17,49,479,499",,,,,,,,,,,,
0973,158508,open_set,A group of teenagers stand and sit on a house porch .,a house porch,"93,398,507,512",A group of teenagers,"135,59,462,478",,,,,,,,,,,,
0974,154571,open_set,A person is surfing a big wave .,A person,"247,240,270,331",a big wave,"1,205,512,511",,,,,,,,,,,,
0975,157114,open_set,A woman intensely playing tennis in an all-white outfit .,an all-white outfit,"213,88,464,318",A woman,"55,89,510,502",,,,,,,,,,,,
0976,155833,open_set,Two kids after having their faces painted .,Two kids,"1,35,512,512",their faces,"80,107,416,338",,,,,,,,,,,,
0977,155613,open_set,A dog leaps in the air to catch a red Frisbee .,a red Frisbee,"154,186,202,258",A dog,"181,170,454,379",,,,,,,,,,,,
0978,155926,open_set,A red car driving over a bridge .,a bridge,"1,24,512,512",A red car,"58,197,457,412",,,,,,,,,,,,
0979,158095,open_set,A man is about to do a belly-smacker into the pool .,the pool,"1,379,512,512",A man,"43,124,453,369",,,,,,,,,,,,
0980,158633,open_set,A woman and two children are swimming in water .,A woman,"174,118,276,234",two children,"365,1,512,288",,,,,,,,,,,,
0981,153915,open_set,This band is playing on a stage .,This band,"128,5,434,402",a stage,"66,324,512,512",,,,,,,,,,,,
0982,157782,open_set,A little curly hair girl drinking from a big cup .,a big cup,"328,189,490,387",A little curly hair girl,"116,1,510,509",,,,,,,,,,,,
0983,155504,open_set,Two dogs playing on grass .,grass,"1,2,512,510",Two dogs,"66,58,409,459",,,,,,,,,,,,
0984,154971,open_set,A blond child is playing with a metal yard ornament .,a metal yard ornament,"318,49,441,279",A blond child,"68,40,387,466",,,,,,,,,,,,
0985,153919,open_set,A semi-nude mannequin is posed in the window .,the window,"1,1,452,233",A semi-nude mannequin,"209,23,398,229",,,,,,,,,,,,
0986,154677,open_set,A baseball player hits baseball .,A baseball player,"247,127,385,435",baseball,"138,122,177,190",,,,,,,,,,,,
0987,155754,open_set,A couple standing under a sign .,a sign,"231,1,404,452",A couple,"293,176,437,467",,,,,,,,,,,,
0988,158230,open_set,Construction workers stand near tracks at night .,tracks,"3,278,510,461",Construction workers,"130,159,364,314",,,,,,,,,,,,
0989,154038,open_set,A motorcyclist is sporting a very colorful helmet .,a very colorful helmet,"46,21,287,366",A motorcyclist,"1,23,403,510",,,,,,,,,,,,
0990,155734,open_set,A woman in a dark jacket sitting n a bus .,A woman,"132,87,340,502",a dark jacket,"136,187,301,441",,,,,,,,,,,,
0991,154734,open_set,A tan dog is running along a river .,a river,"1,176,512,512",A tan dog,"228,54,257,103",,,,,,,,,,,,
0992,154339,open_set,Two women look at a cameraman while walking through a crowd .,a crowd,"1,105,512,512",Two women,"129,180,311,512",,,,,,,,,,,,
0993,158276,open_set,A man plays music to a crowd of people .,A man,"347,132,391,234",a crowd of people,"1,246,437,512",,,,,,,,,,,,
0994,157921,open_set,Two people are looking down at sculptures on the street .,Two people,"201,20,455,452",sculptures,"15,173,497,462",,,,,,,,,,,,
0995,156116,open_set,4 young adults are lined up to get onto a school bus .,4 young adults,"204,165,465,487",a school bus,"1,84,362,386",,,,,,,,,,,,
0996,158158,open_set,A girl jumping in the air on the beach in front of the water .,the water,"3,304,512,409",A girl,"70,58,404,402",,,,,,,,,,,,
0997,158012,open_set,Young girl in tunnel slide,Young girl,"144,66,368,484",tunnel slide,"3,1,512,510",,,,,,,,,,,,
0998,157660,open_set,Baseball player looking out into a stadium crowd,Baseball player,"51,223,203,475",a stadium crowd,"1,231,512,329",,,,,,,,,,,,
0999,156640,open_set,The dancers wore beautiful colors during the performance .,beautiful colors,"41,47,512,486",The dancers,"37,33,512,490",,,,,,,,,,,,
1000,158406,open_set,Dog carry leash in mouth runs through marsh .,Dog,"89,81,290,424",mouth,"224,176,275,312",,,,,,,,,,,,
1001,155851,open_set,A black and white dog is running in the grass .,A black and white dog,"75,242,368,472",the grass,"1,235,512,512",,,,,,,,,,,,
1002,158787,open_set,A man is working underneath a blue older model car .,a blue older model car,"152,5,512,431",A man,"163,301,492,475",,,,,,,,,,,,
1003,156096,open_set,A small dog bites a ladies fingers .,A small dog,"68,32,451,510",a ladies fingers,"159,234,482,512",,,,,,,,,,,,
1004,156779,open_set,The photo looks down on a street where five pedestrians are walking .,five pedestrians,"3,166,462,482",a street,"5,195,508,508",,,,,,,,,,,,
1005,158498,open_set,Girls participating in a basketball game in front of a crowd .,a crowd,"1,179,512,512",Girls,"146,59,510,512",,,,,,,,,,,,
1006,155173,open_set,A bunch of boats in the nice blue water .,the nice blue water,"1,421,508,469",A bunch of boats,"10,19,456,506",,,,,,,,,,,,
1007,154946,open_set,People stand outside of the Rite Aid pharmacy on Broadway .,People,"135,318,354,468",the Rite Aid pharmacy,"223,3,512,427",,,,,,,,,,,,
1008,155419,open_set,A officer is standing by a car .,a car,"192,209,396,441",A officer,"130,164,185,428",,,,,,,,,,,,
1009,154964,open_set,The soccer players are walking on the field .,the field,"1,241,512,512",The soccer players,"40,240,458,483",,,,,,,,,,,,
1010,156846,open_set,A woman standing at the counter of a takeout window .,A woman,"284,146,478,364",the counter of a takeout window,"277,5,510,376",,,,,,,,,,,,
1011,156809,open_set,Here is a picture of a man waiting for the bus to pick him up and he is hiding his face .,the bus,"19,3,512,371",a picture of a man,"110,196,226,444",,,,,,,,,,,,
1012,157734,open_set,Three utility workers on a telephone pole .,Three utility workers,"269,228,377,495",a telephone pole,"214,297,415,449",,,,,,,,,,,,
1013,155355,open_set,Three rescue workers in an orange boat racing to an emergency .,Three rescue workers,"162,173,269,255",an orange boat,"63,193,367,399",,,,,,,,,,,,
1014,155771,open_set,A person on a dirt bike soaring through the air sideways .,A person,"197,194,363,269",a dirt bike,"225,206,357,265",,,,,,,,,,,,
1015,155900,open_set,Two girls are raising another girl in the air .,another girl,"44,16,512,224",Two girls,"92,80,435,512",,,,,,,,,,,,
1016,157726,open_set,a man relaxes with his backpack .,a man,"344,139,510,503",his backpack,"221,228,367,391",,,,,,,,,,,,
1017,156265,open_set,Two girls lay upside down on their bed .,Two girls,"1,1,512,512",their bed,"5,186,506,512",,,,,,,,,,,,
1018,156687,open_set,The gray and white dog is walking on gravel .,The gray and white dog,"154,44,420,468",gravel,"3,77,509,507",,,,,,,,,,,,
1019,158014,open_set,A yellow motorcycle is being ridden on a racetrack .,A yellow motorcycle,"76,129,335,464",a racetrack,"1,438,510,510",,,,,,,,,,,,
1020,156186,open_set,A broken down hummer gets towed on a truck bed .,A broken down hummer,"88,94,432,444",a truck bed,"30,83,476,508",,,,,,,,,,,,
1021,154702,open_set,A guy in a restaurant is sweeping the floor,the floor,"151,201,512,512",A guy,"39,1,172,356",,,,,,,,,,,,
1022,157547,open_set,two individuals intertwined along a cement walkway .,a cement walkway,"1,465,512,512",two individuals,"147,136,488,481",,,,,,,,,,,,
1023,156880,open_set,A bird 's eye view of a man in a white shirt working outside .,a white shirt,"269,270,350,394",a man,"267,271,369,415",,,,,,,,,,,,
1024,157357,open_set,A brunette woman is painting large mural on the ground .,A brunette woman,"4,5,295,201",large mural,"4,28,510,509",,,,,,,,,,,,
1025,156390,open_set,A man is working in a small store with his cat .,A man,"187,50,357,512",his cat,"141,195,201,342",,,,,,,,,,,,
1026,154104,open_set,Orange cones and traffic workers .,traffic workers,"64,230,289,365",Orange cones,"1,256,484,433",,,,,,,,,,,,
1027,155237,open_set,Several children are playing with squirt guns in the road .,squirt guns,"80,228,393,502",Several children,"103,145,269,512",,,,,,,,,,,,
1028,155847,open_set,A martial arts contest takes place in a ring in front of spectators .,spectators,"1,36,512,492",a ring,"2,190,509,510",,,,,,,,,,,,
1029,153984,open_set,A brown dog plays at the beach .,A brown dog,"37,18,297,456",the beach,"3,2,510,507",,,,,,,,,,,,
1030,154627,open_set,A boy that is chasing a bird .,a bird,"81,90,332,200",A boy,"170,188,415,494",,,,,,,,,,,,
1031,157838,open_set,A street performer dressed as a statue stands in the middle of a street .,A street performer,"5,128,312,441",a statue,"5,128,312,441",,,,,,,,,,,,
1032,157413,open_set,A woman riding a bicycle in a field .,a bicycle,"222,259,260,342",A woman,"221,214,260,335",,,,,,,,,,,,
1033,155709,open_set,A man and women walking talking a picture .,women,"278,138,397,455",A man,"171,138,397,455",,,,,,,,,,,,
1034,158340,open_set,A group of young people enjoy a fair ride .,a fair ride,"80,1,344,512",A group of young people,"122,47,304,413",,,,,,,,,,,,
1035,156652,open_set,A little baby holds the head of his older brother,the head of his older brother,"237,88,354,172",A little baby,"43,31,297,272",,,,,,,,,,,,
1036,154191,open_set,a couple cuddling in a corner on a set of stares,a corner,"130,1,400,488",a couple,"143,133,346,472",,,,,,,,,,,,
1037,158368,open_set,A woman is building a bike in a shop .,A woman,"204,1,508,510",a bike,"1,2,296,457",,,,,,,,,,,,
1038,154839,open_set,A boy is jumping forwards down a water slide .,a water slide,"1,2,512,512",A boy,"136,3,370,257",,,,,,,,,,,,
1039,158716,open_set,A boy is doing bike tricks while a group of three other boys looks on .,A boy,"49,124,220,283",a group of three other boys,"95,236,188,345",,,,,,,,,,,,
1040,158027,open_set,An old lady working at a cash registrar .,a cash registrar,"124,99,411,371",An old lady,"54,136,218,385",,,,,,,,,,,,
1041,158369,open_set,A woman fixing a bicycle .,A woman,"204,1,508,510",a bicycle,"1,2,296,457",,,,,,,,,,,,
1042,156000,open_set,A hockey goalie stands in front of the net at the ready .,A hockey goalie,"152,57,460,491",the net,"4,66,295,431",,,,,,,,,,,,
1043,157455,open_set,4 teenagers are standing outside a Wells Fargo bank .,4 teenagers,"121,178,455,370",a Wells Fargo bank,"2,5,458,507",,,,,,,,,,,,
1044,158528,open_set,A lone figure walks along a desolate highway .,a desolate highway,"3,328,512,512",A lone figure,"379,331,404,423",,,,,,,,,,,,
1045,155615,open_set,"A high jumper goes at his craft , leaping over the pole as a bright sky of blue and occasional white clouds pass overhead .",A high jumper,"162,261,413,440",the pole,"3,313,512,335",,,,,,,,,,,,
1046,154840,open_set,a boy jumps onto a inflatable water slide,a inflatable water slide,"1,2,512,512",a boy,"136,3,370,257",,,,,,,,,,,,
1047,156509,open_set,Two people are laying in a bed in the middle of a department store aisle .,a bed,"3,279,453,509",Two people,"167,217,327,318",,,,,,,,,,,,
1048,155142,open_set,A couple kisses in a shady walkway .,A couple,"215,232,335,512",a shady walkway,"1,374,507,512",,,,,,,,,,,,
1049,155981,open_set,The football player runs with the ball across the field .,the ball,"227,282,258,333",The football player,"234,121,375,485",,,,,,,,,,,,
1050,153914,open_set,A band playing on a colorful stage .,A band,"128,5,434,402",a colorful stage,"1,3,333,348",,,,,,,,,,,,
1051,153920,open_set,A mannequin behind a blue car .,a blue car,"5,130,512,502",A mannequin,"209,23,398,229",,,,,,,,,,,,
1052,154936,open_set,A family is having a meal together at home .,A family,"2,130,263,512",a meal,"109,246,300,461",,,,,,,,,,,,
1053,157610,open_set,The lady takes a picture of the little girl on the ride .,The lady,"97,34,228,484",the ride,"332,187,465,490",,,,,,,,,,,,
1054,157380,open_set,People brace themselves on a carnival ride .,a carnival ride,"14,41,116,361",People,"18,35,512,362",,,,,,,,,,,,
1055,156109,open_set,The teenage boy is grinding a skateboard on a steep rail .,The teenage boy,"208,101,301,253",a steep rail,"1,117,512,375",,,,,,,,,,,,
1056,155149,open_set,A black bird sitting in a leafless tree .,a leafless tree,"1,1,509,512",A black bird,"222,241,267,312",,,,,,,,,,,,
1057,158804,open_set,A woman sitting next to roses .,roses,"267,146,327,226",A woman,"110,258,252,510",,,,,,,,,,,,
1058,154635,open_set,People walking through a garden in the middle of a city .,a garden,"2,206,512,512",People,"36,260,142,424",,,,,,,,,,,,
1059,156380,open_set,The people are racing horses .,The people,"81,226,497,379",horses,"50,285,510,468",,,,,,,,,,,,
1060,154000,open_set,People without shoes on acting like they are sleeping .,People,"1,3,428,510",shoes,"53,465,175,512",,,,,,,,,,,,
1061,158266,open_set,Couple taking baby for a walk in a stroller .,a stroller,"94,231,248,502",Couple,"164,56,357,512",,,,,,,,,,,,
1062,157102,open_set,Two people dressed in black are leaving .,Two people,"303,170,454,487",black,"300,190,437,488",,,,,,,,,,,,
1063,158419,open_set,Four Asian toddlers nap on a floor .,a floor,"1,118,512,510",Four Asian toddlers nap,"4,118,512,395",,,,,,,,,,,,
1064,156474,open_set,Two terrier dogs frolic on the beach .,the beach,"2,31,509,509",Two terrier dogs,"97,147,386,376",,,,,,,,,,,,
1065,156017,open_set,A woman alone in the rain with a blue umbrella .,A woman,"169,55,323,512",a blue umbrella,"107,9,367,335",,,,,,,,,,,,
1066,157750,open_set,A young girl is carrying two large black shopping bags .,two large black shopping bags,"1,114,415,496",A young girl,"121,21,443,510",,,,,,,,,,,,
1067,156262,open_set,A woman is holding a baby and smiling .,A woman,"98,50,474,502",a baby,"120,123,258,512",,,,,,,,,,,,
1068,156177,open_set,A man and a woman out for a stroll .,a woman,"303,156,393,512",A man,"262,236,313,390",,,,,,,,,,,,
1069,156938,open_set,A bicyclist attempting to pay for a transportation ticket at a kiosk .,A bicyclist,"2,4,291,512",a kiosk,"176,2,512,512",,,,,,,,,,,,
1070,155992,open_set,A blond girl holds a small plastic doll .,a small plastic doll,"215,401,364,507",A blond girl,"67,2,512,512",,,,,,,,,,,,
1071,158016,open_set,A yellow motorcycle drives down the road .,A yellow motorcycle,"76,129,335,464",the road,"1,438,510,510",,,,,,,,,,,,
1072,154780,open_set,A young woman gives directions to an older woman outside a subway station .,A young woman,"186,87,327,376",an older woman,"390,88,478,365",,,,,,,,,,,,
1073,153985,open_set,A dog is standing in the sand .,A dog,"37,18,297,456",the sand,"3,2,510,507",,,,,,,,,,,,
1074,155030,open_set,A lot of people are gathered around a mosque-like building .,A lot of people,"33,330,512,512",a mosque-like building,"48,23,436,398",,,,,,,,,,,,
1075,155832,open_set,A pair of unhappy children with painted faces .,A pair of unhappy children,"1,35,512,512",painted faces,"80,107,416,338",,,,,,,,,,,,
1076,154048,open_set,A man in a chef uniform cooking in a restaurants kitchen .,A man,"120,34,389,342",a chef uniform,"119,36,391,363",,,,,,,,,,,,
1077,154258,open_set,"A young blond-haired girl is playing on the limbs of a tree , close to a leaf covered ground .",A young blond-haired girl,"140,137,290,345",the limbs of a tree,"1,6,512,434",,,,,,,,,,,,
1078,155077,open_set,A shirtless male runner with long red-hair flexing .,A shirtless male runner,"118,24,396,512",long red-hair,"218,25,302,203",,,,,,,,,,,,
1079,154070,open_set,a biker bikes through the woods .,a biker,"156,30,481,512",the woods,"11,3,510,426",,,,,,,,,,,,
1080,156866,open_set,An older man laughs while cruising on a boat .,An older man,"83,69,455,507",a boat,"1,1,336,512",,,,,,,,,,,,
1081,154632,open_set,A woman rides a bike on a dirt path .,A woman,"118,117,347,389",a bike,"137,196,347,509",,,,,,,,,,,,
1082,154282,open_set,Two workers stand at an entrance .,Two workers,"101,170,381,429",an entrance,"137,9,337,495",,,,,,,,,,,,
1083,157111,open_set,A man and a woman at an outing talking to each other .,A man,"224,83,406,510",a woman,"2,103,272,512",,,,,,,,,,,,
1084,156572,open_set,A white dog is playing with a plastic bag .,a plastic bag,"61,223,424,490",A white dog,"23,2,395,512",,,,,,,,,,,,
1085,154146,open_set,A baby boy in overalls is crying .,overalls,"214,187,363,462",A baby boy,"145,1,480,512",,,,,,,,,,,,
1086,158238,open_set,A black dog runs on green grass towards the camera .,green grass,"1,1,512,508",A black dog,"178,133,289,435",,,,,,,,,,,,
1087,158398,open_set,A woman in a apron is working in a cafe .,A woman,"21,47,263,406",a apron,"27,194,267,413",,,,,,,,,,,,
1088,156887,open_set,A worker cleaning up a demolition site .,a demolition site,"1,112,510,512",A worker,"309,134,384,341",,,,,,,,,,,,
1089,154046,open_set,A chef is currently preparing food in a kitchen looking outside .,A chef,"120,34,389,342",food,"388,94,484,165",,,,,,,,,,,,
1090,158131,open_set,A little boy is going down a blue slide .,a blue slide,"85,79,492,475",A little boy,"200,17,429,410",,,,,,,,,,,,
1091,155667,open_set,A blond-haired mother is holding her newborn baby .,A blond-haired mother,"103,101,512,510",her newborn baby,"235,249,384,512",,,,,,,,,,,,
1092,158738,open_set,Tourists observe a geographic landmark through viewfinders .,viewfinders,"275,10,363,151",Tourists,"30,26,461,486",,,,,,,,,,,,
1093,156927,open_set,A man on a bmx .,a bmx,"202,16,374,329",A man,"159,135,332,436",,,,,,,,,,,,
1094,157093,open_set,Several people standing in silhouette looking over a balcony .,Several people,"1,158,512,466",a balcony,"2,258,509,510",,,,,,,,,,,,
1095,156812,open_set,A man waiting for the bus .,the bus,"19,3,512,371",A man,"110,196,226,444",,,,,,,,,,,,
1096,155703,open_set,An old man juggling fire outside a street corner .,fire,"125,58,342,512",An old man,"123,152,339,512",,,,,,,,,,,,
1097,157754,open_set,This person is cleaning the building using a green bucket .,a green bucket,"262,386,314,438",This person,"146,305,321,434",,,,,,,,,,,,
1098,155914,open_set,Two children with adults in the background .,adults,"148,1,512,366",Two children,"113,112,510,512",,,,,,,,,,,,
1099,155498,open_set,Rammstein performing a stage show with high caliber pyrotechnics .,high caliber pyrotechnics,"132,46,420,285",Rammstein,"86,148,495,432",,,,,,,,,,,,
1100,157313,open_set,One young girl reads a book to another .,a book,"77,368,245,445",One young girl,"8,45,304,512",,,,,,,,,,,,
1101,158165,open_set,Young children on a sandy beach playing with a sea turtle .,Young children,"1,3,296,465",a sea turtle,"165,364,393,512",,,,,,,,,,,,
1102,156738,open_set,A lady rides her pony in a victory lap after competing in an English riding competition .,her pony,"10,104,484,498",A lady,"30,14,375,349",,,,,,,,,,,,
1103,157299,open_set,A blond girl and two American flags,two American flags,"1,231,509,512",A blond girl,"46,3,512,512",,,,,,,,,,,,
1104,154092,open_set,People are walking across the street at a crosswalk .,a crosswalk,"3,253,512,512",People,"111,149,402,476",,,,,,,,,,,,
1105,157154,open_set,There are three women with cameras talking on the beach .,three women,"331,83,463,249",cameras,"373,90,389,121",,,,,,,,,,,,
1106,154211,open_set,A dog is jumping in some sand .,A dog,"53,98,385,387",some sand,"1,184,505,512",,,,,,,,,,,,
1107,156110,open_set,Man with helmet performing a trick while rollerblading .,helmet,"244,139,283,155",Man,"208,101,301,253",,,,,,,,,,,,
1108,156449,open_set,A little boy is eating a red Popsicle .,A little boy,"4,11,505,485",a red Popsicle,"229,258,354,369",,,,,,,,,,,,
1109,154572,open_set,A surfer rides a green wave .,A surfer,"247,240,270,331",a green wave,"1,205,512,511",,,,,,,,,,,,
1110,154861,open_set,A little boy holding a guitar .,a guitar,"116,247,509,450",A little boy,"113,7,352,512",,,,,,,,,,,,
1111,156191,open_set,A man in a bike race jumping over a small obstacle .,a small obstacle,"128,347,512,512",A man,"166,76,367,345",,,,,,,,,,,,
1112,155133,open_set,a red suv with a woman inside,a red suv,"55,128,492,470",a woman,"201,159,267,256",,,,,,,,,,,,
1113,155651,open_set,A little girl is playing with some leaves outside during autumn .,some leaves,"1,223,512,512",A little girl,"29,193,266,438",,,,,,,,,,,,
1114,156886,open_set,A man in a hard hat stand on top of a pile of rubble .,a pile of rubble,"1,112,510,512",A man,"309,134,384,341",,,,,,,,,,,,
1115,156684,open_set,a small black and white puppy running along a gravel path next to a larger dog in the background .,a larger dog,"154,44,420,468",a small black and white puppy,"154,44,420,468",,,,,,,,,,,,
1116,154536,open_set,A costume worn by this little boy is making him feel a little insecure .,A costume,"274,138,512,363",this little boy,"285,72,512,446",,,,,,,,,,,,
1117,157437,open_set,A construction worker is standing next to a hole in the ground .,A construction worker,"291,250,343,424",a hole,"394,257,459,396",,,,,,,,,,,,
1118,157467,open_set,A blond woman walks by a harbor .,A blond woman,"310,70,459,512",a harbor,"3,206,205,510",,,,,,,,,,,,
1119,154262,open_set,A young girl exploring the woods .,the woods,"4,1,512,420",A young girl,"140,137,290,345",,,,,,,,,,,,
1120,156961,open_set,man driving a race car competitively,a race car,"28,161,498,377",man,"263,191,339,252",,,,,,,,,,,,
1121,154043,open_set,Scaffolding ladders placed on a stair way path .,Scaffolding ladders,"155,87,292,400",a stair way path,"111,246,501,510",,,,,,,,,,,,
1122,156338,open_set,Two people are climbing and outdoor artificial climbing wall .,Two people,"174,140,382,410",outdoor artificial climbing wall,"152,1,420,512",,,,,,,,,,,,
1123,154295,open_set,Two brown dogs walking through snow .,snow,"1,1,510,512",Two brown dogs,"25,49,437,477",,,,,,,,,,,,
1124,154619,open_set,Two children and a woman are playing in a water fountain .,a woman,"346,103,437,391",Two children,"72,219,232,406",,,,,,,,,,,,
1125,158518,open_set,A person is sitting behind two large baskets of bread .,A person,"203,16,356,205",two large baskets of bread,"12,275,476,512",,,,,,,,,,,,
1126,154057,open_set,A man wearing a harley-davidson hat working in a cornfield .,A man,"137,11,373,509",a harley-davidson hat,"263,9,364,93",,,,,,,,,,,,
1127,158048,open_set,The man has a blue shirt on and is standing in front of some snowy mountains .,The man,"168,170,209,474",a blue shirt,"161,215,206,305",,,,,,,,,,,,
1128,155749,open_set,One man is rolling in an anchor for a boat .,One man,"222,43,462,512",an anchor,"48,135,290,510",,,,,,,,,,,,
1129,154124,open_set,A rider is being ready to ride a horse .,A rider,"72,171,225,512",a horse,"134,77,512,508",,,,,,,,,,,,
1130,157191,open_set,Two men stand and row a thin boat in the ocean .,Two men,"271,325,393,396",a thin boat,"182,379,427,410",,,,,,,,,,,,
1131,157852,open_set,Many people in formation on a field .,formation,"73,76,453,354",Many people,"1,125,450,471",,,,,,,,,,,,
1132,157862,open_set,A blond boy wearing water wings bends down at the beach .,A blond boy,"137,48,401,478",water wings,"69,62,449,237",,,,,,,,,,,,
1133,158712,open_set,A woman sits behind her produce at a market .,her produce,"1,228,512,512",A woman,"172,25,367,356",,,,,,,,,,,,
1134,154538,open_set,A father and a son are tucked tightly together while sleeping .,a son,"80,133,350,394",A father,"79,72,505,454",,,,,,,,,,,,
1135,154340,open_set,A man drinks a purple liquid on a crowded street .,A man,"268,111,512,512",a purple liquid,"424,161,512,261",,,,,,,,,,,,
1136,156495,open_set,A group of young men hand out in a park with their skateboards .,A group of young men,"168,19,467,465",their skateboards,"414,213,485,310",,,,,,,,,,,,
1137,154321,open_set,A dog runs through the snow .,the snow,"2,283,512,512",A dog,"60,24,329,499",,,,,,,,,,,,
1138,154173,open_set,A little girl blowing bubbles .,bubbles,"239,183,269,211",A little girl,"61,20,428,512",,,,,,,,,,,,
1139,158007,open_set,A woman sits with various bowls of food .,A woman,"11,16,237,406",various bowls of food,"147,6,512,512",,,,,,,,,,,,
1140,154257,open_set,A woman is walking her dog along a snowy ground .,her dog,"283,280,462,442",A woman,"108,19,203,457",,,,,,,,,,,,
1141,157846,open_set,A soccer player is running while kicking a ball .,A soccer player,"130,128,342,504",a ball,"295,404,339,475",,,,,,,,,,,,
1142,155723,open_set,Cleanup workers on cleaning on the road .,Cleanup workers,"6,92,195,224",the road,"1,176,512,512",,,,,,,,,,,,
1143,156811,open_set,A man awaits a double-decker bus .,a double-decker bus,"19,3,512,371",A man,"110,196,226,444",,,,,,,,,,,,
1144,155522,open_set,"Four children on a trampoline , in a snow covered area .",a trampoline,"1,242,452,512",Four children,"12,1,371,512",,,,,,,,,,,,
1145,154457,open_set,A dog bites the tail of another dog .,the tail of another dog,"249,375,267,398",A dog,"1,1,282,439",,,,,,,,,,,,
1146,154751,open_set,Kids playing cricket with pads on,Kids,"39,167,502,390",pads,"127,230,332,281",,,,,,,,,,,,
1147,154927,open_set,A grocery store checkout where a checker is counting out change .,a checker,"134,137,287,387",change,"173,316,209,352",,,,,,,,,,,,
1148,155433,open_set,A little boy walking on railroad tracks .,A little boy,"111,267,175,435",railroad tracks,"1,245,471,512",,,,,,,,,,,,
1149,156604,open_set,"Ever since his baby girl started coming to the arcade with him , the dad enjoys watching others play his favorite pinball game .",the dad,"55,3,503,510",his baby girl,"71,149,265,510",,,,,,,,,,,,
1150,155028,open_set,A man is singing and playing a guitar on stage .,A man,"2,27,512,512",a guitar,"1,408,512,512",,,,,,,,,,,,
1151,156909,open_set,A basketball game showing Lafayette player number 32 and Penn State player number 23 .,Penn State player number 23,"239,214,502,512",Lafayette player number,"225,327,276,355",,,,,,,,,,,,
1152,154226,open_set,Two young women perform with hula hoops on the street .,Two young women,"1,45,386,483",the street,"1,175,512,512",,,,,,,,,,,,
1153,157496,open_set,A skateboarder in midair above an indoor ramp .,A skateboarder,"238,84,341,164",an indoor ramp,"4,88,382,232",,,,,,,,,,,,
1154,158809,open_set,A man chips away at cement in a hole .,A man,"1,1,274,291",a hole,"88,179,416,346",,,,,,,,,,,,
1155,156316,open_set,A black dog makes a huge splash for a red ball .,a red ball,"33,278,55,311",A black dog,"129,161,211,269",,,,,,,,,,,,
1156,157127,open_set,A child is looking out of a door .,A child,"144,31,380,459",a door,"2,3,202,512",,,,,,,,,,,,
1157,156980,open_set,Two guys are sitting and a lady is sleeping .,a lady,"79,59,357,512",Two guys,"98,35,450,510",,,,,,,,,,,,
1158,155344,open_set,A girl is all decked out with razzling jewelry .,razzling jewelry,"75,235,299,319",A girl,"1,3,508,512",,,,,,,,,,,,
1159,154237,open_set,A child is going down a slide .,a slide,"37,262,381,512",A child,"173,222,284,419",,,,,,,,,,,,
1160,155391,open_set,An older black man plays an electric guitar on a city street .,an electric guitar,"192,230,418,373",An older black man,"185,112,373,510",,,,,,,,,,,,
1161,154154,open_set,A blond little boy smiling inside a car and wearing an Elmo shirt .,A blond little boy,"135,46,487,507",an Elmo shirt,"132,225,456,512",,,,,,,,,,,,
1162,158354,open_set,A young boy on the beach by ropes .,A young boy,"157,182,241,348",ropes,"4,178,434,349",,,,,,,,,,,,
1163,157126,open_set,A shirtless toddler staring out the window .,A shirtless toddler,"144,31,380,459",the window,"2,3,202,512",,,,,,,,,,,,
1164,158391,open_set,A black and white dog jumps high to get a green Frisbee .,a green Frisbee,"250,146,281,193",A black and white dog,"97,191,278,479",,,,,,,,,,,,
1165,154914,open_set,Two people play horseshoes .,horseshoes,"200,348,306,415",Two people,"90,60,414,219",,,,,,,,,,,,
1166,158212,open_set,Firefighters walk down a street with a red tape strung across the area .,Firefighters,"3,116,512,512",a red tape,"2,207,512,512",,,,,,,,,,,,
1167,158828,open_set,This boy is wearing a red Power Rangers helmet .,a red Power Rangers helmet,"189,21,363,200",This boy,"147,27,410,512",,,,,,,,,,,,
1168,158030,open_set,A woman is chatting as she drinks her coffee .,her coffee,"19,304,165,419",A woman,"295,1,510,512",,,,,,,,,,,,
1169,156591,open_set,Two race cars are going down a racetrack bend .,Two race cars,"134,30,342,285",a racetrack bend,"247,55,510,436",,,,,,,,,,,,
1170,156385,open_set,A man is getting into a red car .,A man,"227,140,319,436",a red car,"2,194,390,512",,,,,,,,,,,,
1171,156305,open_set,Pair of women holding umbrellas walking down a street in wet weather .,Pair of women,"51,342,391,512",umbrellas,"2,183,476,399",,,,,,,,,,,,
1172,155225,open_set,A gray-haired man and a blond younger woman listen to someone speak to them at an outside cafe .,A gray-haired man,"31,1,238,201",a blond younger woman,"132,173,332,512",,,,,,,,,,,,
1173,154717,open_set,Small boy laying on wooden floor .,Small boy,"258,154,375,280",wooden floor,"1,218,512,512",,,,,,,,,,,,
1174,158080,open_set,a litttle baby plays with her teddy bear .,a litttle baby,"30,116,475,506",her teddy bear,"3,228,233,510",,,,,,,,,,,,
1175,154809,open_set,A person is taking a shower in a dark room .,A person,"105,87,323,512",a shower,"83,49,160,174",,,,,,,,,,,,
1176,154923,open_set,A large crowd of people and most of them are sitting on folding chairs .,folding chairs,"106,336,229,512",A large crowd of people,"3,199,369,512",,,,,,,,,,,,
1177,158126,open_set,A surfboarder catches the waves .,A surfboarder,"330,29,447,296",the waves,"4,140,509,305",,,,,,,,,,,,
1178,154274,open_set,The man wearing a white shirt stopped to take a picture .,The man,"195,29,280,499",a white shirt,"203,64,282,277",,,,,,,,,,,,
1179,157997,open_set,A squirrel jumps in the snow .,A squirrel,"205,78,477,310",the snow,"1,3,512,465",,,,,,,,,,,,
1180,156127,open_set,A man sits in a booth at a diner .,a diner,"143,273,256,411",A man,"143,273,256,411",,,,,,,,,,,,
1181,154755,open_set,A man and woman pose in front of some traffic .,A man,"102,134,488,509",woman,"104,150,252,512",,,,,,,,,,,,
1182,157617,open_set,A man sits on a rock near mountains .,a rock,"1,154,509,512",A man,"372,62,455,202",,,,,,,,,,,,
1183,157580,open_set,An elderly gray-haired man standing before a storefront .,a storefront,"20,7,269,378",An elderly gray-haired man,"53,212,117,502",,,,,,,,,,,,
1184,154133,open_set,Swimmer adjusting her goggles,her goggles,"313,129,361,160",Swimmer,"209,64,421,510",,,,,,,,,,,,
1185,154213,open_set,A tennis player wearing white is jumping up to hit a ball .,A tennis player,"196,53,342,422",white,"229,107,287,435",,,,,,,,,,,,
1186,157063,open_set,A gentleman in the background watches the gentleman in the foreground demonstrate the technique for playing a game at the park on a sunny afternoon .,the gentleman,"271,133,466,409",A gentleman,"6,53,74,374",,,,,,,,,,,,
1187,154013,open_set,A man is standing on red scaffolding .,A man,"197,169,308,407",red scaffolding,"137,2,512,474",,,,,,,,,,,,
1188,156505,open_set,Woman and baby waiting at an airport .,baby,"257,188,346,359",Woman,"217,42,425,308",,,,,,,,,,,,
1189,157638,open_set,a lioness is chasing a black bison across a grassy plain .,a lioness,"1,238,286,381",a black bison,"270,147,464,378",,,,,,,,,,,,
1190,155444,open_set,A man in an orange shirt hits a golf ball .,A man,"228,210,318,469",an orange shirt,"233,249,289,360",,,,,,,,,,,,
1191,155432,open_set,A little boy walks along railroad tracks in the woods .,A little boy,"111,267,175,435",railroad tracks,"1,245,471,512",,,,,,,,,,,,
1192,156420,open_set,Two Asian ladies working at a loom .,Two Asian ladies,"76,27,428,453",a loom,"3,134,512,512",,,,,,,,,,,,
1193,156257,open_set,A woman wearing a yellow t-shirt is squinting .,A woman,"90,15,335,510",a yellow t-shirt,"146,207,334,512",,,,,,,,,,,,
1194,157155,open_set,Three people standing on a beach talking with cameras,Three people,"331,83,463,249",cameras,"373,90,389,121",,,,,,,,,,,,
1195,157767,open_set,A little boy wears a Yankees cap .,a Yankees cap,"160,4,354,169",A little boy,"62,4,415,512",,,,,,,,,,,,
1196,157601,open_set,girl child looking through a telescope in a serene setting,a telescope,"77,152,290,510",girl child,"207,116,509,510",,,,,,,,,,,,
1197,157458,open_set,Four people in front of wells fargo .,Four people,"121,178,455,370",wells,"45,234,74,255",,,,,,,,,,,,
1198,154158,open_set,Little boy with bright blue eyes smiling .,Little boy,"135,46,487,507",bright blue eyes,"214,210,316,249",,,,,,,,,,,,
1199,154190,open_set,Two people huddle together on a brownstone door stoop .,a brownstone door,"147,1,381,296",Two people,"143,133,346,472",,,,,,,,,,,,
1200,156972,open_set,A small girl climbs a rock wall .,A small girl,"51,45,334,512",a rock wall,"276,1,506,455",,,,,,,,,,,,
1201,154178,open_set,Girl jumps to spike volleyball .,Girl,"120,103,422,315",volleyball,"171,1,234,27",,,,,,,,,,,,
1202,155477,open_set,Two baseball players are trying to catch this ball and not dance with each other .,this ball,"251,183,263,202",Two baseball players,"219,172,295,416",,,,,,,,,,,,
1203,157263,open_set,A blond-haired lady in white poses for the camera .,white,"1,246,397,512",A blond-haired lady,"1,46,512,512",,,,,,,,,,,,
1204,156131,open_set,Four men are standing around the back of a truck .,the back of a truck,"59,186,494,455",Four men,"77,181,318,453",,,,,,,,,,,,
1205,158696,open_set,A dog running through the water .,the water,"1,151,510,512",A dog,"123,174,408,366",,,,,,,,,,,,
1206,157572,open_set,A man is sitting behind the driver 's wheel in a car .,the driver 's wheel,"91,154,262,285",A man,"5,12,509,437",,,,,,,,,,,,
1207,155393,open_set,An older man is playing a red guitar on the street .,a red guitar,"192,230,418,373",An older man,"185,112,373,510",,,,,,,,,,,,
1208,156419,open_set,two women working on a yarn machine .,two women,"76,27,428,453",a yarn machine,"3,134,512,512",,,,,,,,,,,,
1209,156740,open_set,A young lady equestrian riding a brown and white horse .,a brown and white horse,"10,104,484,498",A young lady equestrian,"30,14,375,349",,,,,,,,,,,,
1210,156031,open_set,Two children playing in a field .,a field,"1,357,512,490",Two children,"167,225,380,476",,,,,,,,,,,,
1211,156697,open_set,A woman prepares to bowl and red bowling ball .,A woman,"188,187,342,510",red bowling ball,"297,304,360,389",,,,,,,,,,,,
1212,156917,open_set,three men examine a tree .,a tree,"2,1,239,512",three men,"158,113,318,468",,,,,,,,,,,,
1213,158492,open_set,A group of ladies walk down a busy sidewalk .,A group of ladies,"100,190,375,445",a busy sidewalk,"1,274,512,512",,,,,,,,,,,,
1214,157945,open_set,Man looking down the scope of a rifle preparing to shoot .,Man,"1,96,430,499",the scope of a rifle,"226,207,443,262",,,,,,,,,,,,
1215,158529,open_set,A person walking down a road in the desert .,A person,"372,335,403,420",a road,"244,333,512,512",,,,,,,,,,,,
1216,155273,open_set,A man playing a musical instrument .,a musical instrument,"196,41,333,416",A man,"15,32,406,414",,,,,,,,,,,,
1217,158241,open_set,a brown and black dog on the grass,the grass,"1,1,512,508",a brown and black dog,"178,133,289,435",,,,,,,,,,,,
1218,157328,open_set,A man has climbed to the top of a red light pole and is touching the light .,the light,"155,26,267,94",A man,"149,65,338,375",,,,,,,,,,,,
1219,158283,open_set,A male cheerleader is holding a female cheerleader in the air at a football game .,a female cheerleader,"149,48,309,312",A male cheerleader,"193,294,310,512",,,,,,,,,,,,
1220,154251,open_set,A woman is hold a child while he reads .,a child,"271,131,425,512",A woman,"216,1,435,512",,,,,,,,,,,,
1221,155935,open_set,Two kids walk down a wood path in a heavily wooded area .,a wood path,"2,173,412,512",Two kids,"114,195,228,407",,,,,,,,,,,,
1222,157181,open_set,Three casually dressed young men crowd around bicycles .,bicycles,"180,79,435,358",Three casually dressed young men,"4,1,512,512",,,,,,,,,,,,
1223,156168,open_set,A man and young girl outfitted for hiking look down from the top of a cliff face .,A man,"348,165,404,312",young girl,"352,202,397,322",,,,,,,,,,,,
1224,157308,open_set,A few homeless men sit on a curb .,a curb,"1,329,510,482",A few homeless men,"8,110,437,444",,,,,,,,,,,,
1225,156593,open_set,The cars are racing around the track .,The cars,"134,30,342,285",the track,"2,4,512,508",,,,,,,,,,,,
1226,157778,open_set,Little girl just getting up in the morning drinking apple juice .,apple juice,"328,189,490,387",Little girl,"116,1,510,509",,,,,,,,,,,,
1227,157284,open_set,A woman is washing her vehicle .,her vehicle,"12,72,510,512",A woman,"1,103,279,512",,,,,,,,,,,,
1228,154095,open_set,Several people walking across the street .,the street,"3,253,512,512",Several people,"111,149,402,476",,,,,,,,,,,,
1229,154863,open_set,An emergency worker is looking out the window of a moving vehicle .,An emergency worker,"4,120,512,512",the window of a moving vehicle,"1,38,433,326",,,,,,,,,,,,
1230,156670,open_set,The baby wearing the blue shirt is crying .,The baby,"66,3,512,509",the blue shirt,"68,332,510,510",,,,,,,,,,,,
1231,156446,open_set,The wide eyed little boy is eating a red Popsicle .,little boy,"4,11,505,485",a red Popsicle,"229,258,354,369",,,,,,,,,,,,
1232,157392,open_set,# 6 tries her best to help her team to victory .,her team,"1,32,398,509",# 6,"172,291,256,360",,,,,,,,,,,,
1233,154722,open_set,Children climbing on ropes at a park .,Children,"79,178,423,504",ropes,"1,98,310,502",,,,,,,,,,,,
1234,154686,open_set,A woman and a girl laughing in a restaurant .,a girl,"284,139,466,359",A woman,"2,2,347,349",,,,,,,,,,,,
1235,154366,open_set,A man wearing a white shirt and he is having fun,a white shirt,"159,241,445,512",A man,"27,21,502,510",,,,,,,,,,,,
1236,158527,open_set,A woman walking on the side of a highway in the desert .,A woman,"372,335,403,420",the side of a highway,"3,328,512,512",,,,,,,,,,,,
1237,155167,open_set,The crowd is gathering for an event at Best Buy .,Best Buy,"18,30,120,76",The crowd,"3,179,512,512",,,,,,,,,,,,
1238,158044,open_set,A crowd is gathering around a large fire at night .,A crowd,"4,368,512,451",a large fire,"41,406,458,508",,,,,,,,,,,,
1239,154277,open_set,A guy wearing a white shirt is taking a picture .,A guy,"195,29,280,499",a white shirt,"203,64,282,277",,,,,,,,,,,,
1240,157707,open_set,Street performers entertain on street .,Street performers,"123,23,441,393",street,"3,281,512,512",,,,,,,,,,,,
1241,157692,open_set,Three young school children walk down railroad tracks .,railroad tracks,"129,244,512,512",Three young school children,"184,290,284,425",,,,,,,,,,,,
1242,154756,open_set,An Asian couple sitting on the bench .,the bench,"1,416,510,512",An Asian couple,"102,134,488,512",,,,,,,,,,,,
1243,158700,open_set,Two young women pose next to a fence in a street .,a fence,"314,153,499,512",Two young women,"215,19,375,512",,,,,,,,,,,,
1244,158589,open_set,A young child holding the steering wheel of a tractor .,the steering wheel of a tractor,"160,150,304,286",A young child,"232,156,356,507",,,,,,,,,,,,
1245,157186,open_set,A naked cyclist in body paint rides at a fair .,body paint,"235,12,432,512",A naked cyclist,"124,12,431,512",,,,,,,,,,,,
1246,153933,open_set,A clown is sitting cross-legged on a folding chair at a carnival .,a folding chair,"112,247,290,403",A clown,"93,105,502,487",,,,,,,,,,,,
1247,155447,open_set,Two people descending a set of gray steps .,Two people,"336,53,378,212",a set of gray steps,"160,6,510,418",,,,,,,,,,,,
1248,157149,open_set,A movie with a car is being filmed on the street .,the street,"3,451,512,512",a car,"1,303,264,479",,,,,,,,,,,,
1249,156235,open_set,A skateboarder is watching another skateboarder perform a jumping stunt .,another skateboarder,"193,128,418,285",A skateboarder,"193,128,418,285",,,,,,,,,,,,
1250,154771,open_set,A group of four guys wearing tutu,A group of four guys,"57,9,463,507",tutu,"185,71,467,445",,,,,,,,,,,,
1251,156793,open_set,A blond woman with a gray dress is walking across a street .,A blond woman,"118,139,293,512",a gray dress,"121,237,299,496",,,,,,,,,,,,
1252,155898,open_set,Young gymnasts execute a team move while spectators record the show .,spectators,"1,375,87,512",a team move,"44,18,512,512",,,,,,,,,,,,
1253,155229,open_set,"While the man waits for a train , he is reading a book .",a book,"113,216,216,336",the man,"17,64,191,505",,,,,,,,,,,,
1254,157907,open_set,A man jumps off a hill .,A man,"35,226,305,409",a hill,"4,476,512,512",,,,,,,,,,,,
1255,158723,open_set,A small dog jumping some hurdles .,A small dog,"76,36,423,271",some hurdles,"1,60,512,466",,,,,,,,,,,,
1256,155784,open_set,A man wearing a black hat is walking through a busy city street .,A man,"160,214,394,512",a black hat,"214,212,348,321",,,,,,,,,,,,
1257,156881,open_set,A man working on something underneath a bridge .,a bridge,"349,114,512,512",A man,"267,271,369,415",,,,,,,,,,,,
1258,156930,open_set,Children gather and play outside of an older white building .,outside of an older white building,"194,1,510,268",Children,"52,186,455,376",,,,,,,,,,,,
1259,158198,open_set,A race car is speeding along the racetrack .,A race car,"33,169,497,390",the racetrack,"2,201,510,495",,,,,,,,,,,,
1260,157001,open_set,A worker is cleaning a roof or terrace on a cold winter morning .,a roof or terrace,"1,434,509,510",A worker,"302,157,423,484",,,,,,,,,,,,
1261,155483,open_set,Construction worker leaning against under a crosswalk light .,Construction worker,"431,415,468,504",a crosswalk light,"419,1,447,501",,,,,,,,,,,,
1262,156271,open_set,A man is lying in the grass with his arms outstretched .,his arms,"173,38,365,427",A man,"2,42,452,436",,,,,,,,,,,,
1263,157182,open_set,Three people are looking at the tire of a bike .,the tire of a bike,"191,193,335,354",Three people,"4,1,512,512",,,,,,,,,,,,
1264,158474,open_set,a boy eating something outside .,something,"206,167,342,243",a boy,"4,61,335,510",,,,,,,,,,,,
1265,154357,open_set,Many cameras are set up against a barricade .,a barricade,"91,318,279,481",Many cameras,"134,215,403,486",,,,,,,,,,,,
1266,155598,open_set,A large group of people are riding up and down on an escalator .,A large group of people,"3,131,388,491",an escalator,"1,133,512,512",,,,,,,,,,,,
1267,156926,open_set,Man doing a jumping bike trick on dirt mound at night .,dirt mound,"4,356,491,509",Man,"159,135,332,436",,,,,,,,,,,,
1268,157631,open_set,The little boy is playing with a toy .,The little boy,"153,48,427,326",a toy,"186,278,410,477",,,,,,,,,,,,
1269,156320,open_set,A person is wading in the ocean .,the ocean,"2,142,509,512",A person,"231,218,276,385",,,,,,,,,,,,
1270,158489,open_set,Man reads in a park while feeding the ducks .,Man,"73,39,262,417",the ducks,"249,405,474,508",,,,,,,,,,,,
1271,156739,open_set,This woman is riding a beautiful and well groomed horse .,a beautiful and well groomed horse,"10,104,484,498",This woman,"30,14,375,349",,,,,,,,,,,,
1272,156295,open_set,Guy jumping off a surfboard at some kind of event .,Guy,"70,57,323,356",a surfboard,"101,360,347,437",,,,,,,,,,,,
1273,155714,open_set,A man climbs up a mountain .,a mountain,"1,1,471,326",A man,"288,114,428,419",,,,,,,,,,,,
1274,154511,open_set,Two people on a hockey field fighting .,Two people,"261,116,397,510",a hockey field,"1,1,510,507",,,,,,,,,,,,
1275,158702,open_set,Two Asian ladies stand next to a metal railing .,a metal railing,"365,174,510,508",Two Asian ladies,"215,19,375,512",,,,,,,,,,,,
1276,156206,open_set,a surfer rides up the wave .,a surfer,"225,10,327,227",the wave,"1,164,512,388",,,,,,,,,,,,
1277,158519,open_set,An older asian woman displaying bread for sale,bread,"25,105,503,332",An older asian woman,"203,16,356,205",,,,,,,,,,,,
1278,157495,open_set,A skateboarder high in the air above an indoor ramp .,A skateboarder,"238,84,341,164",an indoor ramp,"4,88,382,232",,,,,,,,,,,,
1279,157125,open_set,"A young , blond child looks out of a glass door .","A young , blond child","144,31,380,459",a glass door,"2,3,202,512",,,,,,,,,,,,
1280,158751,open_set,A large group of people watching others run a marathon .,A large group of people,"373,206,510,505",others,"373,206,510,505",,,,,,,,,,,,
1281,158848,open_set,A cat lays on an old woman 's shoulder .,an old woman 's shoulder,"172,329,264,421",A cat,"173,159,406,507",,,,,,,,,,,,
1282,153922,open_set,These two people are singing or talking into the microphone .,the microphone,"195,201,457,477",These two people,"8,4,512,509",,,,,,,,,,,,
1283,157486,open_set,A group of people is parading with red and yellow flags .,red and yellow flags,"95,35,324,320",A group of people,"60,165,512,462",,,,,,,,,,,,
1284,156111,open_set,A teenager performing a trick on a stairway in public .,A teenager,"208,101,301,253",a stairway,"1,117,512,375",,,,,,,,,,,,
1285,157839,open_set,A person is dressed up in a dress parading around the streets of a town .,a dress,"1,162,320,445",A person,"5,128,312,441",,,,,,,,,,,,
1286,155131,open_set,A red rally jeep parked in the street .,A red rally jeep,"55,128,492,470",the street,"1,303,512,512",,,,,,,,,,,,
1287,156452,open_set,A woman is performing with a guitar in the middle of a crowded space outside .,a guitar,"260,249,396,512",A woman,"243,18,502,508",,,,,,,,,,,,
1288,156310,open_set,A young boy shows his brown and green bead necklace .,A young boy,"4,30,509,512",his brown and green bead necklace,"123,200,347,414",,,,,,,,,,,,
1289,155015,open_set,Four boys are about to be hit by an approaching wave .,Four boys,"137,305,315,452",an approaching wave,"3,1,512,464",,,,,,,,,,,,
1290,157506,open_set,A person is sweeping off a sidewalk in an urban area .,a sidewalk,"3,326,512,512",A person,"98,262,207,393",,,,,,,,,,,,
1291,157030,open_set,Men running across a field and playing soccer .,Men,"134,131,512,394",a field,"3,170,510,510",,,,,,,,,,,,
1292,157800,open_set,Friends wait and converse on a street corner before proceeding to their destination .,a street corner,"3,298,510,512",Friends,"235,60,492,419",,,,,,,,,,,,
1293,157671,open_set,A woman is doing gymnastics while a man takes a picture of her in midair .,A woman,"125,41,456,410",a man,"97,174,192,395",,,,,,,,,,,,
1294,154784,open_set,A woman in an orange athletic outfit playing tennis,A woman,"98,2,504,505",an orange athletic outfit,"167,143,398,510",,,,,,,,,,,,
1295,157144,open_set,Uniformed police officer stands outside a New York catholic church .,a New York catholic church,"3,1,506,451",Uniformed police officer,"277,102,355,437",,,,,,,,,,,,
1296,157883,open_set,2 kids sleeping while the adults dance the night away .,2 kids,"232,210,512,502",the adults,"80,2,282,230",,,,,,,,,,,,
1297,155164,open_set,Two men in a crowd are turned around taking a picture together while a concert is going on in the background .,a crowd,"3,179,512,512",Two men,"54,226,281,512",,,,,,,,,,,,
1298,158513,open_set,A bow does a trick on his skateboard at a skate park .,A bow,"67,93,232,215",his skateboard,"91,184,191,232",,,,,,,,,,,,
1299,155311,open_set,A man dressed in red is at the marketplace .,red,"294,119,460,493",A man,"266,4,509,512",,,,,,,,,,,,
1300,154355,open_set,Many video cameras are set up in front of a concrete wall .,a concrete wall,"91,318,279,481",Many video cameras,"134,215,403,486",,,,,,,,,,,,
1301,155670,open_set,A night street scene with a line of people waiting for something in a dome .,a dome,"182,53,318,155",a line of people,"83,172,420,433",,,,,,,,,,,,
1302,157849,open_set,The crowd stood in many different lines in the open field .,many different lines,"73,76,453,354",The crowd,"1,125,450,471",,,,,,,,,,,,
1303,154714,open_set,A little boy in blue lays on an empty floor .,A little boy,"258,154,375,280",an empty floor,"1,218,512,512",,,,,,,,,,,,
1304,157688,open_set,The view from a cracked train window of children walking to or from school along train tracks .,train tracks,"129,244,512,512",a cracked train window of children,"1,1,512,510",,,,,,,,,,,,
1305,158616,open_set,An older crowd looks up at a small stage in the street .,a small stage,"257,6,509,347",An older crowd,"1,230,460,512",,,,,,,,,,,,
1306,155409,open_set,White dog at the edge of the water .,the edge of the water,"1,213,510,512",White dog,"70,90,507,465",,,,,,,,,,,,
1307,155696,open_set,A basketball player tries to aim for the goal while being blocked by other players .,A basketball player,"21,120,424,512",other players,"165,9,512,512",,,,,,,,,,,,
1308,157974,open_set,A skateboarder does a trick on a black and yellow striped ramp .,A skateboarder,"59,44,235,117",a black and yellow striped ramp,"1,97,504,352",,,,,,,,,,,,
1309,154701,open_set,An older gentlemen cleans the bar while a man behind observes .,a man,"1,27,55,259",An older gentlemen,"39,1,172,356",,,,,,,,,,,,
1310,157460,open_set,A woman basketball player holding the ball grimaces with effort while another player 's arm attempts to block her .,A woman basketball player,"59,48,512,512",another player 's arm,"115,145,510,276",,,,,,,,,,,,
1311,154706,open_set,Musicians are practicing as directed by a director .,a director,"377,73,464,448",Musicians,"1,63,433,512",,,,,,,,,,,,
1312,158183,open_set,An Asian woman kneeling on the dock of her house .,An Asian woman,"241,195,334,323",the dock of her house,"187,275,512,376",,,,,,,,,,,,
1313,158697,open_set,A dog is a body of water .,a body of water,"1,151,510,512",A dog,"123,174,408,366",,,,,,,,,,,,
1314,154630,open_set,Bicyclist riding on a dirt race course .,Bicyclist,"118,117,347,389",a dirt race course,"1,298,512,512",,,,,,,,,,,,
1315,156797,open_set,A woman in a gray dress is walking .,A woman,"118,139,293,512",a gray dress,"121,237,299,496",,,,,,,,,,,,
1316,154165,open_set,There are three dogs wearing numbered jerseys running a race .,numbered jerseys,"7,135,371,330",three dogs,"12,84,488,418",,,,,,,,,,,,
1317,154370,open_set,Two people stand outside near an arched doorway .,Two people,"69,115,439,458",an arched doorway,"131,31,370,406",,,,,,,,,,,,
1318,156553,open_set,A group of football players are playing football .,football,"211,206,245,265",A group of football players,"1,109,496,512",,,,,,,,,,,,
1319,157553,open_set,Two people sitting at a table .,Two people,"222,243,353,380",a table,"264,279,328,376",,,,,,,,,,,,
1320,157258,open_set,A line of men are all using computers intently .,A line of men,"1,52,364,364",computers,"278,4,507,465",,,,,,,,,,,,
1321,156121,open_set,Two young girls are playing basketball in a gymnasium .,Two young girls,"101,44,490,376",basketball,"147,184,212,225",,,,,,,,,,,,
1322,158269,open_set,A woman is holding a boy in a swimming pool .,a boy,"198,121,423,389",A woman,"11,83,295,319",,,,,,,,,,,,
1323,155780,open_set,The man is laughing because he just realize that his swimsuit came loose .,The man,"102,48,462,512",his swimsuit,"116,223,406,512",,,,,,,,,,,,
1324,157976,open_set,This man is doing a stunt on a skateboard outdoors .,a skateboard,"153,87,236,114",This man,"59,44,235,117",,,,,,,,,,,,
1325,154322,open_set,A dog in the snow .,the snow,"2,283,512,512",A dog,"60,24,329,499",,,,,,,,,,,,
1326,157651,open_set,Two boys relaxing on a trampoline .,a trampoline,"1,221,438,506",Two boys,"30,90,311,371",,,,,,,,,,,,
1327,156968,open_set,A young girl practicing rock climbing on an indoor wall .,A young girl,"51,45,334,512",an indoor wall,"276,1,506,455",,,,,,,,,,,,
1328,158153,open_set,A silhouette of a janitor with a broom cleaning up a messy venue .,A silhouette of a janitor,"229,204,348,421",a broom,"236,217,288,406",,,,,,,,,,,,
1329,156588,open_set,a african-american woman stands in the crowd .,the crowd,"1,1,512,512",a african-american woman,"79,3,403,512",,,,,,,,,,,,
1330,155292,open_set,A couple is walking away from a building .,A couple,"293,225,444,510",a building,"1,87,512,289",,,,,,,,,,,,
1331,155153,open_set,A bird sits in a tree .,a tree,"1,1,509,512",A bird,"222,241,267,312",,,,,,,,,,,,
1332,155618,open_set,An Olympic jumper crossing the rope .,An Olympic jumper,"162,261,413,440",the rope,"3,313,512,335",,,,,,,,,,,,
1333,157910,open_set,A Asian or Chinese male singing a song with the direction of an Asian or Chinese female .,an Asian or Chinese female,"5,78,220,507",A Asian or Chinese male,"225,15,480,512",,,,,,,,,,,,
1334,155614,open_set,a dog runs for a red Frisbee .,a red Frisbee,"154,186,202,258",a dog,"181,170,454,379",,,,,,,,,,,,
1335,158330,open_set,Man smoking on a couch .,a couch,"1,210,512,510",Man,"30,104,508,512",,,,,,,,,,,,
1336,155067,open_set,A woman is standing at a podium .,a podium,"3,244,512,510",A woman,"24,34,404,275",,,,,,,,,,,,
1337,158325,open_set,A woman kayaking with her small dog,A woman,"125,171,241,324",her small dog,"200,233,246,318",,,,,,,,,,,,
1338,155222,open_set,Young girl reaches out to pet a deer .,Young girl,"238,43,487,414",a deer,"26,238,434,509",,,,,,,,,,,,
1339,153903,open_set,A group of people are rock climbing on a rock climbing wall .,A group of people,"249,104,393,464",a rock climbing wall,"1,55,512,512",,,,,,,,,,,,
1340,158642,open_set,Two young kids shaking hands in the middle of spectators .,hands,"240,249,258,285",Two young kids,"131,89,362,505",,,,,,,,,,,,
1341,155135,open_set,"A busy city scene with many different types of vehicles either parked , or moving along on the freeway .",the freeway,"2,186,343,482",many different types of vehicles,"1,261,512,441",,,,,,,,,,,,
1342,156821,open_set,A young soccer player getting ready to kick the ball .,the ball,"96,380,198,459",A young soccer player,"167,25,400,436",,,,,,,,,,,,
1343,156595,open_set,A person in a red jacket yelling something with a snow scene in the background .,a red jacket,"271,225,453,510",A person,"239,226,449,512",,,,,,,,,,,,
1344,158595,open_set,a group of people are in venice using the boat system to get around .,the boat system,"2,203,431,381",a group of people,"187,249,228,344",,,,,,,,,,,,
1345,155517,open_set,A brown dog jumps high on a field of grass .,a field of grass,"1,210,512,504",A brown dog,"155,35,317,251",,,,,,,,,,,,
1346,158185,open_set,A woman is kneeling down near the water .,A woman,"241,195,334,323",the water,"1,365,509,512",,,,,,,,,,,,
1347,154074,open_set,A hooded man lovingly holding a woman 's face,A hooded man,"66,116,299,512",a woman 's face,"237,134,326,242",,,,,,,,,,,,
1348,156012,open_set,A male tennis player hits a tennis ball at a tennis match .,A male tennis player,"16,122,225,445",a tennis ball,"453,301,479,319",,,,,,,,,,,,
1349,158256,open_set,Person holding stop sign to direct traffic .,Person,"390,95,490,439",stop sign,"391,73,453,167",,,,,,,,,,,,
1350,157502,open_set,A man kneeling before a machine .,a machine,"268,252,405,355",A man,"35,138,386,348",,,,,,,,,,,,
1351,156070,open_set,Kayak rider raises arms as he 's splashed with water .,Kayak rider,"164,168,440,424",arms,"165,165,434,305",,,,,,,,,,,,
1352,154485,open_set,"An elderly couple are sitting outside a restaurant , enjoying wine .",wine,"78,290,273,422",An elderly couple,"62,228,497,506",,,,,,,,,,,,
1353,154030,open_set,Black man sells various toys in the street .,various toys,"186,365,247,460",Black man,"89,129,191,480",,,,,,,,,,,,
1354,156251,open_set,A blond boy getting his hair done .,A blond boy,"105,88,417,512",his hair,"157,98,301,153",,,,,,,,,,,,
1355,154209,open_set,A brown dog is running though some sand .,A brown dog,"53,98,385,387",some sand,"1,184,505,512",,,,,,,,,,,,
1356,158711,open_set,A woman sits at the market selling her vegetables .,her vegetables,"1,228,512,512",A woman,"172,25,367,356",,,,,,,,,,,,
1357,156757,open_set,deleon speaking into a mic .,deleon,"111,26,399,484",a mic,"309,215,369,298",,,,,,,,,,,,
1358,157514,open_set,A young couple dressed in matching red outfits performing a romantic dance .,A young couple,"4,29,512,512",red outfits,"3,157,512,512",,,,,,,,,,,,
1359,157740,open_set,A shirtless man standing on the edge of a stream .,the edge of a stream,"1,416,512,512",A shirtless man,"190,69,380,398",,,,,,,,,,,,
1360,158750,open_set,People run a marathon on a city street with a crowd watching .,People,"44,229,348,413",a crowd,"373,206,510,505",,,,,,,,,,,,
1361,155589,open_set,Four girls on the beach on a cool summer night .,the beach,"1,182,512,508",Four girls,"89,123,257,432",,,,,,,,,,,,
1362,155038,open_set,The two floor cleaners haul the machinery upstairs .,the machinery upstairs,"165,133,390,439",The two floor cleaners,"96,45,413,319",,,,,,,,,,,,
1363,154005,open_set,A man drills his stuffed animal .,A man,"1,1,378,512",his stuffed animal,"173,87,359,372",,,,,,,,,,,,
1364,157350,open_set,Three people are kayaking and two have crashed into each other .,two,"207,130,355,270",Three people,"81,138,363,483",,,,,,,,,,,,
1365,158394,open_set,The dog jumps up to catch the Frisbee .,the Frisbee,"250,146,281,193",The dog,"97,191,278,479",,,,,,,,,,,,
1366,157002,open_set,A man cleaning the top of a roof .,the top of a roof,"1,434,509,510",A man,"302,157,423,484",,,,,,,,,,,,
1367,154467,open_set,A man driving a four-wheeler off-road .,a four-wheeler,"104,168,505,388",A man,"196,88,419,283",,,,,,,,,,,,
1368,156901,open_set,A boy jumping on a trampoline .,a trampoline,"103,116,396,262",A boy,"103,54,412,437",,,,,,,,,,,,
1369,155556,open_set,A young African American boy holds up a piece of wood to be secured in place .,A young African American boy,"216,64,483,505",a piece of wood,"1,364,451,512",,,,,,,,,,,,
1370,157031,open_set,A soccer player is kicking the ball .,the ball,"242,371,267,398",A soccer player,"236,223,291,394",,,,,,,,,,,,
1371,157286,open_set,Several people are standing around a mechanical device of some type during a demonstration .,a mechanical device of some type,"199,153,318,481",Several people,"1,4,502,512",,,,,,,,,,,,
1372,155873,open_set,2 kids talk to the horses .,the horses,"268,126,507,375",2 kids,"176,109,372,418",,,,,,,,,,,,
1373,156349,open_set,A young boy skateboards on a sidewalk at a skate park .,A young boy,"58,3,350,512",a sidewalk,"1,398,512,512",,,,,,,,,,,,
1374,156086,open_set,An ATV attempts to get out of a ditch .,a ditch,"1,237,455,512",An ATV,"17,29,512,512",,,,,,,,,,,,
1375,154716,open_set,The child lays on the hardwood floor .,The child,"258,154,375,280",the hardwood floor,"1,218,512,512",,,,,,,,,,,,
1376,156297,open_set,A teenage is on a surfboard .,A teenage,"70,57,323,356",a surfboard,"101,360,347,437",,,,,,,,,,,,
1377,157646,open_set,A group of passengers exits a plane .,A group of passengers,"166,141,312,438",a plane,"2,92,512,447",,,,,,,,,,,,
1378,158597,open_set,People in Venice going on a boat ride .,a boat ride,"2,203,431,381",People,"187,249,228,344",,,,,,,,,,,,
1379,156969,open_set,A young girl ascends an indoor climbing wall .,A young girl,"51,45,334,512",an indoor climbing wall,"276,1,506,455",,,,,,,,,,,,
1380,154260,open_set,A little blond girl is playing in the woods .,the woods,"4,1,512,420",A little blond girl,"140,137,290,345",,,,,,,,,,,,
1381,155825,open_set,A long-haired man and a child are at an outdoor restaurant .,a child,"167,124,303,512",A long-haired man,"214,5,509,510",,,,,,,,,,,,
1382,156815,open_set,A tennis team holding rackets and posing for the picture .,rackets,"67,199,482,402",A tennis team,"55,91,477,465",,,,,,,,,,,,
1383,157017,open_set,A child in the snow .,the snow,"1,1,512,512",A child,"237,182,289,348",,,,,,,,,,,,
1384,157348,open_set,A baby is sitting in a suitcase .,a suitcase,"98,202,485,490",A baby,"203,50,353,390",,,,,,,,,,,,
1385,157391,open_set,A blond volleyball player reaches up to hit the ball .,A blond volleyball player,"101,32,398,509",the ball,"127,18,236,95",,,,,,,,,,,,
1386,156795,open_set,A woman in a gray dress walks down the street .,A woman,"118,139,293,512",a gray dress,"121,237,299,496",,,,,,,,,,,,
1387,158132,open_set,A boy going down a small blue slide .,a small blue slide,"85,79,492,475",A boy,"200,17,429,410",,,,,,,,,,,,
1388,156667,open_set,A man playing a game of chess .,A man,"1,1,448,331",a game of chess,"1,260,512,512",,,,,,,,,,,,
1389,156307,open_set,Two old women walk in the rain with black and red umbrellas .,Two old women,"51,342,391,512",black and red umbrellas,"2,183,476,399",,,,,,,,,,,,
1390,157802,open_set,Three people wearing black chatting on a street corner .,a street corner,"3,298,510,512",Three people,"235,60,492,419",black,"250,120,334,403",,,,,,,,,,
1391,156454,open_set,A young woman singing and playing guitar in a performance .,a performance,"139,30,502,508",guitar,"260,249,396,512",A young woman,"243,18,502,508",,,,,,,,,,
1392,157591,open_set,A man and a woman stand at a street vendor 's food stand .,a street vendor 's food stand,"74,141,403,499",a woman,"135,260,203,512",A man,"313,234,418,512",,,,,,,,,,
1393,155603,open_set,A yellow dog carries a ball in its mouth on the beach .,a ball,"261,152,312,211",A yellow dog,"236,41,447,512",its mouth,"266,165,306,208",,,,,,,,,,
1394,155551,open_set,A gymnast from Georgia trains on the unparalleled bars with her coach or trainer .,the unparalleled bars,"3,70,512,130",A gymnast,"7,82,352,463",her coach or trainer,"1,102,247,508",,,,,,,,,,
1395,158682,open_set,A girl in yellow is laying down and man is looking at the camera .,A girl,"128,27,510,441",man,"111,244,508,508",yellow,"132,109,512,439",,,,,,,,,,
1396,155577,open_set,A woman looks at clothes in a Louis Vuitton store window .,clothes,"308,302,455,398",a Louis Vuitton store window,"259,197,485,448",A woman,"302,345,359,512",,,,,,,,,,
1397,154738,open_set,A surfer walks along the beach as he looks out onto the water .,the beach,"2,301,510,512",the water,"2,204,512,310",A surfer,"360,179,474,339",,,,,,,,,,
1398,155496,open_set,A man is standing center stage with a microphone as flames shoot upward behind him .,flames,"132,46,420,285",A man,"250,249,296,407",a microphone,"266,270,281,304",,,,,,,,,,
1399,154111,open_set,A crowd of people are looking at various items for sale on top of a table at an outdoor event .,various items,"17,260,510,413",a table,"10,372,441,512",A crowd of people,"2,126,512,371",,,,,,,,,,
1400,156051,open_set,Boy wearing swim trunks holding goggles and running,swim trunks,"181,215,322,346",Boy,"132,9,350,492",goggles,"179,135,265,178",,,,,,,,,,
1401,156941,open_set,A man with a helmet is using an ATM .,A man,"2,4,291,512",a helmet,"1,2,195,170",an ATM,"176,2,512,512",,,,,,,,,,
1402,156203,open_set,A surfer on a blue surfboard is falling off of it as he hits a wave .,a blue surfboard,"270,9,315,246",A surfer,"225,10,327,227",a wave,"1,164,512,388",,,,,,,,,,
1403,156373,open_set,A woman uses a sewing machine to sew on the side of the street .,A woman,"165,30,338,488",a sewing machine,"93,124,186,501",the side of the street,"1,326,450,512",,,,,,,,,,
1404,158039,open_set,A woman floating on a raft in tropical waters in front of a beach .,tropical waters,"1,255,512,512",a raft,"124,309,381,353",A woman,"116,275,357,358",,,,,,,,,,
1405,156045,open_set,There is a man with a black shirt and a black hat smiling .,a black hat,"179,55,392,140",a man,"1,53,512,510",a black shirt,"3,212,508,461",,,,,,,,,,
1406,155002,open_set,A blond girl with braids taking pictures in a crowd .,A blond girl,"40,62,460,498",braids,"216,161,314,233",a crowd,"1,360,506,512",,,,,,,,,,
1407,158208,open_set,A man aiming a rifle with a dog standing beside him .,a rifle,"3,90,289,117",a dog,"44,286,209,472",A man,"151,46,483,466",,,,,,,,,,
1408,153994,open_set,An artist creating a pottery while wearing an apron .,An artist,"87,82,510,508",a pottery,"117,226,285,327",an apron,"254,286,504,512",,,,,,,,,,
1409,153996,open_set,"Young children are learning a local custom by watching adults , and it appears to involve pretending to be asleep .",a local custom,"160,113,263,512",Young children,"165,38,512,510",adults,"1,3,172,510",,,,,,,,,,
1410,158748,open_set,A boy holds a soccer ball while he stands next to a running track .,a running track,"1,81,512,162",a soccer ball,"368,287,464,450",A boy,"296,69,477,510",,,,,,,,,,
1411,158811,open_set,Three women one of which is holding a paper cup posing in front of a Christmas tree .,a Christmas tree,"102,3,254,376",Three women,"120,104,406,512",a paper cup,"123,298,152,349",,,,,,,,,,
1412,155592,open_set,Woman in orange jacket playing with a black dog,orange jacket,"165,101,293,286",Woman,"161,72,307,443",a black dog,"296,167,462,475",,,,,,,,,,
1413,156025,open_set,People in bright clothing walk and stand on a sidewalk .,bright clothing,"53,172,439,425",People,"52,150,405,510",a sidewalk,"2,242,512,512",,,,,,,,,,
1414,157532,open_set,A girl is hanging on the fence watching a horse .,a horse,"295,263,401,393",A girl,"117,24,312,485",the fence,"1,4,512,489",,,,,,,,,,
1415,156478,open_set,A young girl stands against a blue and white house with a young boy who sits .,a young boy,"293,251,362,464",a blue and white house,"2,6,512,450",A young girl,"68,87,166,477",,,,,,,,,,
1416,157115,open_set,The tennis player dressed in white swings the racket .,the racket,"82,31,231,160",The tennis player,"55,89,510,502",white swings,"55,36,512,500",,,,,,,,,,
1417,154919,open_set,Kid doing a skateboard trick and an older kid riding a bike .,an older kid,"219,232,428,449",Kid,"132,105,265,209",a bike,"173,330,499,467",,,,,,,,,,
1418,158290,open_set,Child in pink and white skiing down a slope .,a slope,"1,229,512,508",pink and white,"226,216,335,311",Child,"219,186,364,320",,,,,,,,,,
1419,155757,open_set,A dog and a cow play together inside the fence .,a cow,"217,3,510,410",the fence,"1,1,509,373",A dog,"33,247,183,452",,,,,,,,,,
1420,154094,open_set,a cross guard helps people get across the street .,the street,"3,253,512,512",a cross guard,"397,116,482,361",people,"111,149,402,476",,,,,,,,,,
1421,157571,open_set,Man with red shirt is sitting in drivers seat of a car .,red shirt,"84,212,481,473",Man,"5,12,509,437",drivers seat of a car,"167,63,512,472",,,,,,,,,,
1422,156148,open_set,"A person scaling a rocky ledge , with a rope supporting .",a rope,"209,80,434,512",A person,"306,65,491,247",a rocky ledge,"9,91,512,510",,,,,,,,,,
1423,156472,open_set,A white dog is following a black dog along the beach .,the beach,"2,31,509,509",a black dog,"97,147,174,376",A white dog,"329,157,392,317",,,,,,,,,,
1424,156397,open_set,A couple of women working in at a table with cigar tubes .,A couple of women,"4,3,512,434",cigar tubes,"157,416,179,454",a table,"2,309,363,512",,,,,,,,,,
1425,156151,open_set,A man is climbing a rope up a cliff .,a rope,"209,80,434,512",A man,"306,65,491,247",a cliff,"9,91,512,510",,,,,,,,,,
1426,156649,open_set,An infant sitting on a cot reaching over to touch the face of an older boy .,the face of an older boy,"237,88,354,172",An infant,"43,31,297,272",a cot,"8,53,509,404",,,,,,,,,,
1427,155878,open_set,A male with a hat a is sweeping the road .,a hat,"420,265,443,282",the road,"1,364,509,512",A male,"412,262,467,472",,,,,,,,,,
1428,155513,open_set,5 adults are riding wooden sleds down a snowy hill .,wooden sleds,"155,231,423,402",5 adults,"9,135,479,375",a snowy hill,"1,1,512,512",,,,,,,,,,
1429,153988,open_set,The baby in the yellow shirt cries while reaching out to another baby .,another baby,"3,43,238,510",The baby,"3,43,238,510",the yellow shirt,"299,210,512,392",,,,,,,,,,
1430,155087,open_set,A man is sleeping on a park bench next to an empty bottle .,an empty bottle,"270,337,304,415",a park bench,"62,159,408,406",A man,"170,218,353,319",,,,,,,,,,
1431,154001,open_set,A man has put a stuffed animal on an electric screwdriver and is spinning it .,A man,"1,1,378,512",a stuffed animal,"173,87,359,372",an electric screwdriver,"292,146,376,397",,,,,,,,,,
1432,156837,open_set,An asian woman eating food on couch .,food,"195,295,297,406",An asian woman,"140,79,355,508",couch,"48,208,512,512",,,,,,,,,,
1433,157987,open_set,Spectators about to watch a woman use a drill .,a woman,"20,50,404,512",a drill,"182,124,364,277",Spectators,"1,46,512,512",,,,,,,,,,
1434,155845,open_set,"Two people are hitting each other in a karate match , while an audience and referee watch .",an audience,"1,36,512,492",referee,"48,99,206,512",Two people,"192,45,382,512",,,,,,,,,,
1435,157124,open_set,A blond kid with no shirt stares out a glass door .,A blond kid,"144,31,380,459",no shirt,"161,152,288,321",a glass door,"2,3,202,512",,,,,,,,,,
1436,156382,open_set,Man with ball cap getting out of a red sports car .,Man,"227,140,319,436",ball cap,"287,146,321,208",a red sports car,"2,194,390,512",,,,,,,,,,
1437,154986,open_set,"An older man breaks open nuts , while his grandchildren watch .",An older man,"171,47,344,508",his grandchildren,"4,163,510,512",open nuts,"101,211,309,380",,,,,,,,,,
1438,157431,open_set,A man in a black shirt leans on a counter .,a counter,"283,308,477,512",A man,"149,184,318,509",a black shirt,"157,240,315,374",,,,,,,,,,
1439,158121,open_set,A man sitting at his desk with empty soda cans .,A man,"1,42,512,512",empty soda cans,"5,90,132,258",his desk,"1,301,510,395",,,,,,,,,,
1440,154436,open_set,A boy in a green t-shirt is riding on a Segway,a Segway,"136,193,391,509",A boy,"185,38,393,450",a green t-shirt,"185,101,361,302",,,,,,,,,,
1441,157006,open_set,Streets are lined with people watching lots bicyclists drive by .,people,"196,121,512,305",Streets,"2,261,510,512",lots bicyclists drive,"31,136,398,512",,,,,,,,,,
1442,155106,open_set,A person with a red jacket and crosscountry skis is walking up a mountain .,A person,"135,181,205,419",crosscountry skis,"194,270,215,375",a red jacket,"134,187,204,295",,,,,,,,,,
1443,155923,open_set,"A person in a red car , with a bridge in the background .",a bridge,"1,24,512,512",a red car,"58,197,457,412",A person,"242,228,272,284",,,,,,,,,,
1444,156966,open_set,A man in a black shirt is singing with a microphone .,a black shirt,"1,297,465,509",a microphone,"282,183,355,266",A man,"3,103,512,512",,,,,,,,,,
1445,155924,open_set,The lady in the red car is crossing the bridge .,the bridge,"1,24,512,512",the red car,"58,197,457,412",The lady,"242,228,272,284",,,,,,,,,,
1446,156150,open_set,A man using a pink rope to climb down a cliff .,A man,"306,65,491,247",a pink rope,"209,80,434,510",a cliff,"9,91,512,510",,,,,,,,,,
1447,154369,open_set,A boy dances as another boy stands on a short brick wall .,another boy,"69,115,165,291",a short brick wall,"2,10,506,512",A boy,"334,243,439,458",,,,,,,,,,
1448,157880,open_set,A black dog with a stuffed animal in its mouth is running and jumping through a snowy field .,A black dog,"26,7,480,380",its mouth,"57,120,128,191",a stuffed animal,"51,108,109,196",,,,,,,,,,
1449,154603,open_set,A dark-skinned man standing outside a small yellow building which is setup to sell items .,items,"102,218,208,348",A dark-skinned man,"233,200,316,512",a small yellow building,"2,5,496,512",,,,,,,,,,
1450,157243,open_set,A woman in a white hat paints the rocky landscape in front of her .,a white hat,"49,21,198,116",A woman,"5,14,329,506",the rocky landscape,"327,147,443,323",,,,,,,,,,
1451,154415,open_set,Two men with black shirts and shorts decorated with flames practice boxing .,black shirts,"128,75,456,206",shorts,"141,198,440,309",Two men,"57,15,454,499",,,,,,,,,,
1452,156965,open_set,a man in a black shirt is singing into a microphone .,a black shirt,"1,297,465,509",a microphone,"282,183,355,266",a man,"3,103,512,512",,,,,,,,,,
1453,158392,open_set,A dog catching a Frisbee in front of a red building .,a Frisbee,"250,146,281,193",A dog,"97,191,278,479",a red building,"6,10,399,453",,,,,,,,,,
1454,157199,open_set,"Four men relax outside of a truck , some of them drinking coffee .",a truck,"1,1,86,459",coffee,"220,118,237,144",Four men,"72,15,505,446",,,,,,,,,,
1455,157901,open_set,Man in gray shirt rocking out on the drums .,the drums,"1,250,355,512",Man,"203,43,510,512",gray shirt,"314,129,510,508",,,,,,,,,,
1456,158564,open_set,A person is doing a jump with a skateboard on a ramp .,a skateboard,"205,153,260,221",A person,"154,34,241,170",a ramp,"101,211,309,430",,,,,,,,,,
1457,154555,open_set,"Several cyclists make their way through a rutted field , as a cameraman films .",a rutted field,"3,79,510,510",Several cyclists,"91,35,450,400",a cameraman,"334,71,390,225",,,,,,,,,,
1458,158427,open_set,two Asian women are talking behind an older woman who is wearing a red sweater .,an older woman,"55,128,334,512",a red sweater,"56,328,329,512",two Asian women,"2,113,477,512",,,,,,,,,,
1459,155320,open_set,A man playing the guitar for a small group of people .,the guitar,"223,303,343,390",a small group of people,"3,214,407,434",A man,"232,214,327,380",,,,,,,,,,
1460,155117,open_set,A lady wearing a blue print shirt and green head cover smiles for the camera .,a blue print shirt,"98,310,387,512",green head cover,"164,23,348,321",A lady,"96,18,382,512",,,,,,,,,,
1461,154830,open_set,A man and woman sitting on a parked car .,woman,"237,114,448,509",a parked car,"43,483,333,512",A man,"68,73,248,490",,,,,,,,,,
1462,154629,open_set,A person wearing red rides a bicycle over a dirt path .,A person,"118,117,347,389",a bicycle,"137,196,347,509",red,"166,162,321,278",,,,,,,,,,
1463,157123,open_set,A child with blond-hair looking out of a screen door .,A child,"144,31,380,459",a screen door,"2,3,202,512",blond-hair,"144,32,320,150",,,,,,,,,,
1464,157663,open_set,A blond girl smiles while holding flowers and her diploma after a graduation ceremony .,her diploma,"133,335,242,479",A blond girl,"178,159,395,510",flowers,"265,418,360,512",,,,,,,,,,
1465,157811,open_set,A little boy in a red shirt and swim trunks plays at the beach .,a red shirt,"196,193,476,359",A little boy,"150,105,481,451",swim trunks,"212,280,451,389",,,,,,,,,,
1466,154674,open_set,A ESPN cameraman films a baseball player hitting a ball during a game .,a baseball player,"247,127,385,435",A ESPN,"340,492,378,512",a ball,"140,121,173,194",,,,,,,,,,
1467,155548,open_set,Man with filleted fish on wooden board .,Man,"151,78,365,362",filleted fish,"160,305,373,369",wooden board,"23,347,459,432",,,,,,,,,,
1468,154945,open_set,Some people look to cross the street in front of a drug store .,the street,"1,413,510,512",Some people,"135,318,179,464",a drug store,"223,3,512,427",,,,,,,,,,
1469,156650,open_set,A boy who seems ill is being touched in the face by a toddler .,a toddler,"43,31,297,272",the face,"237,88,354,172",A boy,"36,88,512,512",,,,,,,,,,
1470,155406,open_set,A blond puppy wearing a red collar is standing in the water .,the water,"1,213,510,512",A blond puppy,"70,90,507,465",a red collar,"217,247,316,445",,,,,,,,,,
1471,156933,open_set,A bunch of younger people are lying and sitting n blankets in the grass .,n blankets,"1,85,491,506",A bunch of younger people,"4,5,512,512",the grass,"1,31,510,303",,,,,,,,,,
1472,155605,open_set,A skateboarder is airborne between a white building and an American flag .,a white building,"90,301,493,403",A skateboarder,"142,199,365,345",an American flag,"1,188,53,219",,,,,,,,,,
1473,157777,open_set,Four men in dark colored clothing appear to be praying or meditating on a wooden floor,Four men,"75,3,505,472",dark colored clothing,"79,69,496,461",a wooden floor,"3,295,510,512",,,,,,,,,,
1474,154976,open_set,A man in a burgundy jacket sits before a beige background while playing a guitar .,a burgundy jacket,"1,292,293,512",A man,"1,204,293,512",a guitar,"3,325,369,512",,,,,,,,,,
1475,155648,open_set,He is in the bathroom with a drink in his hand .,his hand,"299,182,384,242",a drink,"267,186,318,235",the bathroom,"12,6,512,512",,,,,,,,,,
1476,155309,open_set,A man in a red vest is holding a red article of clothing .,a red vest,"294,119,460,493",a red article of clothing,"294,119,460,493",A man,"266,4,509,512",,,,,,,,,,
1477,157561,open_set,One man climbing a rock wall while another man is below .,One man,"301,135,429,268",another man,"312,432,367,467",a rock wall,"3,2,512,512",,,,,,,,,,
1478,156709,open_set,This stone sculptor gently shaded seems to decorate a garden but here a young boy dressed in a US flag decorated t-shirt enjoys climbing on it .,a young boy,"219,97,416,274",a US flag decorated t-shirt,"270,145,405,247",This stone sculptor,"265,251,510,512",,,,,,,,,,
1479,154056,open_set,The man carries ears of corn in his arms while out in the corn field .,The man,"137,11,373,509",his arms,"202,196,346,412",ears of corn,"133,79,284,371",,,,,,,,,,
1480,154616,open_set,Man in brown shirt outside standing on one hand .,one hand,"64,437,156,454",brown shirt,"124,210,325,372",Man,"43,98,476,460",,,,,,,,,,
1481,155601,open_set,A brown dog on the beach with a yellow ball in his mouth .,a yellow ball,"261,152,312,211",A brown dog,"236,41,447,512",his mouth,"266,165,306,208",,,,,,,,,,
1482,155010,open_set,"Two people with backpacks take a picture of something high above them , while standing in a crowd .",Two people,"53,15,234,512",backpacks,"81,121,237,345",a crowd,"1,15,509,512",,,,,,,,,,
1483,158020,open_set,Two women in black practising throwing rifles in the air .,black,"8,238,416,507",rifles,"36,4,499,172",Two women,"8,243,422,510",,,,,,,,,,
1484,157701,open_set,A person with clothes on is diving into water .,water,"1,55,512,512",A person,"222,192,366,337",clothes,"247,195,337,320",,,,,,,,,,
1485,154828,open_set,A couple sit on the hood of a car with their backs to the camera .,their backs,"88,187,360,480",the hood of a car,"43,483,333,512",A couple,"68,73,448,509",,,,,,,,,,
1486,156315,open_set,A black dog chasing a red ball through the water .,the water,"2,3,510,512",a red ball,"33,278,55,311",A black dog,"129,161,211,269",,,,,,,,,,
1487,154509,open_set,Two ice hockey players fight with their gloves off while a referee looks on .,a referee,"143,76,236,413",Two ice hockey players,"261,116,397,510",their gloves,"116,4,384,196",,,,,,,,,,
1488,154221,open_set,"Three men standing portraying thumbs up to the screen , while having a barbecue .",Three men,"112,103,405,494",a barbecue,"139,402,230,512",thumbs up,"126,196,392,274",,,,,,,,,,
1489,155806,open_set,Women gathered around a table with food related items on it .,Women,"1,1,512,512",a table,"1,2,439,512",food related items,"194,275,346,400",,,,,,,,,,
1490,158073,open_set,A man dressed in green sweeps leaves from an outdoor altar .,green,"196,222,274,361",A man,"177,201,274,456",an outdoor altar,"115,312,212,430",,,,,,,,,,
1491,156197,open_set,A woman sits on a park picnic table near a stroller .,a stroller,"1,361,127,494",a park picnic table,"242,364,511,512",A woman,"277,296,362,457",,,,,,,,,,
1492,154838,open_set,A person in swim trunks jumping down an inflatable slide,an inflatable slide,"1,2,512,512",swim trunks,"135,34,312,173",A person,"136,3,370,257",,,,,,,,,,
1493,158094,open_set,A young boy jumps into a pool with outstretched arms .,a pool,"1,379,512,512",outstretched arms,"41,172,453,233",A young boy,"43,124,453,369",,,,,,,,,,
1494,158675,open_set,A rock climber rappels down a sheer rock face with a view of snow covered mountains in the background .,A rock climber,"162,167,232,247",a view of snow covered mountains,"2,468,231,512",a sheer rock face,"303,1,510,512",,,,,,,,,,
1495,155349,open_set,A woman in a blue shirt is looking at a black ram .,a black ram,"257,305,420,512",a blue shirt,"1,117,154,383",A woman,"2,1,149,512",,,,,,,,,,
1496,156254,open_set,A blond woman in a yellow shirt lifts up her arm ands furrows her brow .,her brow,"233,107,271,132",A blond woman,"90,15,335,510",a yellow shirt,"146,207,334,512",,,,,,,,,,
1497,155452,open_set,Girls in red and white striped uniforms standing in a field .,Girls,"1,127,441,512",red and white striped uniforms,"1,186,438,512",a field,"3,369,502,512",,,,,,,,,,
1498,155107,open_set,A person in a red hoodie uses nordic poles to walk up a mountain .,A person,"135,181,205,419",nordic poles,"138,252,215,405",a red hoodie,"134,187,204,295",,,,,,,,,,
1499,154316,open_set,A girl on wood and a man walking outside .,A girl,"219,240,361,437",wood,"195,256,502,507",a man,"395,142,445,243",,,,,,,,,,
1500,154739,open_set,A person walks along a beach at sunset carrying a surfboard .,a beach,"2,301,510,512",a surfboard,"355,223,479,275",A person,"360,179,474,339",,,,,,,,,,
1501,154980,open_set,A man in a white shirt is standing on the curb waiting to cross the street .,a white shirt,"1,215,23,264",A man,"1,202,22,301",the curb,"1,176,204,330",,,,,,,,,,
1502,154469,open_set,"A man is sitting on a chair , while many people walk in front of him .",many people,"71,257,506,490",A man,"256,287,370,483",a chair,"264,396,361,512",,,,,,,,,,
1503,154464,open_set,A man riding an ATV makes a jump over a dirt road .,a dirt road,"1,386,510,512",an ATV,"104,168,505,388",A man,"196,88,419,283",,,,,,,,,,
1504,154835,open_set,Soldiers are washing pans in red tubs .,red tubs,"369,390,508,509",Soldiers,"114,157,461,512",pans,"194,25,416,206",,,,,,,,,,
1505,154059,open_set,A man wearing gloves carries corn through a field .,A man,"137,11,373,509",gloves,"137,322,204,403",corn,"133,79,284,371",,,,,,,,,,
1506,154117,open_set,A man planting some flowers around a pole outside .,some flowers,"381,349,500,512",A man,"214,106,370,438",a pole outside,"96,1,181,308",,,,,,,,,,
1507,155988,open_set,A little girl with blond-hair is outside playing with a small doll .,a small doll,"215,401,364,507",blond-hair,"15,1,512,248",A little girl,"67,2,512,512",,,,,,,,,,
1508,156077,open_set,brown dogs and a woman in a yard,a yard,"2,343,512,512",brown dogs,"149,203,368,392",a woman,"359,93,464,356",,,,,,,,,,
1509,154132,open_set,A female swimmer checks her goggles and head cap .,head cap,"314,76,367,128",her goggles,"313,129,361,160",A female swimmer,"209,64,421,510",,,,,,,,,,
1510,155560,open_set,A snowboarder clothed in red is in the middle of a jump from a snowy hill .,red,"302,89,348,169",a snowy hill,"1,287,509,512",A snowboarder,"294,72,371,186",,,,,,,,,,
1511,156042,open_set,woman sitting on couch with chocolate,chocolate,"193,314,406,332",woman,"180,91,427,306",couch,"75,129,512,467",,,,,,,,,,
1512,156792,open_set,"Woman in a jacket , walking a small white dog .",Woman,"309,221,372,472",a small white dog,"355,315,377,447",a jacket,"322,256,364,345",,,,,,,,,,
1513,154646,open_set,A little girl in a yellow shirt holding a big snail .,A little girl,"6,3,447,509",a big snail,"177,120,419,276",a yellow shirt,"69,244,344,499",,,,,,,,,,
1514,156780,open_set,People walk along a street near a yellow building .,People,"3,166,462,482",a yellow building,"2,3,512,184",a street,"5,195,508,508",,,,,,,,,,
1515,156216,open_set,a brown and white dog chasing a ball on some grass .,some grass,"1,1,512,512",a brown and white dog,"116,29,475,370",a ball,"74,309,122,372",,,,,,,,,,
1516,156754,open_set,A young man sitting behind a table with a microphone in front of him .,A young man,"111,26,399,484",a microphone,"309,215,369,298",a table,"1,481,512,512",,,,,,,,,,
1517,154116,open_set,A young man is squatting by a pole and raking soil .,A young man,"214,106,370,438",soil,"5,180,374,512",a pole,"96,1,181,308",,,,,,,,,,
1518,154312,open_set,A group of people jumping with joy on a deck overlooking a lake in a mountainous region .,a lake,"206,319,512,355",A group of people,"114,173,434,381",a deck,"2,355,512,508",,,,,,,,,,
1519,158448,open_set,"Two men , one enjoying a beer , have a discussion .",one,"324,99,510,512",a beer,"354,359,397,510",Two men,"2,80,510,512",,,,,,,,,,
1520,154348,open_set,Two young child are swimming side by side with kickboards in a pool .,kickboards,"64,191,293,348",Two young child,"169,149,471,301",a pool,"1,69,512,512",,,,,,,,,,
1521,157333,open_set,A woman seated at a table in front of cake .,a table,"1,385,512,512",A woman,"88,44,416,414",cake,"80,444,236,512",,,,,,,,,,
1522,158013,open_set,A man in a yellow outfit riding a yellow motorcycle .,a yellow motorcycle,"76,129,335,464",A man,"78,36,334,464",a yellow outfit,"104,32,250,315",,,,,,,,,,
1523,157900,open_set,A guy in a black shirt is rocking on a set of drums .,a set of drums,"1,250,355,512",A guy,"203,43,510,512",a black shirt,"314,129,510,508",,,,,,,,,,
1524,156898,open_set,A little boy in a white long-sleeved t-shirt jumps on a trampoline .,a white long-sleeved t-shirt,"103,116,396,262",a trampoline,"103,116,396,262",A little boy,"103,54,412,437",,,,,,,,,,
1525,157248,open_set,Girl performs gymnastic move in a drained pool .,Girl,"97,44,394,492",gymnastic move,"97,44,394,492",a drained pool,"8,12,508,496",,,,,,,,,,
1526,154114,open_set,People crowded around toys on a table .,toys,"17,260,510,413",a table,"10,372,441,512",People,"2,126,512,371",,,,,,,,,,
1527,156162,open_set,A man in camouflage kneels on the floor .,the floor,"2,160,512,510",A man,"145,215,474,461",camouflage,"212,237,421,465",,,,,,,,,,
1528,156586,open_set,A dark-skinned woman in a blue dress is standing near a crowd .,a crowd,"1,1,512,512",A dark-skinned woman,"79,3,403,512",a blue dress,"97,347,246,512",,,,,,,,,,
1529,157739,open_set,A man is walking on rocks with water flowing around them .,rocks,"1,247,507,472",water,"1,416,512,512",A man,"190,69,380,398",,,,,,,,,,
1530,155993,open_set,Two asian children working on bicycles at a shop in front of their mother .,Two asian children,"12,146,286,479",their mother,"217,90,291,230",bicycles,"3,68,465,510",,,,,,,,,,
1531,155662,open_set,The little girl wearing pink is having fun bungee jumping .,pink,"98,149,289,335",The little girl,"45,114,369,509",fun bungee,"78,1,512,241",,,,,,,,,,
1532,155358,open_set,A man in a safety vest is posing in front of some technical equipment .,A man,"1,96,195,512",some technical equipment,"169,262,512,512",a safety vest,"6,185,190,502",,,,,,,,,,
1533,157529,open_set,A little girl stands on the fence while peeking through it to look at the horse .,the horse,"295,263,401,393",A little girl,"117,24,312,485",the fence,"1,4,512,489",,,,,,,,,,
1534,158350,open_set,A group of people on a dock by a city boarding various boats,a dock,"57,309,219,512",various boats,"1,197,417,474",A group of people,"181,303,226,370",,,,,,,,,,
1535,157404,open_set,The woman lacrosse player in blue is about to catch the ball .,the ball,"348,119,365,148",blue,"184,168,296,404",The woman lacrosse player,"185,75,304,512",,,,,,,,,,
1536,154599,open_set,Two women in red skirts dancing for an audience .,an audience,"1,173,457,348",red skirts,"123,202,401,436",Two women,"121,68,449,445",,,,,,,,,,
1537,157411,open_set,A woman rides a bike on a trail through a field .,a trail,"179,285,282,512",a bike,"222,259,260,342",A woman,"221,214,260,335",,,,,,,,,,
1538,155005,open_set,A boy wearing an orange shirt is playing on a swing .,A boy,"27,9,473,512",a swing,"1,1,424,337",an orange shirt,"78,87,470,259",,,,,,,,,,
1539,157160,open_set,A very young boy wearing a green long-sleeve shirt is laying on a bed at a store .,a green long-sleeve shirt,"156,151,299,278",a bed,"2,46,512,436",A very young boy,"64,109,461,286",,,,,,,,,,
1540,158306,open_set,"Three children playing with hay outdoors , throwing some at camera lens .",hay outdoors,"195,322,331,472",Three children,"109,119,464,444",some,"89,4,331,472",,,,,,,,,,
1541,155081,open_set,The dog runs through the water while holding a yellow ring .,the water,"4,98,297,512",a yellow ring,"241,307,268,342",The dog,"115,263,262,372",,,,,,,,,,
1542,155254,open_set,The gal wearing the black sunglasses and blue jean jacket is smiling .,The gal,"41,34,470,510",the black sunglasses,"256,133,429,178",blue jean jacket,"35,250,465,503",,,,,,,,,,
1543,156289,open_set,A guy in a laundromat getting his things together .,A guy,"135,209,294,498",his things,"88,323,181,398",a laundromat,"4,3,512,512",,,,,,,,,,
1544,155884,open_set,a man wearing a yellow helmet climbing the side of a large rock wall .,the side of a large rock wall,"75,53,512,512",a yellow helmet,"125,218,252,321",a man,"6,208,371,505",,,,,,,,,,
1545,157318,open_set,A man in a red sweatshirt pushes a giant redwood tree in a snowy forest .,a giant redwood tree,"3,3,310,441",A man,"268,176,429,418",a red sweatshirt,"276,187,364,289",,,,,,,,,,
1546,156636,open_set,A couple enjoying the high plains with their dogs .,their dogs,"105,332,173,433",the high plains,"2,41,512,512",A couple,"142,257,302,450",,,,,,,,,,
1547,156140,open_set,A person is holding a brown egg in front of a mixing bowl .,a brown egg,"211,233,320,329",a mixing bowl,"160,173,509,510",A person,"3,4,336,512",,,,,,,,,,
1548,154429,open_set,A police officer standing next to a crowd of people in sailor suits .,a crowd of people,"370,19,510,512",sailor suits,"374,14,510,512",A police officer,"2,1,357,509",,,,,,,,,,
1549,154504,open_set,A young woman in a yellow shirt is walking down the street .,a yellow shirt,"319,200,358,291",A young woman,"288,140,395,431",the street,"44,355,510,512",,,,,,,,,,
1550,158211,open_set,"A man , a gun , and a dog .",a gun,"3,90,289,117",a dog,"44,286,209,472",A man,"151,46,483,466",,,,,,,,,,
1551,155303,open_set,"A buy with glasses petting his bulldog , on the pavement with woods in the background .",woods,"3,1,510,280",his bulldog,"209,157,510,474",glasses,"146,64,246,90",,,,,,,,,,
1552,155954,open_set,A white women and a black man in a red hat play fighting .,a black man,"308,98,509,504",a red hat,"358,104,422,175",A white women,"135,116,301,510",,,,,,,,,,
1553,156335,open_set,Two girls lean over and look at something in a case .,something,"3,416,512,512",a case,"3,416,512,512",Two girls,"17,49,479,499",,,,,,,,,,
1554,156559,open_set,Woman wearing a white donkey costume while talking to a man .,a white donkey costume,"107,211,422,436",Woman,"113,93,395,512",a man,"15,151,136,253",,,,,,,,,,
1555,154943,open_set,"People stand on a street corner at dusk , with a pharmacy in the background .",a street corner,"1,413,510,512",People,"135,318,179,464",a pharmacy,"223,3,512,427",,,,,,,,,,
1556,157183,open_set,A young naked lady in body paint rides a bike through a street festival .,body paint,"235,12,432,512",a bike,"73,393,253,510",A young naked lady,"124,12,431,512",,,,,,,,,,
1557,154887,open_set,Women in black dress taking picture of children in front of flowers .,black dress,"20,181,107,449",flowers,"105,57,474,234",Women,"13,122,117,491",,,,,,,,,,
1558,155249,open_set,A man in athletic clothing holding a water bottle running .,athletic clothing,"182,121,350,479",A man,"128,37,405,512",a water bottle,"142,252,177,280",,,,,,,,,,
1559,156518,open_set,Two men and two ladies sitting on a row of chairs .,Two men,"26,10,256,512",two ladies,"285,56,479,495",a row of chairs,"27,156,455,504",,,,,,,,,,
1560,157641,open_set,A lioness chases a black animal with horns .,A lioness,"1,238,286,381",horns,"382,150,458,224",a black animal,"270,147,464,378",,,,,,,,,,
1561,154665,open_set,The fashionably dressed young woman peers at an object in her hand .,The fashionably dressed young woman,"163,12,356,509",an object,"317,53,356,93",her hand,"316,49,359,95",,,,,,,,,,
1562,157356,open_set,A woman wearing a green shirt is painting part of a mural .,part of a mural,"4,28,510,509",A woman,"4,5,295,201",a green shirt,"3,22,133,115",,,,,,,,,,
1563,154036,open_set,A man wearing a colorful helmet while on some type of motorcycle or scooter .,some type of motorcycle or scooter,"399,367,501,512",a colorful helmet,"46,21,287,366",A man,"1,23,403,510",,,,,,,,,,
1564,154604,open_set,The man is standing next to a yellow building with a blue window .,The man,"233,200,316,512",a blue window,"337,79,481,255",a yellow building,"2,5,496,512",,,,,,,,,,
1565,154796,open_set,Three men and a woman using laptops together .,a woman,"209,211,362,510",Three men,"8,166,512,416",laptops,"81,212,432,417",,,,,,,,,,
1566,156281,open_set,"A small girl covering her eyes in a yellow shirt , outdoors .",her eyes,"200,173,351,234",a yellow shirt,"119,349,480,512",A small girl,"116,104,512,510",,,,,,,,,,
1567,158412,open_set,A small dog in front of a yellow tube on grass .,A small dog,"146,162,307,410",a yellow tube,"2,81,263,401",grass,"4,165,512,512",,,,,,,,,,
1568,155625,open_set,"a person collecting beer bottles , at what looks like a pro fight , while wearing a British flag .",a British flag,"292,135,482,508",a person,"184,3,478,512",beer bottles,"178,312,309,512",,,,,,,,,,
1569,157334,open_set,A woman wearing a scarf is having cake .,a scarf,"144,158,333,424",A woman,"88,44,416,414",cake,"80,444,236,512",,,,,,,,,,
1570,154850,open_set,Two people in white are kayaking in front of a wall .,Two people,"81,11,232,394",a wall,"1,1,512,253",white,"13,34,231,315",,,,,,,,,,
1571,158615,open_set,"A lone performer or lecturer takes the stage in an urban setting , for a crowd of about 30 spectators .",A lone performer or lecturer,"367,193,394,287",a crowd of about 30 spectators,"1,230,460,512",the stage,"262,149,512,318",,,,,,,,,,
1572,154279,open_set,Two people in yellow vests sit in front of gates .,Two people,"101,170,381,429",yellow vests,"90,208,392,305",gates,"4,4,512,487",,,,,,,,,,
1573,155001,open_set,A girl in pink is on the shoulders of a mustached man .,A girl,"40,62,460,498",the shoulders of a mustached man,"152,439,444,512",pink,"103,159,460,378",,,,,,,,,,
1574,158621,open_set,a single man wear a black mask with several people in the background,several people,"87,182,235,508",a single man,"169,33,446,508",a black mask,"252,24,416,269",,,,,,,,,,
1575,157242,open_set,A woman is painting a scene of the Grand Canyon on her portable easel .,a scene of the Grand Canyon,"331,149,433,326",her portable easel,"214,142,512,512",A woman,"5,14,329,506",,,,,,,,,,
1576,154440,open_set,People watch a group of runners on the street .,People,"261,253,512,510",the street,"5,253,391,510",a group of runners,"1,267,346,512",,,,,,,,,,
1577,157584,open_set,"On a public street , two women clad in bikinis and high top boots , are pole dancing .",high top boots,"197,256,246,433",two women,"183,58,352,435",bikinis,"194,138,336,272",,,,,,,,,,
1578,155459,open_set,A man with a knife in front of a cake .,a knife,"225,231,294,322",A man,"239,22,507,386",a cake,"56,374,446,504",,,,,,,,,,
1579,155037,open_set,Two men in orange vests moving a heavy object sown some stairs .,a heavy object,"205,245,364,425",orange vests,"125,77,400,189",Two men,"96,45,413,319",,,,,,,,,,
1580,158686,open_set,A woman in a white shirt is standing by a Gwan Multipurpose Centre sign .,a white shirt,"70,292,169,380",A woman,"68,254,203,512",a Gwan Multipurpose Centre sign,"94,98,453,352",,,,,,,,,,
1581,154136,open_set,A man in summer clothing skiing on thin snow .,summer clothing,"150,211,359,332",A man,"10,102,459,453",thin snow,"3,153,512,512",,,,,,,,,,
1582,156063,open_set,A man wearing red and black is balancing himself on the back wheels of a bicycle that is pointing up .,A man,"132,33,390,399",red and black,"130,81,309,385",the back wheels of a bicycle,"195,335,338,439",,,,,,,,,,
1583,158454,open_set,An african man in a colorful hat is playing congo drums .,An african man,"92,54,379,477",a colorful hat,"147,55,258,104",congo drums,"295,250,499,472",,,,,,,,,,
1584,158587,open_set,A small male child in a GAP shirt sitting on a blue tractor .,a GAP shirt,"228,213,358,372",A small male child,"232,156,356,507",a blue tractor,"3,153,510,512",,,,,,,,,,
1585,156940,open_set,Man in bike helmet getting fare ticket out of machine .,Man,"2,4,291,512",bike helmet,"1,2,195,170",machine,"176,2,512,512",,,,,,,,,,
1586,158243,open_set,An oriental woman who is wearing a hat walks down the busy street .,the busy street,"3,250,415,512",An oriental woman,"98,9,234,507",a hat,"99,22,180,120",,,,,,,,,,
1587,156249,open_set,A young boy getting his hair styled is eating candy .,candy,"203,204,236,269",his hair,"153,96,305,204",A young boy,"105,88,417,512",,,,,,,,,,
1588,153951,open_set,A group of men in suits are walking down a park sidewalk .,A group of men,"154,278,342,436",a park sidewalk,"2,322,512,512",suits,"156,275,346,436",,,,,,,,,,
1589,155899,open_set,Two girls in a bathing suit hold up another girl in fun .,a bathing suit,"133,258,395,454",another girl,"44,16,512,224",Two girls,"92,80,435,512",,,,,,,,,,
1590,155281,open_set,A white boy opening a candy cane full of chocolate sweets on Christmas .,a candy cane,"180,188,207,405",chocolate sweets,"180,188,207,405",A white boy,"176,131,364,512",,,,,,,,,,
1591,155116,open_set,A woman wearing a green headscarf laughs while a woman in the background paddles a boat .,a green headscarf,"164,23,348,321",A woman,"96,18,382,512",a woman,"96,18,382,512",,,,,,,,,,
1592,157940,open_set,Three women walk through a plant covered atrium hallway .,hallway,"146,144,364,430",Three women,"235,193,299,278",a plant,"331,226,512,510",,,,,,,,,,
1593,158349,open_set,A boat pear with people boarding and disembarking some boats .,A boat pear,"58,354,220,512",some boats,"1,197,417,474",people,"181,303,226,370",,,,,,,,,,
1594,157410,open_set,A woman biking along a trail surrounded by various plants .,various plants,"12,256,509,507",a trail,"227,323,283,512",A woman,"221,214,260,335",,,,,,,,,,
1595,158808,open_set,Someone grinding stones with a pestle .,stones,"88,179,424,358",Someone,"1,1,274,291",a pestle,"226,181,255,204",,,,,,,,,,
1596,155786,open_set,Thre is a shot of man with his back turned in a city .,his back,"169,382,387,508",a shot of man,"160,214,394,512",a city,"2,6,512,401",,,,,,,,,,
1597,156656,open_set,Two men in black coats stand by the side of a building .,black coats,"12,70,291,314",Two men,"128,30,295,506",the side of a building,"206,1,512,512",,,,,,,,,,
1598,156863,open_set,An elderly man with white hair and eyeglasses is smiling at something,eyeglasses,"195,184,324,246",An elderly man,"83,69,455,507",white hair,"185,75,328,226",,,,,,,,,,
1599,157792,open_set,A man and woman help each other with a fishing rod .,A man,"241,38,450,510",woman,"75,90,272,510",a fishing rod,"53,1,276,430",,,,,,,,,,
1600,154505,open_set,A woman in a yellow shirt is walking past a yellow SUV .,a yellow shirt,"319,200,358,291",a yellow SUV,"1,141,163,512",A woman,"288,140,395,431",,,,,,,,,,
1601,158244,open_set,A person wearing a yellow apron looking toward other people .,A person,"98,9,234,507",a yellow apron,"126,120,227,476",other people,"290,1,512,512",,,,,,,,,,
1602,158024,open_set,A elderly white-haired woman is looking inside her register and looking through her glasses .,her register,"124,99,411,371",A elderly white-haired woman,"54,136,218,385",her glasses,"145,170,193,206",,,,,,,,,,
1603,156046,open_set,The man is wearing a black shirt and hat and smiling .,hat,"179,55,392,140",The man,"1,53,512,510",a black shirt,"3,212,508,461",,,,,,,,,,
1604,154857,open_set,A young boy in a gray and white striped shirt is playing guitar .,guitar,"116,247,509,450",A young boy,"113,7,352,512",a gray and white striped shirt,"111,160,356,466",,,,,,,,,,
1605,156440,open_set,A man walking by a sitting man on the street .,A man,"83,213,164,510",the street,"163,198,510,498",a sitting man,"1,250,94,508",,,,,,,,,,
1606,157289,open_set,Two men and a woman looking at a magnifying glass .,a magnifying glass,"199,153,318,481",Two men,"165,4,502,512",a woman,"1,70,118,510",,,,,,,,,,
1607,156527,open_set,A girl singing and playing the drums for the people in line .,the people,"4,23,512,321",A girl,"321,133,502,512",the drums,"266,419,394,512",,,,,,,,,,
1608,156611,open_set,A girl smiles as she runs across the white sandy beach in her swimsuit .,the white sandy beach,"2,322,512,512",her swimsuit,"181,211,262,395",A girl,"107,106,347,509",,,,,,,,,,
1609,155622,open_set,A woman with a long black ponytail and a flowing white dress twirls .,a long black ponytail,"186,59,445,424",a flowing white dress,"1,1,512,512",A woman,"186,37,512,512",,,,,,,,,,
1610,158164,open_set,Three young children feeding a turtle water from a blue container .,Three young children,"1,3,296,465",a blue container,"115,375,189,493",a turtle water,"165,364,393,512",,,,,,,,,,
1611,158444,open_set,Two people in a yellow kayak come along side a larger white kayak .,Two people,"221,295,254,362",a larger white kayak,"182,133,403,313",a yellow kayak come,"219,265,260,396",,,,,,,,,,
1612,156843,open_set,A pretty asian girl smiles from a window next to a neon takeout sign .,A pretty asian girl,"284,146,478,364",a neon takeout sign,"64,202,179,492",a window,"277,5,510,376",,,,,,,,,,
1613,155611,open_set,A brown dog is chasing a red Frisbee across a grassy field .,a red Frisbee,"154,186,202,258",A brown dog,"181,170,454,379",a grassy field,"2,224,512,512",,,,,,,,,,
1614,155811,open_set,A young boy plays with a GameCube kiosk at McDonald 's .,a GameCube kiosk,"1,27,356,512",McDonald,"1,27,356,512",A young boy,"267,184,441,512",,,,,,,,,,
1615,154081,open_set,A boy wearing jeans leaps in the air and shows his shadow below .,jeans,"95,242,363,420",his shadow,"162,423,512,473",A boy,"107,56,351,431",,,,,,,,,,
1616,154127,open_set,A lady possibly stuck in traffic leaning on her car window talking to someone .,her car window,"54,279,265,457",someone,"114,97,464,500",A lady,"114,97,464,500",,,,,,,,,,
1617,155597,open_set,A large escalator with many people is escalating people up and down .,people,"3,131,388,491",many people,"1,182,352,487",A large escalator,"1,133,512,512",,,,,,,,,,
1618,155310,open_set,A man in a red shirt holding a red piece of clothing .,a red shirt,"294,119,460,493",a red piece of clothing,"294,119,460,493",A man,"266,4,509,512",,,,,,,,,,
1619,157448,open_set,An adult smiles with a child on a swing .,a child,"223,116,328,285",a swing,"216,3,348,275",An adult,"329,105,429,475",,,,,,,,,,
1620,156164,open_set,The child in the green one piece suit is walking past a store window .,the green one piece suit,"111,292,180,480",a store window,"164,4,283,267",The child,"108,233,195,498",,,,,,,,,,
1621,154035,open_set,A young boy is walking next to someone in a red shirt .,someone,"1,2,185,468",A young boy,"165,111,368,457",a red shirt,"1,1,152,185",,,,,,,,,,
1622,155730,open_set,A woman sitting inside a public transportation vehicle looks in the distance while several other passengers can be seen in the background .,A woman,"132,87,340,502",a public transportation vehicle,"11,1,512,492",several other passengers,"93,9,512,512",,,,,,,,,,
1623,155256,open_set,A blond woman wearing sunglasses and dice earrings smiles .,A blond woman,"41,34,470,510",sunglasses,"256,133,429,178",dice earrings,"263,198,286,256",,,,,,,,,,
1624,158635,open_set,A man has a variety of decorative goods hanged up in what appears to be his storefront .,A man,"192,161,269,387",a variety of decorative goods,"74,139,439,512",his storefront,"71,44,451,512",,,,,,,,,,
1625,154723,open_set,A three member band plays intensely in a club with flashy designs and lights in the background .,A three member band,"5,293,512,488",lights,"6,229,498,464",flashy designs,"139,221,353,465",,,,,,,,,,
1626,154230,open_set,Little girl with a cute face sitting on a motorcycle .,Little girl,"202,67,445,508",a cute face,"273,109,390,325",a motorcycle,"22,282,262,512",,,,,,,,,,
1627,157137,open_set,The child with a green shirt is on a bed smiling,a bed,"1,2,512,512",The child,"4,10,445,501",a green shirt,"4,10,445,501",,,,,,,,,,
1628,155844,open_set,"Two martial art athletes compete in front of an audience , carefully monitored by the judge .",an audience,"1,36,512,492",the judge,"48,99,206,512",Two martial art athletes,"192,45,382,512",,,,,,,,,,
1629,155886,open_set,A person wearing a yellow helmet is climbing a cliff .,a cliff,"68,2,509,512",a yellow helmet,"125,218,252,321",A person,"6,208,371,505",,,,,,,,,,
1630,154246,open_set,A man and a child are standing near a dog who is jumping .,a dog,"216,158,287,352",A man,"325,98,503,508",a child,"108,242,165,458",,,,,,,,,,
1631,155293,open_set,A man with a soft drink poses for the camera with a park in the background .,a soft drink,"432,289,502,369",A man,"39,138,502,510",a park,"1,1,512,512",,,,,,,,,,
1632,156726,open_set,A man with a blue polo is standing in front of a taxi .,a blue polo,"11,256,268,512",A man,"6,114,319,512",a taxi,"1,149,512,510",,,,,,,,,,
1633,157717,open_set,Muslims riding their bicycles down a busy street .,Muslims,"8,15,512,448",their bicycles,"3,167,510,456",a busy street,"3,324,512,510",,,,,,,,,,
1634,157372,open_set,Man with cigarette in nun outfit .,Man,"4,18,512,510",cigarette,"291,244,317,265",nun outfit,"1,21,512,512",,,,,,,,,,
1635,157216,open_set,A man in swim trunks poses in a yoga stance on the beach .,a yoga stance,"118,207,350,380",swim trunks,"182,229,243,307",A man,"95,206,351,394",,,,,,,,,,
1636,157046,open_set,A woman pushing a shopping cart through a supermarket parking lot .,a supermarket parking lot,"4,220,507,512",a shopping cart,"128,292,311,508",A woman,"76,189,224,459",,,,,,,,,,
1637,157375,open_set,"A person leaning on the back of a bus , while two other people lie in the street .",two other people,"5,237,273,436",the back of a bus,"303,1,512,387",A person,"163,177,411,487",,,,,,,,,,
1638,157685,open_set,Two people in lawn chairs reading books .,books,"321,137,402,198",Two people,"50,27,438,387",lawn chairs,"33,184,355,512",,,,,,,,,,
1639,154431,open_set,A policeman looks at a man wearing a sailor costume .,a man,"370,19,510,512",a sailor costume,"374,14,510,512",A policeman,"2,1,357,509",,,,,,,,,,
1640,156547,open_set,Two fishermen try to untangle their large fishing net on the side of the road on a cloudy day .,Two fishermen,"205,64,418,408",a cloudy day,"1,2,512,335",their large fishing net,"122,252,508,503",,,,,,,,,,
1641,156675,open_set,A group of girls jumping over another girl who is laying on the floor .,another girl,"97,369,336,510",the floor,"1,226,512,510",A group of girls,"62,1,449,510",,,,,,,,,,
1642,154327,open_set,Woman on a motorcycle doing a wheelie .,a motorcycle,"81,64,512,512",Woman,"37,25,474,318",a wheelie,"35,29,476,446",,,,,,,,,,
1643,155057,open_set,A mom is pushing her two kids on the swing .,the swing,"346,4,512,263",A mom,"185,131,309,509",her two kids,"90,91,460,330",,,,,,,,,,
1644,155989,open_set,A little girl in a pink shirt is looking at a toy doll .,a pink shirt,"130,130,512,512",a toy doll,"215,401,364,507",A little girl,"67,2,512,512",,,,,,,,,,
1645,155908,open_set,A man in a laboratory coat looking into the lenses of a microscope .,A man,"2,39,302,512",the lenses of a microscope,"226,130,249,167",a laboratory coat,"1,72,257,512",,,,,,,,,,
1646,156394,open_set,A group of people carrying bags walk near a barb wire fence .,bags,"60,256,500,370",a barb wire fence,"1,184,353,510",A group of people,"65,52,273,432",,,,,,,,,,
1647,157690,open_set,There are a lot of kids walking on train tracks surrounded by trees .,train tracks,"129,244,512,512",a lot of kids,"184,290,284,425",trees,"1,1,510,221",,,,,,,,,,
1648,155192,open_set,Two young boys throwing rocks into the water .,rocks,"68,109,221,413",the water,"2,2,508,471",Two young boys,"67,129,437,458",,,,,,,,,,
1649,158744,open_set,A woman hanging out her laundry on the line .,the line,"169,185,512,251",A woman,"117,205,184,401",her laundry,"169,177,512,262",,,,,,,,,,
1650,154724,open_set,A musical group performs in front of a live audience with large pink lights on the stage .,the stage,"3,5,510,457",large pink lights,"1,163,498,464",a live audience,"3,376,512,512",,,,,,,,,,
1651,158506,open_set,"A group of people is standing on a porch , and one of them is petting a yellow dog .",a porch,"93,398,507,512",a yellow dog,"302,393,397,493",A group of people,"135,59,462,478",,,,,,,,,,
1652,155147,open_set,A man dressed in yellow speaks into a microphone .,a microphone,"280,184,425,381",A man,"35,4,512,512",yellow,"35,4,512,512",,,,,,,,,,
1653,155006,open_set,A child in an orange shirt swings on a swing .,A child,"27,9,473,512",a swing,"1,1,424,337",an orange shirt,"78,87,470,259",,,,,,,,,,
1654,156562,open_set,A man in a black shirt does work outside a window of a brick building .,a window of a brick building,"178,7,512,444",A man,"333,179,392,396",a black shirt,"343,201,386,292",,,,,,,,,,
1655,155931,open_set,One woman spikes the volleyball while the other attempts to block .,the volleyball,"70,37,133,76",One woman,"39,51,187,395",the other,"91,41,282,453",,,,,,,,,,
1656,157772,open_set,A man in a black hat stands in front of a red wall .,a red wall,"134,1,512,510",A man,"9,135,502,512",a black hat,"128,136,316,200",,,,,,,,,,
1657,155466,open_set,a young man wearing a blue striped shirt standing in front of a floral patterened couch,a young man,"215,99,485,510",a blue striped shirt,"218,252,486,510",a floral patterened couch,"1,107,283,511",,,,,,,,,,
1658,158717,open_set,A biker reaches the apex of his ramp while onlookers watch his feat .,the apex of his ramp,"1,128,175,399",onlookers,"89,236,188,345",A biker,"49,124,220,283",,,,,,,,,,
1659,158410,open_set,A little brown and white dog emerges from a yellow collapsable toy tunnel onto the lawn .,A little brown and white dog,"146,162,307,410",a yellow collapsable toy tunnel,"2,81,263,401",the lawn,"4,165,512,512",,,,,,,,,,
1660,156862,open_set,Two people are riding a Yamaha on the beach .,Two people,"107,203,276,408",the beach,"1,262,512,512",a Yamaha,"2,146,398,502",,,,,,,,,,
1661,156935,open_set,Many young people are sitting and laying on blankets in a field .,blankets,"1,85,491,506",Many young people,"4,5,512,512",a field,"1,31,510,303",,,,,,,,,,
1662,154582,open_set,A street performing juggler entertains a crowd .,juggler,"177,203,284,421",a crowd,"2,221,512,512",A street,"1,283,512,512",,,,,,,,,,
1663,158148,open_set,Black man in gray jumpsuit shows both hands to the camera .,gray jumpsuit,"156,172,427,512",both hands,"1,35,445,189",Black man,"3,38,441,510",,,,,,,,,,
1664,155792,open_set,A group of people rowing in a boat near a city .,a city,"1,33,356,161",a boat,"125,226,355,461",A group of people,"179,129,291,344",,,,,,,,,,
1665,154416,open_set,A man dressed in boxing attire throws a practice punch .,a practice punch,"53,56,456,192",A man,"57,15,454,499",boxing attire,"51,15,456,310",,,,,,,,,,
1666,156317,open_set,Dog splashing in water toward a red ball .,water,"2,3,510,512",a red ball,"33,278,55,311",Dog,"129,161,211,269",,,,,,,,,,
1667,155533,open_set,Group of people waiting in line at an ice cream stand .,line,"105,150,333,430",Group of people,"108,147,333,431",an ice cream stand,"20,38,398,377",,,,,,,,,,
1668,156581,open_set,There are two older ladies in straw hats covered in flowers .,straw hats,"9,15,501,341",flowers,"11,21,510,212",two older ladies,"2,16,509,512",,,,,,,,,,
1669,157968,open_set,The girl in a pink top is standing next to a red tricycle looking like she is about to cry .,The girl,"191,49,396,510",a red tricycle,"272,23,496,439",a pink top,"186,256,398,487",,,,,,,,,,
1670,157827,open_set,Blond woman in black t-shirt pushes wheelbarrow .,wheelbarrow,"175,368,507,508",black t-shirt,"123,191,341,375",Blond woman,"101,102,404,512",,,,,,,,,,
1671,154482,open_set,Two men in a crane examining trees .,a crane,"149,212,389,492",Two men,"148,113,310,412",trees,"1,1,512,512",,,,,,,,,,
1672,157814,open_set,A man goes through whitewater in a kayak .,a kayak,"140,303,512,437",A man,"181,98,512,320",whitewater,"2,1,512,512",,,,,,,,,,
1673,154102,open_set,Five men in orange vests work on repairing a street at night .,Five men,"64,230,289,365",orange vests,"68,250,285,309",a street,"2,3,509,512",,,,,,,,,,
1674,156285,open_set,The sun is setting as a young boy blows bubbles into the air .,bubbles,"198,9,328,210",a young boy,"345,102,507,512",The sun,"209,221,290,319",,,,,,,,,,
1675,156859,open_set,Two people with white helmets on riding in a Yamaha red and black vehicle .,white helmets,"165,202,268,251",Two people,"107,203,276,408",a Yamaha red and black vehicle,"2,146,398,502",,,,,,,,,,
1676,157015,open_set,A young boy walks across tracks in the snow .,the snow,"3,197,512,512",tracks,"145,212,512,512",A young boy,"237,182,289,348",,,,,,,,,,
1677,157051,open_set,A woman with a red hat is fishing at a lake .,a red hat,"76,111,146,167",a lake,"1,170,512,512",A woman,"55,107,172,509",,,,,,,,,,
1678,158671,open_set,A woman in a crowd lifting up her camera to take a photo .,A woman,"4,93,508,512",her camera,"96,121,239,180",a crowd,"3,1,512,329",,,,,,,,,,
1679,156542,open_set,A young man in a black shirt and brown pants is skateboarding .,brown pants,"252,124,358,190",a black shirt,"239,77,358,139",A young man,"187,35,361,210",,,,,,,,,,
1680,156844,open_set,A woman is smiling out of a window next to a takeout sign .,A woman,"284,146,478,364",a takeout sign,"64,202,179,492",a window,"277,5,510,376",,,,,,,,,,
1681,157342,open_set,A long-haired man displays a humorous face while wearing two hats .,a humorous face,"226,166,306,286",two hats,"138,28,474,217",A long-haired man,"14,26,473,510",,,,,,,,,,
1682,154553,open_set,"A bicycle race , with bicycle riders dressed in multicolor uniforms , with a man recording it .",multicolor uniforms,"206,45,408,281",bicycle riders,"91,35,450,400",a man,"332,67,398,243",,,,,,,,,,
1683,155594,open_set,A woman holding a stick out for a dog .,A woman,"161,72,307,443",a dog,"296,167,462,475",a stick,"253,23,290,173",,,,,,,,,,
1684,154787,open_set,A beige and dark brown dog plays in the swimming pool with his mouth open .,his mouth open,"70,142,166,238",the swimming pool,"5,331,512,512",A beige and dark brown dog,"1,54,512,478",,,,,,,,,,
1685,157890,open_set,A woman is grabbing a guy 's foot and putting it behind his head .,A woman,"146,4,512,512",his head,"278,147,380,296",a guy 's foot,"220,30,349,431",,,,,,,,,,
1686,155438,open_set,A child paints with different colors using brushes .,A child,"114,83,482,339",different colors,"178,259,512,408",brushes,"460,229,512,324",,,,,,,,,,
1687,156120,open_set,Two girls playing basketball in red and white uniforms .,Two girls,"101,44,490,376",basketball,"147,184,212,225",red and white uniforms,"196,131,427,293",,,,,,,,,,
1688,158150,open_set,A man standing next to a car holding up his hands .,a car,"388,152,512,436",his hands,"1,35,445,189",A man,"3,38,441,510",,,,,,,,,,
1689,157985,open_set,A woman uses a drill while another man takes her picture .,another man,"327,50,486,316",a drill,"182,124,364,277",A woman,"20,50,404,512",,,,,,,,,,
1690,157273,open_set,The bearded man is speaking with the lady wearing a green top .,The bearded man,"2,53,221,511",the lady,"331,151,512,511",a green top,"359,420,500,509",,,,,,,,,,
1691,155397,open_set,People sitting on a rooftop looking out into the water .,People,"195,298,326,419",the water,"3,83,510,475",a rooftop,"1,335,510,512",,,,,,,,,,
1692,157508,open_set,A man in a red shirt sweeping the sidewalk .,a red shirt,"118,270,182,329",the sidewalk,"3,326,512,512",A man,"98,262,207,393",,,,,,,,,,
1693,157597,open_set,A man with a white shirt standing next to a vending stall .,A man,"206,167,285,502",a white shirt,"215,218,275,335",a vending stall,"160,170,485,487",,,,,,,,,,
1694,155765,open_set,Football player Quarterback in red Sooners jersey and red helmet prepares to receive snap,red helmet,"262,81,326,202",red Sooners jersey,"221,156,372,369",Football player,"217,83,370,505",,,,,,,,,,
1695,155870,open_set,Two children are in a grassy area near two horses .,a grassy area,"1,175,512,512",two horses,"268,126,507,375",Two children,"176,109,372,418",,,,,,,,,,
1696,157396,open_set,Man setting up a tent outside with onlooking girlfriend waiting .,girlfriend,"168,223,212,364",Man,"281,107,408,309",a tent,"1,294,512,512",,,,,,,,,,
1697,155413,open_set,Two men in brown robes walk away from a columned building .,Two men,"246,326,376,455",a columned building,"1,39,508,317",brown robes,"249,344,373,446",,,,,,,,,,
1698,157447,open_set,"Woman standing , with a child on a swing .",a child,"223,116,328,285",a swing,"216,3,348,275",Woman,"329,105,429,475",,,,,,,,,,
1699,155325,open_set,A person in a yellow shirt cycles past a historic looking building .,a yellow shirt,"99,353,134,386",A person,"96,338,138,462",a historic looking building,"1,3,510,434",,,,,,,,,,
1700,156469,open_set,Two women are riding bicycles down a dirt road .,Two women,"136,65,375,447",a dirt road,"1,179,512,510",bicycles,"135,206,378,489",,,,,,,,,,
1701,157389,open_set,A female volleyball player reaches high as her fingers touch the ball .,A female volleyball player,"101,32,398,509",the ball,"127,18,236,95",her fingers,"129,60,262,112",,,,,,,,,,
1702,157722,open_set,A woman in a batik dress walking on the beach .,A woman,"288,83,446,429",a batik dress,"283,130,438,412",the beach,"1,386,512,512",,,,,,,,,,
1703,157483,open_set,Man in a pink shirt walking down a street .,a pink shirt,"136,328,157,360",a street,"42,344,501,446",Man,"118,313,182,386",,,,,,,,,,
1704,158288,open_set,Young skier in a pink ski-suit is on the side of a snowy hill,the side of a snowy hill,"1,229,512,508",a pink ski-suit,"226,216,335,311",Young skier,"219,186,364,320",,,,,,,,,,
1705,158821,open_set,"A boy with a plastic bat , looking skyward , about to throw a ball .",a ball,"46,227,102,260",A boy,"56,102,441,493",a plastic bat,"196,71,267,219",,,,,,,,,,
1706,154759,open_set,Four kids next to a blue house are walking down a street .,a blue house,"1,14,152,120",Four kids,"39,137,416,510",a street,"1,114,512,512",,,,,,,,,,
1707,157761,open_set,A lady carrying food crossing a bridge .,a bridge,"1,256,508,510",food,"143,259,312,402",A lady,"159,338,234,490",,,,,,,,,,
1708,158630,open_set,A woman and two children who are wearing blue life vests are swimming .,blue life vests,"392,8,512,283",A woman,"174,118,276,234",two children,"365,1,512,288",,,,,,,,,,
1709,158653,open_set,A woman in a brown dress is jumps off some stairs outside a building .,some stairs,"1,432,512,512",A woman,"58,103,350,507",a brown dress,"116,166,310,387",,,,,,,,,,
1710,154598,open_set,Four women dressed in red shirts are doing the hula dance while several people in the background watch .,Four women,"1,68,449,477",several people,"1,176,457,346",red shirts,"123,202,401,436",,,,,,,,,,
1711,157576,open_set,Number 16 tries to tag first base before number 25 .,number 25,"367,165,432,219",Number 16,"107,179,157,240",first base,"176,387,279,448",,,,,,,,,,
1712,158038,open_set,A young woman wearing a bikini and a baseball cap is taking a sunbath floating on the beach,a baseball cap,"318,279,359,319",a bikini,"259,309,340,352",A young woman,"116,275,357,358",,,,,,,,,,
1713,158662,open_set,Group of people stand near a fence watching a plane fly over them,a plane fly,"239,47,493,293",a fence,"148,384,481,501",Group of people,"77,416,319,508",,,,,,,,,,
1714,155467,open_set,A small boy wearing a light blue shirt smiles as he holds something in his hand .,A small boy,"215,99,485,510",his hand,"333,339,436,422",a light blue shirt,"218,252,486,510",,,,,,,,,,
1715,157481,open_set,A man is walking down the sidewalk in front of the colorful building .,the sidewalk,"39,374,498,395",the colorful building,"243,1,492,382",A man,"118,313,182,386",,,,,,,,,,
1716,154530,open_set,A lady sitting on the round with two baskets of bananas in front of her .,A lady,"220,133,357,475",the round,"1,138,508,392",two baskets of bananas,"97,333,510,467",,,,,,,,,,
1717,155304,open_set,"A boy and his dog are standing on a trampoline , enjoying each others company .",A boy,"164,72,204,86",a trampoline,"3,268,512,512",his dog,"209,157,510,474",,,,,,,,,,
1718,158139,open_set,A man with sunglasses on his head poses for a picture near the wharf .,A man,"13,44,365,512",sunglasses,"37,33,217,185",his head,"38,40,233,441",,,,,,,,,,
1719,155395,open_set,A group of fisherman peer out at the city across the river as they wait for the fish to bite .,A group of fisherman,"195,298,326,419",the city,"2,1,512,98",the river,"3,83,510,475",,,,,,,,,,
1720,154090,open_set,A woman has a tattoo on her back .,a tattoo,"156,200,324,342",her back,"156,200,324,342",A woman,"107,11,395,512",,,,,,,,,,
1721,155058,open_set,A woman pushing two children on swings .,swings,"346,4,512,263",A woman,"185,131,309,509",two children,"90,91,460,330",,,,,,,,,,
1722,155751,open_set,A couple stands in front of a wooden sign on top of a hill .,a hill,"24,416,510,512",a wooden sign,"231,1,404,452",A couple,"293,176,437,467",,,,,,,,,,
1723,155458,open_set,The man in the blue shirt is about to cut the cake .,The man,"239,22,507,386",the cake,"56,374,446,504",the blue shirt,"251,119,512,328",,,,,,,,,,
1724,158432,open_set,Five boys standing a one boy sitting by the lake .,the lake,"1,243,510,460",Five boys,"81,144,510,475",a one boy,"331,303,398,424",,,,,,,,,,
1725,157834,open_set,Older gentleman with striped polo smiles as he stand next to a lion sculpture .,striped polo,"26,313,144,512",a lion sculpture,"198,39,512,512",Older gentleman,"19,249,142,512",,,,,,,,,,
1726,156409,open_set,a man with glasses typing on his laptop computer,glasses,"261,266,313,311",his laptop computer,"299,305,459,512",a man,"154,192,343,512",,,,,,,,,,
1727,157886,open_set,Children nap on a floor while others stand by .,a floor,"4,50,512,512",Children nap,"230,176,512,449",others,"2,2,325,230",,,,,,,,,,
1728,156864,open_set,A man with glasses and a gray sweater is laughing .,a gray sweater,"79,319,457,510",glasses,"195,184,324,246",A man,"83,69,455,507",,,,,,,,,,
1729,156761,open_set,A cowboy with a black hat is riding a bull at the rodeo,a black hat,"201,55,279,106",a bull,"18,93,467,501",A cowboy,"203,5,353,440",,,,,,,,,,
1730,154816,open_set,A little boy holding a mobile phone to his ears .,a mobile phone,"206,301,227,321",A little boy,"190,268,291,510",his ears,"245,290,266,309",,,,,,,,,,
1731,158348,open_set,a beautiful seaside scene with people on a dock and a large white building in the background,a dock,"57,309,219,512",people,"181,303,226,370",a large white building,"62,138,510,237",,,,,,,,,,
1732,157725,open_set,A man sits on a field near a backpack .,a field,"1,274,512,512",A man,"344,139,510,503",a backpack,"221,228,367,391",,,,,,,,,,
1733,156713,open_set,A boy with face paint looks out over a stone sculpture .,A boy,"219,97,416,274",face paint,"227,124,283,171",over a stone sculpture,"265,251,510,512",,,,,,,,,,
1734,156343,open_set,A soccer player standing with the ball on the sideline as other players walk up the field .,the sideline,"338,473,510,510",other players,"43,126,407,393",A soccer player,"268,267,338,510",,,,,,,,,,
1735,154586,open_set,A skateboarder in a black t-shirt and jeans skating threw the city .,a black t-shirt,"397,275,435,384",A skateboarder,"392,242,440,478",jeans,"400,349,434,465",,,,,,,,,,
1736,157354,open_set,A woman painting on the sidewalk of a busy street as people walk by her .,A woman,"4,5,295,201",people,"4,5,295,201",the sidewalk of a busy street,"4,28,510,509",,,,,,,,,,
1737,154500,open_set,A man in a fuzzy hat is holding a large bass drum .,A man,"37,4,353,510",a fuzzy hat,"135,3,350,251",a large bass drum,"230,140,512,512",,,,,,,,,,
1738,157914,open_set,A male and a female looking at snippets of paper .,a female,"204,2,512,465",snippets of paper,"71,443,355,512",A male,"10,1,430,458",,,,,,,,,,
1739,158064,open_set,"A brown , fluffy dog jumping into a swimming pool after a red toy .",a red toy,"7,404,68,445",a swimming pool,"1,225,481,512","A brown , fluffy dog","243,158,479,358",,,,,,,,,,
1740,154149,open_set,This man is sitting on the floor holding up and showing the bottom of a teddy bear .,This man,"38,36,445,512",the floor,"1,224,512,487",the bottom of a teddy bear,"143,140,307,232",,,,,,,,,,
1741,158510,open_set,"A skateboarder , holding his board while airborne , with high voltage power lines in the background .",high voltage power lines,"1,139,512,318",A skateboarder,"67,91,238,235",his board,"91,184,191,232",,,,,,,,,,
1742,155275,open_set,A young Asian woman getting some ice cream from a self serve dispensing machine .,A young Asian woman,"52,90,447,504",some ice cream,"430,314,472,374",a self serve dispensing machine,"352,147,453,395",,,,,,,,,,
1743,157731,open_set,this lady is wearing a pink shirt and tuning her guitar,a pink shirt,"7,194,469,474",her guitar,"5,135,512,512",this lady,"5,135,512,512",,,,,,,,,,
1744,154256,open_set,Woman with a red hat ice skates and walks her dog .,her dog,"283,280,462,442",Woman,"108,19,203,457",a red hat ice,"147,13,186,82",,,,,,,,,,
1745,158124,open_set,A surfer wearing a black and green wetsuit riding a wave .,a black and green wetsuit,"354,60,440,262",A surfer,"3,58,43,155",a wave,"4,140,509,305",,,,,,,,,,
1746,156606,open_set,A closeup of a man holding a baby wearing a blue shirt .,A closeup of a man,"199,1,505,508",a blue shirt,"77,350,266,512",a baby,"71,149,265,510",,,,,,,,,,
1747,158093,open_set,The boy in the black swim trunks dives into the pool .,the black swim trunks,"179,243,344,344",the pool,"1,379,512,512",The boy,"43,124,453,369",,,,,,,,,,
1748,157094,open_set,Seven people leaning over a rail wearing business attire .,business attire,"1,170,512,461",Seven people,"1,158,512,466",a rail,"1,261,512,432",,,,,,,,,,
1749,158082,open_set,Baby wearing red hat in car seat .,Baby,"30,116,475,506",car seat,"4,5,512,497",red hat,"216,109,486,290",,,,,,,,,,
1750,156418,open_set,A woman gives the 'thumbs up ' before her legs are amputated .,A woman,"76,52,428,453",her legs,"98,338,349,450",the 'thumbs up ',"394,202,407,222",,,,,,,,,,
1751,158346,open_set,Amidst a busy dock comes a red and white ship with a landscape of mountains and possibly middle-eastern territory .,a landscape of mountains,"1,84,509,171",a red and white ship,"245,197,417,350",a busy dock,"57,309,219,512",,,,,,,,,,
1752,154858,open_set,A young boy with dark hair plays an acoustic guitar .,dark hair,"217,3,308,120",A young boy,"113,7,352,512",an acoustic guitar,"116,247,509,450",,,,,,,,,,
1753,157715,open_set,A group of people wearing blue and white dishdashas all riding orange bicycles .,A group of people,"8,15,512,448",blue and white,"19,63,431,391",orange bicycles,"3,167,510,456",,,,,,,,,,
1754,156828,open_set,"A uniformed baseball player just took a swing at the ball , as the rest of the team looks on and the catcher behind him , is ready for the play .",A uniformed baseball player,"129,121,300,410",the catcher,"344,190,498,387",the rest of the team,"35,64,463,250",,,,,,,,,,
1755,155807,open_set,Three women are gathered around a table looking at items .,Three women,"1,1,512,512",a table,"1,2,439,512",items,"194,275,346,400",,,,,,,,,,
1756,156299,open_set,A ponytailed girl in a softball uniform raises her mitt in the air .,a softball uniform,"121,113,350,452",her mitt,"92,36,154,101",A ponytailed girl,"95,38,346,445",,,,,,,,,,
1757,157574,open_set,A baseball player running to the base as another players tags him out .,A baseball player,"35,84,471,463",another players,"35,84,471,463",the base,"176,387,279,448",,,,,,,,,,
1758,158104,open_set,A young lady wearing blue and black is running past an orange cone .,blue and black,"251,174,301,332",A young lady,"233,119,350,456",an orange cone,"374,331,405,432",,,,,,,,,,
1759,155251,open_set,A man is running with a water bottle in his hand .,his hand,"130,241,180,285",A man,"128,37,405,512",a water bottle,"142,252,177,280",,,,,,,,,,
1760,158806,open_set,A man digging through reinforced concrete with a hand tool .,reinforced concrete,"88,179,424,358",A man,"1,1,274,291",a hand tool,"226,181,255,204",,,,,,,,,,
1761,157293,open_set,A man placing a tripod behind a cart .,a tripod,"77,245,198,502",a cart,"47,68,457,494",A man,"57,126,171,502",,,,,,,,,,
1762,158279,open_set,Little girl wearing lots of pink playing with her bicycle .,her bicycle,"3,56,307,478",lots of pink,"250,112,448,441",Little girl,"190,110,454,447",,,,,,,,,,
1763,156324,open_set,A man skies on snow with mountains in the background .,snow,"222,326,324,431",A man,"135,191,188,399",mountains,"1,3,512,155",,,,,,,,,,
1764,158640,open_set,Two children wearing baseball caps shake hands while standing on the sidewalk .,hands,"240,249,258,285",baseball caps,"166,87,329,175",Two children,"131,89,362,505",,,,,,,,,,
1765,158108,open_set,these two ladies are reading a sign while shading themselves from the sun with their umbrellas .,a sign,"15,168,302,447",their umbrellas,"44,120,462,264",these two ladies,"136,153,404,455",,,,,,,,,,
1766,155829,open_set,Two children with face paint sitting on the ground in front of a window .,face paint,"110,118,414,318",a window,"1,3,441,352",Two children,"1,35,512,512",,,,,,,,,,
1767,156118,open_set,A young female basketball player in red and white blocks another in possession of the ball who is dressed in white and maroon .,red and white blocks,"315,134,441,305",white and maroon,"196,158,325,277",A young female basketball player,"250,44,490,376",,,,,,,,,,
1768,158478,open_set,A woman laying down in the grass in front of the leaning tower of Pisa .,the leaning tower of Pisa,"12,1,338,447",A woman,"126,336,512,484",the grass,"1,451,512,509",,,,,,,,,,
1769,156398,open_set,A woman is putting a band on a cigar in a factory .,a cigar,"123,414,173,438",A woman,"178,8,512,512",a band,"158,402,170,425",,,,,,,,,,
1770,157386,open_set,A gray-haired gentleman in a suit is standing in front of a podium .,a suit,"71,148,316,510",A gray-haired gentleman,"78,24,345,512",a podium,"175,365,460,510",,,,,,,,,,
1771,158680,open_set,A woman lays down with a camera and a man leans back on her taking the picture .,a camera,"196,39,232,93",A woman,"128,27,510,441",a man,"111,244,508,508",,,,,,,,,,
1772,154922,open_set,A group of people in folding chairs and wheelchairs sit outside in the sun .,folding chairs,"106,336,229,512",wheelchairs,"107,226,462,510",A group of people,"3,199,369,512",,,,,,,,,,
1773,154653,open_set,A very young child dressed entirely in red squats in the back of a truck with a good amount of debris in it .,red squats,"113,142,316,433",a good amount of debris,"1,133,512,512",A very young child,"81,50,315,484",,,,,,,,,,
1774,154908,open_set,Kid wearing white shirt and black hat posing for the camera .,black hat,"45,40,278,191",Kid,"40,44,512,512",white shirt,"59,292,492,508",,,,,,,,,,
1775,157694,open_set,A small boy wearing blue balances as he walks on a large rock .,blue,"26,103,273,398",a large rock,"1,294,512,512",A small boy,"19,30,304,400",,,,,,,,,,
1776,156442,open_set,"A young girl in a bathing suit , drinking from a green glass bottle",a green glass bottle,"285,178,428,229",A young girl,"99,132,464,512",a bathing suit,"115,256,358,510",,,,,,,,,,
1777,155876,open_set,A man mops a mess outside of his storefront .,a mess,"430,442,499,464",his storefront,"420,166,512,382",A man,"412,262,467,472",,,,,,,,,,
1778,157970,open_set,A girl making a sad face standing in front of her tricycle,A girl,"191,49,396,510",a sad face,"248,96,356,274",her tricycle,"272,23,496,439",,,,,,,,,,
1779,156763,open_set,A man wearing a white and green flannel shirt points to himself while holding a microphone .,A man,"192,93,375,510",a microphone,"244,249,310,361",a white and green flannel shirt,"194,216,371,512",,,,,,,,,,
1780,156841,open_set,Two girls sit at a table outdoors and give their order to the waiter .,the waiter,"162,1,369,512",Two girls,"29,85,508,512",a table,"140,338,242,436",,,,,,,,,,
1781,158116,open_set,a group of people in white coats holding sheep .,white coats,"26,126,448,315",sheep,"1,232,477,385",a group of people,"27,107,448,372",,,,,,,,,,
1782,156016,open_set,lady wearing white shirt with blue umbrella in the rain .,lady,"169,55,323,512",blue umbrella,"107,9,367,335",white shirt,"184,202,326,510",,,,,,,,,,
1783,154161,open_set,"Two women walk on a sidewalk in the rain , carrying umbrellas .",Two women,"3,135,76,299",a sidewalk,"3,214,511,447",umbrellas,"182,10,441,152",,,,,,,,,,
1784,157393,open_set,A girl wearing white is playing volleyball .,white,"142,235,364,434",A girl,"101,32,398,509",volleyball,"127,18,236,95",,,,,,,,,,
1785,158576,open_set,A beautiful bride walking on a sidewalk with her new husband .,a sidewalk,"172,337,512,512",A beautiful bride,"195,145,439,512",her new husband,"97,106,283,512",,,,,,,,,,
1786,155056,open_set,Two children on swings with a woman pushing them,swings,"346,4,512,263",a woman,"185,131,309,509",Two children,"90,91,460,330",,,,,,,,,,
1787,154704,open_set,Man works at microphone with a group of informally attired musicians under the lead of a conductor .,Man,"7,66,474,512",a group of informally attired musicians,"7,56,501,512",microphone,"117,142,166,215",,,,,,,,,,
1788,154790,open_set,a dog is making a splash in a blue paddling pool .,a blue paddling pool,"1,178,512,512",a splash,"236,22,334,332",a dog,"1,54,512,478",,,,,,,,,,
1789,158801,open_set,A woman with a blue and black shirt on is smiling while she sits in front of a rose bush .,a blue and black shirt,"113,338,235,510",a rose bush,"235,150,327,365",A woman,"110,258,252,510",,,,,,,,,,
1790,155022,open_set,A guy in jeans jumping and doing a trick in front of a building .,a building,"1,1,510,414",jeans,"144,210,234,391",A guy,"148,215,234,390",,,,,,,,,,
1791,158401,open_set,"A man and woman in black exiting and entering a kitchen , maybe for a St Patrick 's day party .",woman,"171,220,251,512",A man,"233,187,357,510",black,"175,229,344,512",,,,,,,,,,
1792,157643,open_set,The passengers are leaving the airplane by a stairway .,a stairway,"177,247,306,447",The passengers,"166,141,312,438",the airplane,"2,92,512,447",,,,,,,,,,
1793,158502,open_set,A shirtless guy lays in the sand with a cow .,a cow,"1,1,311,401",A shirtless guy,"258,146,512,380",the sand,"1,1,512,510",,,,,,,,,,
1794,155773,open_set,A person on a dirt bike doing a trick over a hill .,A person,"197,194,363,269",a dirt bike,"225,206,357,265",a hill,"1,359,512,473",,,,,,,,,,
1795,155492,open_set,A couple embraces against a graffited pillar while a man take a photo .,a man,"381,185,499,431",a graffited pillar,"50,1,159,374",A couple,"21,40,117,399",,,,,,,,,,
1796,156445,open_set,A young woman enjoying a beer with both hands .,a beer,"285,178,428,229",both hands,"236,176,410,293",A young woman,"99,132,464,512",,,,,,,,,,
1797,154558,open_set,A dark-haired bearded man wearing a turquoise shirt with a yellow peace sign on it .,a turquoise shirt,"253,172,512,512",A dark-haired bearded man,"253,3,509,508",a yellow peace sign,"396,265,493,432",,,,,,,,,,
1798,154273,open_set,A man in a white shirt and blue shorts takes a picture in the street .,A man,"195,29,280,499",a white shirt,"203,64,282,277",blue shorts,"205,256,268,349",,,,,,,,,,
1799,157879,open_set,A black dog is running through a snow covered area while holding something green in his mouth .,A black dog,"26,7,480,380",his mouth,"57,120,128,191",something,"51,106,162,230",,,,,,,,,,
1800,158223,open_set,A woman in a black swimming suit is holding onto the edge of a in ground pool .,the edge of a in ground pool,"286,176,510,512",a black swimming suit,"185,169,411,389",A woman,"39,13,488,505",,,,,,,,,,
1801,154437,open_set,kid holding handles on two wheeled object,handles,"184,191,390,227",kid,"185,38,393,450",two wheeled object,"136,193,391,509",,,,,,,,,,
1802,155482,open_set,A construction worker is leaning against a traffic light pole in front of a construction site .,a construction site,"3,7,512,507",A construction worker,"431,415,468,504",a traffic light pole,"419,1,447,501",,,,,,,,,,
1803,158005,open_set,An Asian lady is holding a cup and sitting in front of a table covered in different foods .,a cup,"154,129,196,211",An Asian lady,"11,16,237,406",different foods,"147,6,512,512",,,,,,,,,,
1804,155305,open_set,A muscular dog with upturned face looking into eyes of a young boy .,eyes of a young boy,"164,72,204,86",upturned face,"206,160,279,207",A muscular dog,"209,157,510,474",,,,,,,,,,
1805,157796,open_set,A young boy with a blue umbrella waits outside a shop .,A young boy,"69,296,181,474",a shop,"1,3,510,439",a blue umbrella,"3,250,197,354",,,,,,,,,,
1806,153966,open_set,"Three chefs , wearing white hats and black aprons , are preparing food in a crowded kitchen .",white hats,"167,203,261,374",black aprons,"169,234,221,382",Three chefs,"143,200,264,445",,,,,,,,,,
1807,157931,open_set,An Asian girl eating a hotdog at a diner .,a hotdog,"195,344,222,384",An Asian girl,"75,109,276,482",a diner,"1,1,510,512",,,,,,,,,,
1808,154786,open_set,A tennis player in an orange outfit hits a ball .,A tennis player,"98,2,504,505",a ball,"57,380,104,436",an orange outfit,"167,143,398,510",,,,,,,,,,
1809,156910,open_set,A basketball player in white squats while a player in red moves toward him .,A basketball player,"239,214,502,512",a player,"4,201,339,510",red moves,"149,260,308,457",,,,,,,,,,
1810,158745,open_set,a young boy carrying a large soccer ball with a soccer feild in the background,a soccer feild,"1,51,296,92",a large soccer ball,"368,287,464,450",a young boy,"296,69,477,510",,,,,,,,,,
1811,157858,open_set,A blond-haired child with blue and red floaties playing in the ocean .,A blond-haired child,"137,48,401,478",blue and red floaties,"69,62,449,237",the ocean,"2,1,512,477",,,,,,,,,,
1812,153999,open_set,"Three children and adults in the background , all pretend to sleep .",adults,"1,3,428,510",all pretend,"1,3,512,512",Three children,"165,38,512,510",,,,,,,,,,
1813,158151,open_set,A man standing next to a car holds up his hands .,a car,"388,152,512,436",his hands,"1,35,445,189",A man,"3,38,441,510",,,,,,,,,,
1814,154532,open_set,A woman sits on a sidewalk surrounded by fruit .,A woman,"220,133,357,475",a sidewalk,"1,138,508,392",fruit,"97,333,510,467",,,,,,,,,,
1815,155834,open_set,The children dodge water as they play at a park with their parents in looking on .,their parents,"53,1,512,163",The children,"35,2,465,512",water,"64,1,272,180",,,,,,,,,,
1816,154545,open_set,An older couple with Goucho Marx masks and fake cigars .,fake cigars,"99,141,396,272",Goucho Marx masks,"141,89,375,257",An older couple,"31,20,493,512",,,,,,,,,,
1817,155637,open_set,"A woman in a long , black dress carries a tray on top of her head .","a long , black dress","210,241,286,433",A woman,"208,204,296,445",her head,"237,205,281,241",,,,,,,,,,
1818,156700,open_set,a group of young men and small boys working on hobby like projects in a warm summer climate .,a group of young men,"73,62,480,510",projects,"423,271,492,342",small boys,"245,226,370,424",,,,,,,,,,
1819,157009,open_set,A man in a red coat at Walmart looks at the camera while a group of women talk .,a group of women,"266,172,394,473",a red coat,"103,179,212,307",A man,"201,157,305,512",,,,,,,,,,
1820,154921,open_set,"A man skateboards , while another man rides a bike .",another man,"219,232,428,449",A man,"132,105,265,209",a bike,"173,330,499,467",,,,,,,,,,
1821,158268,open_set,A woman wearing a white swim cap holds a small boy in the swimming pool .,a small boy,"198,121,423,389",a white swim cap,"108,81,203,147",A woman,"11,83,295,319",,,,,,,,,,
1822,158791,open_set,The side of a building next to a church is painted with a brightly colored Coca-Cola sign .,a church,"257,1,510,421",The side of a building,"1,1,274,512",a brightly colored Coca-Cola sign,"1,12,257,365",,,,,,,,,,
1823,154477,open_set,People are climbing stairs to a statue of several men .,People,"126,362,208,490",a statue of several men,"273,21,457,325",stairs,"89,419,512,512",,,,,,,,,,
1824,158247,open_set,"A mother , her children , and their pet dog are on a beach and look like they are vacationing .",her children,"94,150,230,380",A mother,"58,85,129,406",their pet dog,"279,309,342,370",,,,,,,,,,
1825,154979,open_set,A male with a beard is playing a guitar .,A male,"1,204,293,512",a guitar,"3,325,369,512",a beard,"118,224,196,378",,,,,,,,,,
1826,155831,open_set,Two children with their faces painted are sitting on the floor .,Two children,"1,35,512,512",the floor,"157,408,510,512",their faces,"80,107,416,338",,,,,,,,,,
1827,154386,open_set,Two people walk down a city street that has writing on it .,writing,"216,226,504,468",Two people,"104,36,303,379",a city street,"3,34,512,510",,,,,,,,,,
1828,157412,open_set,Woman on bicycle riding down dirt trail .,dirt trail,"179,285,282,512",bicycle,"222,259,260,342",Woman,"221,214,260,335",,,,,,,,,,
1829,157033,open_set,A crowd watches as members of Lifesavers with Pride stand next to a float .,a float,"28,4,400,446",A crowd,"2,3,510,512",members of Lifesavers,"138,225,320,466",,,,,,,,,,
1830,154152,open_set,There is a man with a stuffed animal sitting on a blue rug .,a man,"38,36,445,512",a blue rug,"2,311,512,512",a stuffed animal,"143,140,307,232",,,,,,,,,,
1831,158184,open_set,A lady by the water is grasping a black pot .,A lady,"241,195,334,323",a black pot,"187,296,242,339",the water,"1,365,509,512",,,,,,,,,,
1832,154051,open_set,A child in a black cape is being chased by other children .,other children,"32,50,377,467",a black cape,"409,51,495,144",A child,"409,15,510,239",,,,,,,,,,
1833,157588,open_set,A disabled combat veteran sells hotdogs and pretzels on the sidewalk .,hotdogs,"168,279,234,308",the sidewalk,"1,365,510,512",A disabled combat veteran,"149,185,219,293",,,,,,,,,,
1834,154407,open_set,A man trying to jump into a floaty in beautiful water .,beautiful water,"1,259,512,510",A man,"272,219,385,380",a floaty,"337,316,512,484",,,,,,,,,,
1835,155437,open_set,A small child wearing a white hat reaches for a paintbrush .,A small child,"114,83,482,339",a paintbrush,"460,229,512,324",a white hat,"174,79,315,290",,,,,,,,,,
1836,157759,open_set,An elderly woman carrying plants on a long bridge over the river .,a long bridge,"1,256,508,510",plants,"143,259,312,402",An elderly woman,"159,338,234,490",,,,,,,,,,
1837,156632,open_set,A man on a cellphone sitting in the middle of a grassy field .,A man,"174,255,262,418",a cellphone,"211,264,233,290",the middle of a grassy field,"1,264,507,408",,,,,,,,,,
1838,157384,open_set,A man gestures with his hands as he stands in front of a podium with a microphone .,his hands,"201,244,353,360",A man,"78,24,345,512",a microphone,"373,326,436,512",,,,,,,,,,
1839,156696,open_set,A woman winds up to throw a red bowling ball down the lane .,the lane,"1,174,512,512",A woman,"188,187,342,510",a red bowling ball,"297,304,360,389",,,,,,,,,,
1840,157960,open_set,A researcher analyzes the image being displayed from the microscope .,the image,"228,149,243,176",A researcher,"56,18,479,512",the microscope,"26,3,222,507",,,,,,,,,,
1841,158794,open_set,A man walks down a sidewalk near a Coca Cola mural .,A man,"288,325,344,504",a Coca Cola mural,"1,12,257,365",a sidewalk,"1,1,274,512",,,,,,,,,,
1842,155727,open_set,Men in red caps stand in an audience of some sort amid costumed figures .,Men,"2,171,485,512",red caps,"1,156,451,368",costumed figures,"102,1,512,512",,,,,,,,,,
1843,154451,open_set,An older gentleman with face paint is playing the violin .,face paint,"288,86,400,173",the violin,"155,5,510,512",An older gentleman,"1,7,509,487",,,,,,,,,,
1844,157835,open_set,A man in a red and blue striped shirt posing next to a statue of a lion .,a red and blue striped shirt,"26,313,144,512",a statue of a lion,"198,39,512,512",A man,"19,249,142,512",,,,,,,,,,
1845,156144,open_set,A little child is trying to feed his mom a piece of messy cake .,A little child,"26,90,325,487",a piece of messy cake,"300,249,332,316",his mom,"292,15,512,512",,,,,,,,,,
1846,158018,open_set,Twome women in black jumpsuits throw objects in the air in sync .,black jumpsuits,"8,238,416,507",objects,"35,1,508,173",Twome women,"8,243,422,510",,,,,,,,,,
1847,155502,open_set,A brown dog barks at a gray dog in the grass .,the grass,"1,2,512,510",a gray dog,"241,58,409,345",A brown dog,"66,172,276,459",,,,,,,,,,
1848,157779,open_set,Young girl with curly hair is drinking out of a plastic cup .,curly hair,"122,2,461,343",a plastic cup,"328,189,490,387",Young girl,"116,1,510,509",,,,,,,,,,
1849,156777,open_set,Several people with white hats on with a black brim .,white hats,"56,108,490,191",a black brim,"61,160,171,188",Several people,"3,104,512,512",,,,,,,,,,
1850,155049,open_set,"While a marathon is going on , a police officer with his hands in his pockets looks off into the distance .",his hands,"247,416,272,465",a police officer,"202,184,342,512",his pockets,"220,395,264,468",,,,,,,,,,
1851,156060,open_set,"A woman in a kitchen , leaps in the air while attempting to balance a glass cup in one hand .",a glass cup,"374,174,409,210",A woman,"17,134,408,425",one hand,"366,193,405,223",,,,,,,,,,
1852,155295,open_set,A man wearing a hat leans against a bench and holds a cup .,a cup,"432,289,502,369",A man,"39,138,502,510",a hat,"188,138,350,217",,,,,,,,,,
1853,158810,open_set,Three girls are posing for a picture beside a dresser in front of a decorated Christmas tree .,a decorated Christmas tree,"102,3,254,376",Three girls,"120,104,406,512",a dresser,"310,47,510,512",,,,,,,,,,
1854,157864,open_set,Two officers enjoy stand by as a crowd has gathered behind a barricade .,a crowd,"1,173,510,365",a barricade,"1,238,512,347",Two officers,"222,36,453,440",,,,,,,,,,
1855,154989,open_set,A woman with long blond-hair runs across a busy street with several cars passing nearby .,long blond-hair,"56,12,138,151",several cars,"1,141,512,452",A woman,"1,15,185,499",,,,,,,,,,
1856,157345,open_set,A child with a pacifier in its mouth is sitting in a suitcase .,a pacifier,"272,170,309,226",a suitcase,"98,202,485,490",A child,"203,50,353,390",,,,,,,,,,
1857,158495,open_set,A girl playing basketball attempts a shot while another girl aggresively defends her .,another girl,"258,112,510,510",a shot,"142,44,235,106",A girl,"146,59,510,512",,,,,,,,,,
1858,155724,open_set,BSR trucks and machinery and workers .,BSR trucks,"177,70,349,204",workers,"6,92,195,224",machinery,"23,1,171,209",,,,,,,,,,
1859,157803,open_set,A clown lying on a horse at a circus or fair event with spectators .,a horse,"131,147,394,466",A clown,"172,189,301,374",spectators,"1,1,510,191",,,,,,,,,,
1860,158178,open_set,A dog is swimming across the water biting onto a stick .,A dog,"174,215,390,326",a stick,"190,279,247,312",the water,"3,2,512,512",,,,,,,,,,
1861,155987,open_set,A man with a cart in the grocery aisle of a store .,A man,"396,150,449,428",the grocery aisle of a store,"4,3,470,510",a cart,"351,258,443,464",,,,,,,,,,
1862,155921,open_set,A group of people are on a work boat that is in the water .,a work boat,"172,162,512,510",the water,"6,150,485,512",A group of people,"208,147,496,464",,,,,,,,,,
1863,156361,open_set,Two men on a cherry picker putting up a billboard of a woman .,a billboard of a woman,"1,82,512,510",a cherry picker,"2,212,161,375",Two men,"72,200,135,310",,,,,,,,,,
1864,154612,open_set,A boy with a football runs from the other team .,a football,"190,191,224,254",A boy,"103,79,262,498",the other team,"232,47,512,485",,,,,,,,,,
1865,157043,open_set,A woman is pushing a shopping cart of groceries in the parking lot of Trader Joe 's .,the parking lot of Trader Joe 's,"4,220,507,512",a shopping cart of groceries,"128,292,311,508",A woman,"76,189,224,459",,,,,,,,,,
1866,155809,open_set,A little boy plays with a Nintendo GameCube controller inside a McDonald 's .,a McDonald,"1,27,356,512",A little boy,"267,184,441,512",a Nintendo GameCube controller,"274,318,330,410",,,,,,,,,,
1867,156067,open_set,A man in a red outfit balances on a bike .,A man,"132,33,390,399",a red outfit,"130,33,385,391",a bike,"87,33,385,442",,,,,,,,,,
1868,158149,open_set,A man standing in front of a car is holding up his hands .,a car,"388,152,512,436",his hands,"1,35,445,189",A man,"3,38,441,510",,,,,,,,,,
1869,157613,open_set,A man wearing sunglasses is sitting on top of some jagged rocks with mountains in the background .,A man,"372,62,455,202",some jagged rocks,"280,188,493,453",sunglasses,"392,77,419,98",,,,,,,,,,
1870,155497,open_set,A band dressed in black in front of flame throwing effects is performing .,flame,"3,56,415,291",black,"253,287,282,432",A band,"35,145,497,432",,,,,,,,,,
1871,155315,open_set,"A boy is lying down in midst of many soft toys , and spiderman quilt .",A boy,"12,53,452,458",many soft toys,"145,1,410,512",spiderman quilt,"250,1,512,304",,,,,,,,,,
1872,158573,open_set,Two men in the woods using a chainsaw to cut some trees .,some trees,"6,4,512,488",a chainsaw,"112,349,159,398",Two men,"20,132,201,447",,,,,,,,,,
1873,158669,open_set,A man and women wearing sunglasses are looking up .,women,"285,64,510,509",sunglasses,"124,91,401,165",A man,"1,62,270,512",,,,,,,,,,
1874,154854,open_set,A black dog with white paws is climbing over a rock .,a rock,"3,291,508,512",A black dog,"124,171,427,362",white paws,"122,304,203,358",,,,,,,,,,
1875,158120,open_set,The man in the black shirt is relaxing at a desk .,The man,"1,42,512,512",a desk,"1,301,510,395",the black shirt,"139,234,512,505",,,,,,,,,,
1876,155306,open_set,A boy looks at a dog while they stand on a trampoline outside .,A boy,"164,72,204,86",a trampoline outside,"3,268,512,512",a dog,"209,157,510,474",,,,,,,,,,
1877,156949,open_set,A woman sits on a wall next to a large conical fountain .,a wall,"2,335,171,512",A woman,"73,251,160,440",a large conical fountain,"21,144,418,491",,,,,,,,,,
1878,155162,open_set,A person is climbing a rock in a forest .,a rock,"7,1,252,467",a forest,"111,1,512,401",A person,"178,322,267,467",,,,,,,,,,
1879,155286,open_set,"Blond bicyclist wearing a helmet and pink goggles , looks down .",pink goggles,"92,17,156,78",a helmet,"71,1,174,64",Blond bicyclist,"71,1,430,510",,,,,,,,,,
1880,155073,open_set,Three young people drink beers at a bar .,Three young people,"63,173,456,510",a bar,"1,2,512,512",beers,"109,204,398,449",,,,,,,,,,
1881,154068,open_set,A woman rides her bike by some trees .,her bike,"137,331,442,512",A woman,"156,30,481,512",some trees,"11,3,510,426",,,,,,,,,,
1882,156558,open_set,A woman is wearing a horse costume and helmet at an outdoor barbecue .,a horse costume,"107,211,422,436",A woman,"113,93,395,512",helmet,"109,93,239,149",,,,,,,,,,
1883,155872,open_set,Two children pet horses in a field .,a field,"1,175,512,512",pet horses,"268,126,507,375",Two children,"176,109,372,418",,,,,,,,,,
1884,158006,open_set,"An woman , wearing a straw hat , is presenting a variety of goods .",An woman,"11,16,237,406",a variety of goods,"147,6,512,512",a straw hat,"11,25,136,198",,,,,,,,,,
1885,154864,open_set,A bald fireman in his uniform rides in a moving vehicle .,a moving vehicle,"1,2,512,512",his uniform,"123,182,512,421",A bald fireman,"4,120,512,512",,,,,,,,,,
1886,157465,open_set,A lady walking along a concrete pathway above the ocean .,A lady,"310,70,459,512",a concrete pathway,"34,177,458,512",the ocean,"3,206,205,510",,,,,,,,,,
1887,154456,open_set,A big dog is biting a smaller dog on the leg,a smaller dog,"249,293,312,407",the leg,"251,356,313,408",A big dog,"1,1,282,439",,,,,,,,,,
1888,156802,open_set,A boy is poking a long stick in a swimming pool .,A boy,"245,24,499,322",a long stick,"3,190,274,502",a swimming pool,"1,335,373,512",,,,,,,,,,
1889,154250,open_set,The woman with the baby is drinking wine .,wine,"48,240,120,333",the baby,"271,131,425,512",The woman,"216,1,435,512",,,,,,,,,,
1890,155591,open_set,A man in an orange shirt plays fetch with a black French poodle,an orange shirt,"165,101,293,286",A man,"161,72,307,443",a black French poodle,"296,167,462,475",,,,,,,,,,
1891,157430,open_set,A man in a black shirt leaning on a counter,a counter,"283,308,477,512",A man,"149,184,318,509",a black shirt,"157,240,315,374",,,,,,,,,,
1892,154222,open_set,Three men are cooking sausage on a grill .,a grill,"134,402,239,512",Three men,"112,103,405,494",sausage,"131,412,225,494",,,,,,,,,,
1893,156953,open_set,A black-haired woman in a parka is looking at burning incense sticks .,incense sticks,"73,321,489,509",a parka,"1,172,303,404",A black-haired woman,"2,21,305,406",,,,,,,,,,
1894,157556,open_set,A young boy jumping barefoot on a trampoline in his grassy backyard .,A young boy,"137,47,290,396",his grassy backyard,"1,209,512,388",a trampoline,"1,339,512,512",,,,,,,,,,
1895,158434,open_set,Children stand on shore watching a r.c. boat .,Children,"81,144,510,475",shore,"1,397,512,512",a r.c. boat,"39,359,73,394",,,,,,,,,,
1896,154705,open_set,Man singing and being accompanied by a concert ensemble in an elegant room .,Man,"7,66,474,512",an elegant room,"1,1,510,512",a concert ensemble,"1,63,433,512",,,,,,,,,,
1897,158746,open_set,"There is a young kid , dressed up in a soccer uniform , holding his ball .",his ball,"368,287,464,450",a soccer uniform,"291,189,474,502",a young kid,"296,69,477,510",,,,,,,,,,
1898,154827,open_set,A man and a woman sit on a car and face the opposite way of the camera .,a woman,"237,114,448,509",a car,"43,483,333,512",A man,"68,73,248,490",,,,,,,,,,
1899,156123,open_set,"This is the inside of a small restaurant , with a cook in the background , and two men in booths .",two men,"1,187,256,512",a cook,"200,222,241,272",the inside of a small restaurant,"2,1,510,512",,,,,,,,,,
1900,155384,open_set,A man wearing a kilt has thrown a large pole .,A man,"88,268,139,484",a large pole,"225,33,393,341",a kilt,"88,377,137,441",,,,,,,,,,
1901,157171,open_set,A black woman in colorful clothes is holding her right hand up .,colorful clothes,"16,103,512,512",A black woman,"1,3,512,512",her right hand,"39,249,236,328",,,,,,,,,,
1902,157819,open_set,A dog plays catch with a white ball near a wooden fence .,A dog,"145,171,510,437",a white ball,"295,12,344,43",a wooden fence,"5,138,512,207",,,,,,,,,,
1903,155098,open_set,Woman in red white and brown dress walking down a busy street .,a busy street,"1,1,509,507",Woman,"188,105,473,490",red white and brown dress,"189,162,336,492",,,,,,,,,,
1904,156433,open_set,A girl wearing a hat near a Domino 's Pizza sign .,a Domino 's Pizza sign,"1,75,206,341",a hat,"277,82,512,356",A girl,"171,74,509,511",,,,,,,,,,
1905,154325,open_set,Motorcycle rider riding a wheelie while sticking legs out .,a wheelie,"81,105,235,360",legs,"38,111,474,303",Motorcycle rider,"37,25,474,318",,,,,,,,,,
1906,156429,open_set,Two men are sitting on a papasan chair under the covers .,Two men,"136,167,477,510",a papasan chair,"56,256,180,393",the covers,"30,282,509,512",,,,,,,,,,
1907,157752,open_set,A little girl is carrying two shopping bags from Zara .,two shopping bags,"1,114,415,496",Zara,"1,65,419,494",A little girl,"121,21,443,510",,,,,,,,,,
1908,155011,open_set,A man in a crowd blocking the sun from his eyes so that he can read a sign .,a crowd,"1,15,509,512",A man,"102,15,234,512",a sign,"20,21,113,81",,,,,,,,,,
1909,157926,open_set,A woman in stretch pants hunched over near a red car .,A woman,"72,32,412,510",a red car,"98,2,512,223",stretch pants,"84,267,350,413",,,,,,,,,,
1910,154531,open_set,A woman sitting on the side of the rode selling bananas .,A woman,"220,133,357,475",the side of the rode,"1,138,508,392",bananas,"97,333,510,467",,,,,,,,,,
1911,154364,open_set,"A young man at a party shouts out , his fists raised with emotion .",emotion,"269,119,327,256",his fists,"30,21,473,126",A young man,"27,21,502,510",,,,,,,,,,
1912,157452,open_set,Group of kids walking down the street next to a wall of graffiti .,the street,"1,353,512,512",Group of kids,"207,208,353,421",a wall of graffiti,"178,96,386,242",,,,,,,,,,
1913,157237,open_set,A woman preparing her kayak for pleasant row across a beautiful day on the lake .,her kayak,"211,263,371,371",the lake,"1,246,512,512",A woman,"299,230,339,260",,,,,,,,,,
1914,156179,open_set,A young boy playing next to a sleeping dog on the floor .,A young boy,"1,76,375,420",the floor,"1,363,512,512",a sleeping dog,"309,196,466,387",,,,,,,,,,
1915,157990,open_set,A treat vendor is standing in the sun while others sit in the shade under umbrellas .,the shade,"1,279,512,502",umbrellas,"2,4,510,179",A treat vendor,"115,72,238,512",,,,,,,,,,
1916,156286,open_set,Young boy blowing bubbles over the water at sunset .,Young boy,"345,102,507,512",the water,"1,311,509,492",bubbles,"198,9,328,210",,,,,,,,,,
1917,155750,open_set,Two people stand on a grassy hillside in front of a large wooden cross .,a grassy hillside,"24,416,510,512",a large wooden cross,"231,1,404,452",Two people,"293,176,437,467",,,,,,,,,,
1918,156967,open_set,A man in a black shirt sings into a microphone .,a black shirt,"1,297,465,509",a microphone,"282,183,355,266",A man,"3,103,512,512",,,,,,,,,,
1919,156565,open_set,This man is skiing in the white snow and going through a course of some kind .,the white snow,"1,304,512,512",a course of some kind,"1,304,512,512",This man,"156,256,334,451",,,,,,,,,,
1920,153931,open_set,On a partly cloudy day a clown in red plaid overalls relaxes in the back of his tent .,the back of his tent,"224,2,510,337",red plaid,"129,235,292,397",a clown,"93,105,502,487",,,,,,,,,,
1921,158312,open_set,A group of people standing on rafts with a waterfall in the background .,A group of people,"121,340,359,448",a waterfall,"150,140,258,385",rafts,"99,379,421,512",,,,,,,,,,
1922,154775,open_set,Two men share a meal on a snow covered mountain .,a meal,"164,324,223,417",a snow covered mountain,"8,1,508,197",Two men,"23,147,320,458",,,,,,,,,,
1923,154815,open_set,A little boy in a red shirt talking on a cellphone .,a cellphone,"206,301,227,321",A little boy,"190,268,291,510",a red shirt,"185,318,293,399",,,,,,,,,,
1924,155861,open_set,Little girl with red-hair sitting on round piece of metal at the museum .,Little girl,"218,91,353,380",red-hair,"270,91,333,173",round piece of metal,"1,339,478,512",,,,,,,,,,
1925,155650,open_set,"Little girl , wearing a outfit of many light colors , standing in a pile of leaves .",a pile of leaves,"1,223,512,512",a outfit of many light colors,"43,194,268,432",Little girl,"29,193,266,438",,,,,,,,,,
1926,154329,open_set,A man wearing blue jeans is walking while he leads a horse .,A man,"315,44,403,464",a horse,"204,84,336,344",blue jeans,"311,272,406,465",,,,,,,,,,
1927,154909,open_set,A teenager wearing a baseball cap and a white tee-shirt,a baseball cap,"45,40,278,191",A teenager,"40,44,512,512",a white tee-shirt,"59,292,492,508",,,,,,,,,,
1928,157911,open_set,"A middle-aged female and a young man , standing by a microphone .",a young man,"225,15,480,512",a microphone,"252,92,303,170",A middle-aged female,"5,78,220,507",,,,,,,,,,
1929,156439,open_set,A white man with dreadlocks walks down the sidewalk .,A white man,"83,213,164,510",dreadlocks,"101,208,148,293",the sidewalk,"74,288,285,512",,,,,,,,,,
1930,155887,open_set,A man in a yellow helmet climbs up a rock cliff .,a rock cliff,"68,2,509,512",a yellow helmet,"125,218,252,321",A man,"6,208,371,505",,,,,,,,,,
1931,158324,open_set,A woman is kayaking in a yellow kayak with her dog .,A woman,"125,171,241,324",her dog,"200,233,246,318",a yellow kayak,"94,275,483,485",,,,,,,,,,
1932,155700,open_set,A man in a vest and tie holding a flaming stick in a crowded area .,A man,"123,152,339,512",a flaming stick,"137,55,271,259",a vest,"176,214,253,353",,,,,,,,,,
1933,156205,open_set,The surfer rides a wave on a blue surfboard .,a blue surfboard,"270,9,315,246",The surfer,"225,10,327,227",a wave,"1,164,512,388",,,,,,,,,,
1934,157930,open_set,A woman in blue glasses and a white sweater is eating .,A woman,"75,109,276,482",a white sweater,"74,250,273,476",blue glasses,"160,162,230,209",,,,,,,,,,
1935,154410,open_set,An elderly man sitting on a bench near the water,An elderly man,"262,247,376,464",a bench,"231,324,512,467",the water,"3,314,512,385",,,,,,,,,,
1936,158798,open_set,A boy jumps into a pool while holding a ball .,a pool,"1,157,510,435",a ball,"322,11,369,46",A boy,"27,11,510,502",,,,,,,,,,
1937,155557,open_set,Boy in a black striped shirt bending over a wooden board .,Boy,"216,64,483,505",a black striped shirt,"271,66,447,375",a wooden board,"1,364,451,512",,,,,,,,,,
1938,157764,open_set,A young boy looks at the camera while wearing a New York hat and a black and white striped shirt .,a black and white striped shirt,"128,262,339,512",a New York hat,"160,4,354,169",A young boy,"62,4,415,512",,,,,,,,,,
1939,154496,open_set,A little girl looking into a females face in the midst of a crowd .,a females face,"358,275,374,372",A little girl,"377,230,512,512",the midst of a crowd,"1,76,427,512",,,,,,,,,,
1940,157998,open_set,Elderly man with cane bends down to look at some plants and is steadied from behind .,cane,"173,291,210,468",some plants,"1,223,212,451",Elderly man,"103,191,342,463",,,,,,,,,,
1941,155697,open_set,a group of basketball players trying to get the ball from another player .,the ball,"23,117,120,183",another player,"21,120,424,512",a group of basketball players,"165,9,512,512",,,,,,,,,,
1942,155241,open_set,Two Weirmeiner dogs in red collars are playing with a toy bird,Two Weirmeiner dogs,"41,149,512,512",a toy bird,"2,230,67,459",red collars,"124,184,424,369",,,,,,,,,,
1943,154200,open_set,"There are several asian people , one wearing a baseball cap .",a baseball cap,"240,96,376,225",one,"171,96,472,510",several asian people,"2,27,494,512",,,,,,,,,,
1944,158422,open_set,A man in old costume leaps across an English street besides a Peugeot .,A man,"18,77,442,377",a Peugeot,"3,277,144,382",old costume,"15,111,422,380",,,,,,,,,,
1945,155869,open_set,Two children looking at horses through a small fence .,a small fence,"4,109,512,390",horses,"268,126,507,375",Two children,"176,109,372,418",,,,,,,,,,
1946,154408,open_set,an old man sitting on a bench staring at the ocean,an old man,"262,247,376,464",a bench,"231,324,512,467",the ocean,"3,314,512,385",,,,,,,,,,
1947,155274,open_set,An asian girl wearing a gray and white stripe shirt smiling at the camera while serving herself something .,a gray and white stripe shirt,"72,228,321,512",An asian girl,"52,90,447,504",something,"430,314,472,374",,,,,,,,,,
1948,157989,open_set,"Lady at the beach standing next to her ice cream cart , numerous people is lounging in the background .",her ice cream cart,"188,176,385,475",numerous people,"1,93,512,365",Lady,"115,72,238,512",,,,,,,,,,
1949,155436,open_set,The little girl with the white hat and white shirt is painting .,The little girl,"114,83,482,339",white shirt,"154,219,416,319",the white hat,"174,79,315,290",,,,,,,,,,
1950,156585,open_set,"The back of a lady wearing a blue halter top is shown , a crowd in the distance .",a crowd,"1,1,512,512",The back of a lady,"79,3,403,512",a blue halter top,"97,347,246,512",,,,,,,,,,
1951,156161,open_set,A man wearing camouflage is down on all fours .,all fours,"175,21,479,476",A man,"145,215,474,461",camouflage,"212,237,421,465",,,,,,,,,,
1952,157135,open_set,"Child on couch , holding red cloth with white fur .",Child,"4,10,445,501",red cloth,"4,10,445,501",white fur,"152,26,439,188",,,,,,,,,,
1953,155342,open_set,A girl is dressed up and wearing a large broach with pearls .,a large broach,"258,452,401,510",A girl,"1,3,508,512",pearls,"81,229,316,319",,,,,,,,,,
1954,156071,open_set,A man in a kayak is holding his paddle up high .,a kayak,"202,383,512,507",his paddle,"15,1,425,366",A man,"164,168,440,424",,,,,,,,,,
1955,154447,open_set,A man is barrel racing on a brown horse .,barrel,"130,12,436,488",A man,"54,105,183,293",a brown horse,"27,118,208,450",,,,,,,,,,
1956,155140,open_set,Two people kiss as others walk by them on a street .,Two people,"215,232,335,512",a street,"1,374,507,512",others,"24,64,198,461",,,,,,,,,,
1957,158169,open_set,The child is playing croquette by the truck .,croquette,"266,201,402,358",the truck,"3,1,512,409",The child,"162,77,332,450",,,,,,,,,,
1958,156149,open_set,A person is climbing up a rock with a pink rope .,A person,"306,65,491,247",a pink rope,"209,80,434,510",a rock,"9,91,512,510",,,,,,,,,,
1959,158299,open_set,Three men dressed as roman soldiers resting on some steps .,some steps,"58,336,512,512",Three men,"48,129,387,467",roman soldiers,"48,129,387,467",,,,,,,,,,
1960,156411,open_set,A smiling teen boy clutches the straps of his backpack as he looks at a girl .,the straps of his backpack,"84,193,214,505",A smiling teen boy,"19,4,299,512",a girl,"467,110,512,512",,,,,,,,,,
1961,158298,open_set,Three men rest on the steps near the entrance in full Roman attire .,the steps,"58,336,512,512",Three men,"48,129,387,467",full Roman attire,"52,119,378,468",,,,,,,,,,
1962,158543,open_set,A man is sitting at the beach reading his newspaper .,his newspaper,"348,336,421,394",A man,"344,306,444,417",the beach,"2,248,512,507",,,,,,,,,,
1963,156899,open_set,Boy jumps on trampoline outside house .,trampoline,"103,116,396,262",Boy,"103,54,412,437",house,"1,2,512,387",,,,,,,,,,
1964,157695,open_set,A toddler in blue clothes is balancing on a rock .,blue clothes,"26,103,273,398",a rock,"1,294,512,512",A toddler,"19,30,304,400",,,,,,,,,,
1965,157868,open_set,A young woman who is either taking off or putting on a shoe in front of a produce sign .,A young woman,"60,84,419,512",a shoe,"244,363,408,436",a produce sign,"10,63,512,252",,,,,,,,,,
1966,158193,open_set,an older man playing wearing a quilt the bagpipes outside .,the bagpipes,"69,38,504,396",a quilt,"74,407,379,512",an older man,"73,143,456,512",,,,,,,,,,
1967,156192,open_set,A cyclist and his bicycle hop over an obstacle .,his bicycle hop,"92,199,400,403",an obstacle,"128,347,512,512",A cyclist,"166,76,367,345",,,,,,,,,,
1968,154820,open_set,An older Amish lady hangs clothes to dry outside on a line .,An older Amish lady,"94,69,274,495",a line,"11,24,512,394",clothes,"110,174,305,423",,,,,,,,,,
1969,155827,open_set,A old man with gray hair is holding a young child .,gray hair,"210,1,434,247",a young child,"167,124,303,512",A old man,"214,5,509,510",,,,,,,,,,
1970,156922,open_set,A woman relaxing her feet in a hot tub .,a hot tub,"1,332,464,512",her feet,"189,364,290,471",A woman,"150,202,341,433",,,,,,,,,,
1971,154164,open_set,A number eight racing dog is beating a number four racing dog slightly in a race .,four racing dog,"2,127,214,424",a number,"32,175,69,253",A number eight racing dog,"262,155,313,250",,,,,,,,,,
1972,154028,open_set,A street vendor next to a stall of umbrellas and inflatable animals .,inflatable animals,"193,262,410,462",a stall of umbrellas,"192,98,316,279",A street vendor,"89,129,191,480",,,,,,,,,,
1973,154335,open_set,A line of horses is walking down a road past a broken-down car .,a road,"76,55,496,379",A line of horses,"88,123,509,353",a broken-down car,"4,184,100,366",,,,,,,,,,
1974,155969,open_set,A local market boasts a wide variety of fruits and vegetables .,A local market,"1,139,512,512",vegetables,"1,139,510,512",a wide variety of fruits,"1,1,512,424",,,,,,,,,,
1975,155944,open_set,A little boy and a girl sitting down in the grass having fun .,the grass,"1,143,512,512",a girl,"290,119,459,475",A little boy,"26,124,312,510",,,,,,,,,,
1976,156274,open_set,Two women hug while a third gets out of the car .,Two women,"108,28,504,512",a third,"239,105,282,204",the car,"1,2,512,510",,,,,,,,,,
1977,158854,open_set,A boy with glasses holding a pumpkin in a patch,glasses,"179,137,237,167",A boy,"165,106,325,512",a pumpkin,"203,240,306,353",,,,,,,,,,
1978,156510,open_set,Two children lie in the display bed in a store that sells linens .,linens,"3,155,491,509",Two children,"167,217,327,318",the display bed,"1,170,454,512",,,,,,,,,,
1979,154419,open_set,A person wearing a gray jacket and sunglasses poses for the camera .,A person,"56,70,488,512",a gray jacket,"53,164,492,457",sunglasses,"222,120,338,156",,,,,,,,,,
1980,154808,open_set,A man washing his face while taking a shower .,A man,"105,87,323,512",his face,"181,122,232,269",a shower,"83,49,160,174",,,,,,,,,,
1981,158562,open_set,Skateboarder does a trick on a ramp in front of a graffiti scene .,Skateboarder,"154,34,241,170",a ramp,"101,211,309,430",a graffiti scene,"1,1,512,343",,,,,,,,,,
1982,156877,open_set,A food vendor prepares snacks for waiting customers .,customers,"189,1,392,362",A food vendor,"2,46,311,510",snacks,"216,277,326,377",,,,,,,,,,
1983,154997,open_set,A boy belly-surfing a skateboard into a pile of autumn leaves .,a pile of autumn leaves,"1,84,390,367",A boy,"171,121,480,335",a skateboard,"272,290,477,339",,,,,,,,,,
1984,155732,open_set,A person in a dark-colored sweater sitting on public transportation .,A person,"132,87,340,502",public transportation,"11,1,512,492",a dark-colored sweater,"136,187,301,441",,,,,,,,,,
1985,157790,open_set,A man and a woman fiddling with a fishing pole while standing on a pier .,A man,"241,38,450,510",a woman,"75,90,272,510",a fishing pole,"53,1,276,430",,,,,,,,,,
1986,158544,open_set,A man sits on the beach next to a pole .,a pole,"421,1,505,431",A man,"344,306,444,417",the beach,"2,248,512,507",,,,,,,,,,
1987,156468,open_set,Two people riding their bicycles down a dirt road .,Two people,"136,65,375,447",a dirt road,"1,179,512,510",their bicycles,"135,206,378,489",,,,,,,,,,
1988,156771,open_set,Some people on a pier at night with one girl fishing off it .,Some people,"106,115,296,489",a pier,"1,135,512,505",one girl,"247,188,296,443",,,,,,,,,,
1989,157172,open_set,An African woman in colorful clothes playing a tribal drum .,colorful clothes,"16,103,512,512",An African woman,"1,3,512,512",a tribal drum,"1,432,335,512",,,,,,,,,,
1990,157464,open_set,A middle-aged woman with a pink satchel purse walking along a breakwater in a European coastal town .,a breakwater,"58,154,433,505",A middle-aged woman,"310,70,459,512",a pink satchel purse,"313,159,354,350",,,,,,,,,,
1991,155377,open_set,a young couple walking on the sidewalk away from the beach .,the beach,"57,2,512,151",a young couple,"356,48,510,506",the sidewalk,"49,416,512,512",,,,,,,,,,
1992,155088,open_set,A person in a blue jacket sleeping on a bench .,a blue jacket,"178,218,338,318",a bench,"62,159,408,406",A person,"170,218,353,319",,,,,,,,,,
1993,154956,open_set,mother and daughter sitting down having coffee .,coffee,"177,249,221,282",daughter,"223,87,387,510",mother,"125,106,252,492",,,,,,,,,,
1994,156534,open_set,A man in a hat is reaching toward a sign .,a sign,"208,74,400,277",A man,"129,237,210,477",a hat,"125,265,164,301",,,,,,,,,,
1995,158282,open_set,A female cheerleader is being held up by one male cheerleader while two other male cheerleaders stand to the side .,A female cheerleader,"149,48,309,312",one male cheerleader,"149,48,310,512",two other male cheerleaders,"1,337,512,512",,,,,,,,,,
1996,157515,open_set,"A man embracing a woman , both are wearing red outfits .",red outfits,"3,157,512,512",A man,"4,29,342,474",a woman,"166,82,512,512",,,,,,,,,,
1997,156377,open_set,a horses with five jockeys and five horses,a horses,"50,276,353,476",five jockeys,"81,226,497,379",five horses,"50,285,510,468",,,,,,,,,,
1998,156845,open_set,Woman inside of a food truck smiles out of the window .,a food truck,"2,1,512,510",Woman,"284,146,478,364",the window,"277,5,510,376",,,,,,,,,,
1999,158473,open_set,A man is eating barbecue ribs outside next to a grill .,barbecue ribs,"206,167,342,243",A man,"4,61,335,510",a grill,"311,118,512,285",,,,,,,,,,
2000,156236,open_set,A man with an Afro propels his skateboard into the air .,A man,"193,128,418,285",his skateboard,"285,220,405,283",an Afro propels,"198,118,428,289",,,,,,,,,,
2001,154928,open_set,A cashier with a black goodies sweatshirt is counting change .,A cashier,"134,137,287,387",a black goodies sweatshirt,"134,192,287,386",change,"173,316,209,352",,,,,,,,,,
2002,156065,open_set,A man demonstrates how to ride a bicycle with only the back wheel on the ground .,only the back wheel,"195,335,338,439",A man,"132,33,390,399",a bicycle,"87,33,385,442",,,,,,,,,,
2003,154899,open_set,A skateboarder is riding on a red ramp by the ocean .,a red ramp,"1,274,510,512",the ocean,"1,264,311,312",A skateboarder,"187,73,306,222",,,,,,,,,,
2004,157724,open_set,A man with a backpack takes a rest in the tall grass .,the tall grass,"1,274,512,512",A man,"344,139,510,503",a backpack,"221,228,367,391",,,,,,,,,,
2005,157531,open_set,A young girl clings to a fence and watches the horse on the other side .,the horse,"295,263,401,393",A young girl,"117,24,312,485",a fence,"1,4,512,489",,,,,,,,,,
2006,154422,open_set,A woman wearing a gray jacket and pink sunglasses,A woman,"56,70,488,512",a gray jacket,"53,164,492,457",pink sunglasses,"222,120,338,156",,,,,,,,,,
2007,153939,open_set,Two blonds are passing out fliers and balloons on a busy walkway .,fliers,"67,261,272,296",Two blonds,"97,139,433,505",balloons,"294,1,512,145",,,,,,,,,,
2008,154432,open_set,A policeman wearing an earpiece at a parade .,a parade,"1,4,512,512",an earpiece,"143,183,259,452",A policeman,"2,1,357,509",,,,,,,,,,
2009,154671,open_set,"A man wearing a black hat is atop a trotting , white horse .",a black hat,"188,20,263,71",white horse,"21,129,509,471",A man,"133,22,275,328",,,,,,,,,,
2010,157168,open_set,An african-american woman with multicolored jewelry and clothing is working with pottery .,multicolored jewelry,"256,167,410,260",clothing,"16,103,512,512",An african-american woman,"1,3,512,512",,,,,,,,,,
2011,157878,open_set,A brown dog holding an object in its mouth is moving through snow-covered tall grass outdoors .,A brown dog,"26,7,480,380",its mouth,"57,120,128,191",an object,"51,106,162,230",,,,,,,,,,
2012,157239,open_set,A couple guys entering rowboats on a dock .,A couple guys,"303,205,383,284",a dock,"315,256,512,512",rowboats,"221,262,350,382",,,,,,,,,,
2013,154360,open_set,A boy is leaning down in front of a girl with blue striped hair in a subway station .,a girl,"252,29,349,456",A boy,"314,138,442,505",blue striped hair,"280,23,330,178",,,,,,,,,,
2014,155641,open_set,A woman in a brown sweater is sewing on her machine .,a brown sweater,"3,96,236,512",her machine,"289,147,510,508",A woman,"2,3,332,512",,,,,,,,,,
2015,156856,open_set,Two children or possibly young adults fixing their bikes .,Two children,"15,148,486,512",possibly young adults,"15,148,486,512",their bikes,"26,41,309,472",,,,,,,,,,
2016,156850,open_set,Two boys and a woman are posing for a picture with a canned drink advertisement .,Two boys,"149,103,482,512",a woman,"230,148,317,498",a canned drink advertisement,"261,212,327,397",,,,,,,,,,
2017,157981,open_set,Two people canoeing down a river in a red canoe .,Two people,"166,253,266,332",a red canoe,"137,309,296,360",a river,"3,303,512,511",,,,,,,,,,
2018,155688,open_set,A woman speaks at a podium surrounded by religious men .,A woman,"156,110,271,243",religious men,"3,210,501,509",a podium,"152,241,342,451",,,,,,,,,,
2019,154362,open_set,The girl with the blue streaked hair has very thick-soled shoes .,very thick-soled shoes,"248,327,321,464",The girl,"252,29,349,456",the blue streaked hair,"280,23,330,178",,,,,,,,,,
2020,158234,open_set,A lady and a boy who is having ice cream are sitting together .,ice cream,"198,403,232,506",A lady,"2,8,335,512",a boy,"190,77,509,510",,,,,,,,,,
2021,157669,open_set,A female athlete attempts a vault over a pole while spectators take pictures .,a pole,"425,87,460,512",A female athlete,"125,41,456,410",spectators,"97,174,512,395",,,,,,,,,,
2022,154564,open_set,The man rides his quad through a rural area followed by his dog .,his quad,"192,234,342,416",The man,"233,152,317,282",his dog,"148,333,162,366",,,,,,,,,,
2023,158693,open_set,The people are following the Bride and the Groom at a wedding .,the Groom,"237,277,268,436",The people,"3,256,509,512",the Bride,"236,288,287,490",,,,,,,,,,
2024,155234,open_set,A group of young people are playing around with water guns and standing in front of a white truck .,water guns,"80,228,393,502",a white truck,"224,34,403,253",A group of young people,"103,116,463,512",,,,,,,,,,
2025,154920,open_set,A child is skateboarding while a man is riding his bike .,a man,"219,232,428,449",A child,"132,105,265,209",his bike,"173,330,499,467",,,,,,,,,,
2026,154834,open_set,Soldiers washing dishes in tubs on the street .,tubs,"369,390,508,509",Soldiers,"114,157,461,512",dishes,"194,25,416,206",,,,,,,,,,
2027,156955,open_set,A woman stands over a copper bowl holding many burning incense .,many burning incense,"73,321,489,509",a copper bowl,"73,395,488,510",A woman,"2,21,305,406",,,,,,,,,,
2028,158332,open_set,Two black dogs are bearing their teeth beside a white couch .,their teeth,"209,238,385,344",a white couch,"72,1,512,359",Two black dogs,"20,18,495,512",,,,,,,,,,
2029,157029,open_set,A soccer player dribbles a soccer ball while other players run in the background .,a soccer ball,"242,371,267,398",other players,"348,161,406,274",A soccer player,"236,223,291,394",,,,,,,,,,
2030,158477,open_set,A girl lays in the grass in front of the Leaning Tower of Pisa in Italy .,the Leaning Tower of Pisa,"12,1,338,447",A girl,"126,336,512,484",the grass,"1,451,512,509",,,,,,,,,,
2031,154489,open_set,Two women are standing outside a store wearing pink shirts and jeans .,jeans,"83,345,386,512",Two women,"80,176,391,512",pink shirts,"95,237,394,361",,,,,,,,,,
2032,157709,open_set,A man wearing a white cap and white sweatshirt working on a roof .,white sweatshirt,"122,161,260,308",a white cap,"166,125,212,169",A man,"66,125,286,435",,,,,,,,,,
2033,155739,open_set,A woman in green is picking out candy .,green,"199,6,507,449",A woman,"199,2,506,512",candy,"89,102,251,512",,,,,,,,,,
2034,155528,open_set,"A person is riding a horse , which is jumping over a grounded airplane .",a grounded airplane,"3,193,512,435",a horse,"189,158,311,327",A person,"237,133,278,287",,,,,,,,,,
2035,155858,open_set,A woman watches a small girl with blond-hair .,a small girl,"287,224,476,512",A woman,"40,26,145,505",blond-hair,"328,236,471,495",,,,,,,,,,
2036,156549,open_set,Two men are untangling their nets on the dock .,Two men,"205,64,418,408",their nets,"122,252,508,503",the dock,"3,415,72,509",,,,,,,,,,
2037,158313,open_set,Eight people enjoy the fun of rafts and the beauty of a waterfall .,Eight people,"121,340,359,448",the beauty of a waterfall,"150,140,258,385",the fun of rafts,"99,379,421,512",,,,,,,,,,
2038,153910,open_set,Two little boys play with sand on the beach .,the beach,"1,66,512,512",Two little boys,"51,38,313,432",sand,"1,178,512,510",,,,,,,,,,
2039,157947,open_set,Man in blue shirt shooting a rifle .,Man,"1,96,430,499",a rifle,"95,189,465,365",blue shirt,"4,221,114,428",,,,,,,,,,
2040,155403,open_set,A small child wearing pink stands in a doorway .,pink,"210,281,241,385",a doorway,"109,184,316,393",A small child,"205,247,246,401",,,,,,,,,,
2041,154906,open_set,A person is standing on a surfboard and riding down a large wave .,a surfboard,"174,234,212,282",A person,"185,185,234,266",a large wave,"2,92,512,333",,,,,,,,,,
2042,153916,open_set,A topless mannequin with a white skirt is being displayed in a window .,a window,"1,1,452,233",A topless mannequin,"209,23,398,229",a white skirt,"198,131,398,233",,,,,,,,,,
2043,154560,open_set,A smiling bearded man wears a shirt with an orange peace sign,a shirt,"253,172,512,512",A smiling bearded man,"253,3,509,508",an orange peace sign,"396,265,493,432",,,,,,,,,,
2044,155636,open_set,"An older man in a green shirt , getting ready to sit down at a table .",a table,"271,317,382,411",a green shirt,"354,244,416,295",An older man,"334,227,421,390",,,,,,,,,,
2045,156502,open_set,A woman monitoring a baby as it plays with nearby luggage .,a baby,"257,188,346,359",nearby luggage,"291,267,418,405",A woman,"217,42,425,308",,,,,,,,,,
2046,154023,open_set,The little girl is wearing a floating device in the water .,The little girl,"3,19,509,510",the water,"3,19,509,510",a floating device,"129,90,412,260",,,,,,,,,,
2047,155621,open_set,A woman with long black hair is dancing in a voluminous white dress .,long black hair,"186,59,445,424",a voluminous white dress,"1,1,512,512",A woman,"186,37,512,512",,,,,,,,,,
2048,154611,open_set,A football player holding a ball is being chased by the Knights team .,a ball,"183,190,232,253",A football player,"103,79,262,498",the Knights team,"232,47,512,485",,,,,,,,,,
2049,154349,open_set,Two boys are playing in pool filled with sparkling blue water .,Two boys,"169,149,471,301",pool,"1,69,512,512",sparkling blue water,"1,69,512,512",,,,,,,,,,
2050,158210,open_set,A man shoots a rifle while a dog looks on .,a rifle,"3,90,289,117",a dog,"44,286,209,472",A man,"151,46,483,466",,,,,,,,,,
2051,158267,open_set,A woman in a white swim cap teaches a toddler how to swim in a swimming pool .,a toddler,"198,121,423,389",a white swim cap,"108,81,203,147",A woman,"11,83,295,319",,,,,,,,,,
2052,157110,open_set,A man in a brown shirt standing in the crowd at an outdoor concert .,the crowd,"1,83,504,512",A man,"224,83,406,510",a brown shirt,"270,229,409,510",,,,,,,,,,
2053,156255,open_set,A woman in a yellow shirt is making a disgusted facial expression .,a disgusted facial expression,"201,70,269,216",A woman,"90,15,335,510",a yellow shirt,"146,207,334,512",,,,,,,,,,
2054,157420,open_set,Two tan dogs play on the grass near the wall .,the wall,"313,10,496,152",Two tan dogs,"73,19,508,510",the grass,"2,61,512,512",,,,,,,,,,
2055,157700,open_set,A guy jumping off a dock into a body of water .,a body of water,"1,55,512,512",a dock,"3,368,407,512",A guy,"222,192,366,337",,,,,,,,,,
2056,158786,open_set,A man wearing a green t-shirt is working on a blue car .,a blue car,"152,5,512,431",a green t-shirt,"302,380,425,460",A man,"163,301,492,475",,,,,,,,,,
2057,155764,open_set,A man in glasses sitting with his legs crossed .,glasses,"237,135,289,170",A man,"47,116,399,510",his legs,"49,353,399,505",,,,,,,,,,
2058,158776,open_set,The hiker pokes out of her tent to find that snow is everywhere .,that snow,"1,159,254,512",her tent,"94,93,510,512",The hiker,"269,295,371,501",,,,,,,,,,
2059,156018,open_set,"People are walking in the city on the street , with bikes parked up to the left of the picture .",bikes,"1,339,242,510",People,"227,268,454,512",the street,"76,288,494,505",,,,,,,,,,
2060,156623,open_set,People standing on rocks by a river .,rocks,"95,295,512,512",a river,"135,270,510,341",People,"347,139,409,332",,,,,,,,,,
2061,158472,open_set,Skinny man with no shoes on eating barbecue ribs outside .,barbecue ribs,"206,167,342,243",Skinny man,"4,61,335,510",no shoes,"398,342,512,415",,,,,,,,,,
2062,155096,open_set,"A dark-skinned woman , wearing a pink top and brown and white skirt , is crossing the street .",the street,"1,1,509,507",A dark-skinned woman,"188,105,473,490",a pink top and brown and white skirt,"189,162,336,492",,,,,,,,,,
2063,154878,open_set,"A man , wearing a black North Face vest and maroon undershirt , shopping .",a black North Face vest,"1,211,420,512",A man,"1,118,512,510",maroon undershirt,"1,307,512,512",,,,,,,,,,
2064,155331,open_set,"People standing on a beach , one under a green umbrella",People,"16,204,493,512",a green umbrella,"2,165,120,324",one,"16,204,115,512",,,,,,,,,,
2065,154904,open_set,A person is surfing on a wave while another person heads towards it .,another person,"386,372,424,412",A person,"185,185,234,266",a wave,"2,92,512,333",,,,,,,,,,
2066,157405,open_set,These girls are in uniforms and are playing field hockey .,uniforms,"1,84,512,512",field hockey,"235,114,512,338",These girls,"1,37,304,512",,,,,,,,,,
2067,158066,open_set,A dog jumps into a swimming pool after a toy .,a toy,"7,404,68,445",a swimming pool,"1,225,481,512",A dog,"243,158,479,358",,,,,,,,,,
2068,157659,open_set,A baseball player wearing a number 19 shirt looks at the outfield .,a number 19 shirt,"82,264,192,336",the outfield,"1,373,508,439",A baseball player,"51,223,203,475",,,,,,,,,,
2069,155288,open_set,A woman in black and white is on a bicycle .,black and white,"68,1,378,405",a bicycle,"35,279,512,512",A woman,"71,1,430,510",,,,,,,,,,
2070,155653,open_set,A girl in a bright outfit is playing in the leaves .,a bright outfit,"43,194,268,432",the leaves,"80,14,478,203",A girl,"29,193,266,438",,,,,,,,,,
2071,155815,open_set,A man in a white cowboy selling concessions under a green umbrella .,a green umbrella,"57,1,512,70",a white cowboy,"50,157,186,358",A man,"50,157,186,358",,,,,,,,,,
2072,157487,open_set,A group of men in white uniforms are waving flags .,flags,"95,35,324,320",A group of men,"60,165,512,462",white uniforms,"66,197,507,448",,,,,,,,,,
2073,156180,open_set,A young boy talking on a cellphone laying next to a dog .,A young boy,"1,76,375,420",a cellphone,"266,370,309,397",a dog,"309,196,466,387",,,,,,,,,,
2074,156674,open_set,"Two girls are jumping over another girl , while a smaller girl watches .",a smaller girl,"359,46,449,504",Two girls,"62,1,430,510",another girl,"97,369,336,510",,,,,,,,,,
2075,157918,open_set,People on a street corner with very odd shaped objects bolted to the ground that look like old car parts .,People,"201,20,455,452",very odd shaped objects,"15,173,497,462",old car parts,"15,173,497,462",,,,,,,,,,
2076,156657,open_set,A man and a woman are entering a building .,a building,"206,1,512,512",A man,"220,40,295,491",a woman,"128,30,227,506",,,,,,,,,,
2077,154576,open_set,three people nailing something to the wall .,three people,"12,185,327,512",something,"288,182,331,271",the wall,"225,4,512,501",,,,,,,,,,
2078,156392,open_set,A group of people are walking down a road passing by some barb-wire .,a road,"2,173,512,512",some barb-wire,"1,184,353,510",A group of people,"65,52,273,432",,,,,,,,,,
2079,156705,open_set,A young man is wearing a nun 's habit and smoking a cigarette .,A young man,"132,19,511,508",a nun 's habit,"157,18,511,485",a cigarette,"77,275,158,290",,,,,,,,,,
2080,157215,open_set,A man in printed board shorts is doing a yoga pose on the beach .,a yoga pose,"118,207,350,380",printed board shorts,"182,229,243,307",A man,"95,206,351,394",,,,,,,,,,
2081,156438,open_set,Two boys are on the sidewalk as cars pass by on the road .,cars,"142,217,399,321",Two boys,"1,213,177,510",the sidewalk,"74,288,285,512",,,,,,,,,,
2082,154113,open_set,A group of people looking at merchandise on a table .,A group of people,"2,125,512,371",a table,"10,372,441,512",merchandise,"17,260,510,413",,,,,,,,,,
2083,155146,open_set,A man dressed in yellow is speaking on the microphone .,the microphone,"280,184,425,381",A man,"35,4,512,512",yellow,"35,4,512,512",,,,,,,,,,
2084,155758,open_set,Running dog and cow in fenced area .,fenced area,"3,7,304,373",cow,"217,3,510,410",Running dog,"33,247,183,452",,,,,,,,,,
2085,153989,open_set,"Two asian toddlers , one crying , playing with a pacifier .",a pacifier,"126,264,158,316",one,"154,63,512,493",Two asian toddlers,"3,43,512,510",,,,,,,,,,
2086,154537,open_set,A small child in a costume looks up at an adult .,an adult,"1,2,212,505",a costume,"274,138,512,363",A small child,"285,72,512,446",,,,,,,,,,
2087,157747,open_set,A man in a black polo shirt stands in the doorway of a Gelateria .,A man,"96,355,169,478",a black polo shirt,"98,367,161,419",the doorway of a Gelateria,"92,330,184,475",,,,,,,,,,
2088,157283,open_set,girl in red dress cleaning the airplane wing .,the airplane,"15,44,510,379",red dress,"1,150,287,512",girl,"1,103,279,512",,,,,,,,,,
2089,155607,open_set,Man jumping with a skateboard in a parking lot .,a skateboard,"201,309,333,357",Man,"142,199,365,345",a parking lot,"3,433,296,512",,,,,,,,,,
2090,157560,open_set,A male rock climber is scaling a wall while another man belays him .,A male rock climber,"301,135,429,268",another man,"312,432,367,467",a wall,"3,2,512,512",,,,,,,,,,
2091,156213,open_set,a brown and white dog has is playing with a white ball on the grass .,the grass,"1,1,512,512",a brown and white dog,"116,29,475,370",a white ball,"74,309,122,372",,,,,,,,,,
2092,154155,open_set,A blond child with blue eyes and an Elmo shirt sitting in a car .,A blond child,"135,46,487,507",blue eyes,"214,210,316,249",an Elmo shirt,"132,225,456,512",,,,,,,,,,
2093,158353,open_set,A child crossing a chain fence to get to the water .,A child,"157,182,241,348",the water,"1,159,512,405",a chain fence,"3,177,457,435",,,,,,,,,,
2094,154731,open_set,A woman in a white kimono and bamboo hat .,bamboo hat,"236,18,416,229",A woman,"175,7,496,512",a white kimono,"180,236,479,512",,,,,,,,,,
2095,157331,open_set,A woman in a black scarf sitting with a big piece of cake in front of her .,a black scarf,"144,158,333,424",A woman,"88,44,416,414",a big piece of cake,"80,444,236,512",,,,,,,,,,
2096,157371,open_set,A man dressed as a nun smoking a cigarette .,A man,"4,18,512,510",a nun,"4,18,512,510",a cigarette,"291,244,317,265",,,,,,,,,,
2097,158356,open_set,The bike rider is wearing a silver helmet and red shirt .,red shirt,"177,63,290,209",The bike rider,"148,26,290,416",a silver helmet,"183,27,233,89",,,,,,,,,,
2098,155929,open_set,Two women jumping to get the ball over the net in a game of beach volleyball .,the ball,"70,37,133,76",the net,"44,108,510,286",Two women,"39,43,282,455",,,,,,,,,,
2099,158737,open_set,An elderly man looks through a camera on a tripod during a trip to the mountains .,a camera,"275,10,363,151",a tripod,"114,89,420,510",An elderly man,"116,26,461,486",,,,,,,,,,
2100,158499,open_set,A girl defends the basketball from another player .,A girl,"258,112,510,510",the basketball,"149,43,244,107",another player,"146,59,510,512",,,,,,,,,,
2101,155531,open_set,People outside an ice cream shop that has summer decorations for sale .,an ice cream shop,"20,38,398,377",summer decorations,"18,27,402,181",People,"108,147,333,431",,,,,,,,,,
2102,154733,open_set,A white dog and a brown dog are by a stream .,a stream,"1,176,512,512",A white dog,"228,54,257,103",a brown dog,"228,54,257,103",,,,,,,,,,
2103,156427,open_set,Two smiling young men lying in a green papasan chair with a tan comforter over them .,Two smiling young men,"136,167,477,510",a green papasan chair,"56,256,180,393",a tan comforter,"30,282,509,512",,,,,,,,,,
2104,155043,open_set,A bicyclist with a backpack rides down a suburban street .,A bicyclist,"77,201,188,494",a suburban street,"126,215,186,304",a backpack,"126,215,186,304",,,,,,,,,,
2105,155910,open_set,A man in a lab coat is looking through a microscope .,A man,"2,39,302,512",a microscope,"226,130,249,167",a lab coat,"1,72,257,512",,,,,,,,,,
2106,153909,open_set,"Two young , wet boys playing in the sand on a beach .",a beach,"1,66,512,512","Two young , wet boys","51,38,313,432",the sand,"1,178,512,510",,,,,,,,,,
2107,153917,open_set,A woman with no bra on and half naked posing next to a blue car .,a blue car,"5,130,512,502",A woman,"209,23,398,229",half naked,"209,19,398,229",,,,,,,,,,
2108,154860,open_set,Kid in a striped shirt holding a guitar .,a guitar,"116,247,509,450",Kid,"113,7,352,512",a striped shirt,"111,160,356,466",,,,,,,,,,
2109,157262,open_set,A girl with a white sweatshirt and blond-hair is smiling .,blond-hair,"106,48,451,185",a white sweatshirt,"1,246,397,512",A girl,"1,46,512,512",,,,,,,,,,
2110,158036,open_set,A woman writes in a notebook while sitting on a wicker seat .,a wicker seat,"8,72,343,491",A woman,"70,9,313,502",a notebook,"147,87,210,174",,,,,,,,,,
2111,156026,open_set,"A group of people wait on the sidewalk , wearing hats .",hats,"71,148,327,268",A group of people,"52,150,405,510",the sidewalk,"2,242,512,512",,,,,,,,,,
2112,155055,open_set,A mother pushes two children on swings at a park .,A mother,"185,131,309,509",swings,"7,2,512,264",two children,"90,91,460,330",,,,,,,,,,
2113,158783,open_set,Two men in white shirts standing in front of a plane talking .,Two men,"87,309,234,512",white shirts,"91,362,234,485",a plane,"20,124,510,505",,,,,,,,,,
2114,154547,open_set,An older couple with joke glasses and cigars .,cigars,"99,141,396,272",An older couple,"31,20,493,512",joke glasses,"142,87,377,214",,,,,,,,,,
2115,157427,open_set,Many shoppers carrying their shopping bags standing on a curb .,Many shoppers,"1,226,457,463",a curb,"428,376,510,405",their shopping bags,"336,332,380,402",,,,,,,,,,
2116,153992,open_set,A man is standing up and spinning a piece of pottery on his pottery wheel .,A man,"87,82,510,508",a piece of pottery,"117,226,285,327",his pottery wheel,"109,268,292,335",,,,,,,,,,
2117,157450,open_set,A group of youth pass some vehicles and a graffiti adorned wall as they make their way through town .,some vehicles,"2,259,191,512",A group of youth,"207,208,353,421",a graffiti adorned wall,"178,96,386,242",,,,,,,,,,
2118,156908,open_set,A basketball player from Penn State dribbles a ball while being surrounded by Lafayette players .,A basketball player,"239,214,502,512",Penn State dribbles,"239,214,502,512",Lafayette players,"1,113,339,510",,,,,,,,,,
2119,158428,open_set,A woman in a red sweater walks past two younger women who are chatting .,a red sweater,"56,328,329,512",A woman,"55,128,334,512",two younger women,"2,113,477,512",,,,,,,,,,
2120,156258,open_set,An African woman in a blue turban poses with an infant .,a blue turban,"262,46,392,199",An African woman,"98,50,474,502",an infant,"120,123,258,512",,,,,,,,,,
2121,155958,open_set,A dog is jumping over a log in a wooded area while carrying another log .,A dog,"164,72,300,437",a log,"1,291,512,419",another log,"1,291,512,419",,,,,,,,,,
2122,158694,open_set,A wedding day with the bride in a bright white beautiful dress,A wedding day,"236,309,302,492",a bright white beautiful dress,"236,309,302,492",the bride,"236,288,287,490",,,,,,,,,,
2123,156184,open_set,A flat bed truck in a parking lot with an army vehicle on its bed .,A flat bed truck,"38,405,494,485",an army vehicle,"88,94,432,444",its bed,"30,83,476,508",,,,,,,,,,
2124,156115,open_set,3 women and a man waiting in line to board a yellow bus .,3 women,"222,203,465,487",a man,"295,165,364,470",a yellow bus,"1,84,362,386",,,,,,,,,,
2125,157751,open_set,A little girl in a red dress is carrying shopping bags .,shopping bags,"1,114,415,496",A little girl,"121,21,443,510",a red dress,"115,110,447,387",,,,,,,,,,
2126,155918,open_set,Several workers brace a large yellow object aboard a boat with the Golden Gate bridge in the background .,a large yellow object,"269,240,368,403",a boat,"172,162,512,510",the Golden Gate bridge,"4,119,482,159",,,,,,,,,,
2127,157232,open_set,A man in a gray shirt playing a whistle .,a gray shirt,"237,216,512,512",a whistle,"50,249,208,351",A man,"27,15,512,512",,,,,,,,,,
2128,154655,open_set,A child wearing red shirt and pants is kneeling in the back of a vehicle .,pants,"140,273,314,422",red shirt,"117,149,293,321",A child,"81,50,315,484",,,,,,,,,,
2129,153990,open_set,A baby cries while another baby holds an object .,an object,"126,264,158,316",A baby,"3,43,238,510",another baby,"3,43,238,510",,,,,,,,,,
2130,154972,open_set,A child in a blur shirt playing in a flower bed .,a blur shirt,"84,138,283,337",a flower bed,"1,273,512,320",A child,"68,40,387,466",,,,,,,,,,
2131,155738,open_set,A woman reaching for candy bars that are on a shelf .,candy bars,"143,105,268,477",a shelf,"1,1,322,512",A woman,"199,2,506,512",,,,,,,,,,
2132,154050,open_set,A man in white clothing cooks food .,A man,"120,34,389,342",white clothing,"119,36,391,363",food,"388,94,484,165",,,,,,,,,,
2133,154242,open_set,A man talking on his cellphone at a street corner .,a street corner,"421,278,508,509",his cellphone,"430,351,443,370",A man,"418,335,490,512",,,,,,,,,,
2134,154998,open_set,Little boy laying in a pile of leaves next to a skateboard .,a pile of leaves,"1,84,390,367",Little boy,"171,121,480,335",a skateboard,"272,290,477,339",,,,,,,,,,
2135,154072,open_set,Man and woman in black stand close together on the street .,Man,"66,116,299,512",woman,"236,116,447,510",black,"270,211,438,512",,,,,,,,,,
2136,156698,open_set,Woman in a green top and blue jeans bowling .,a green top,"225,226,320,367",Woman,"188,187,342,510",blue jeans,"228,345,293,510",,,,,,,,,,
2137,154542,open_set,A father and son asleep in their blankets .,son,"80,133,350,394",A father,"79,72,505,454",their blankets,"1,225,506,510",,,,,,,,,,
2138,154307,open_set,A man tries to take a stick away from a brown dog .,a brown dog,"252,309,438,512",A man,"31,3,275,512",a stick,"152,276,289,397",,,,,,,,,,
2139,158827,open_set,A kid is dressed in a costume wearing a power rangers helmet .,a power rangers helmet,"189,21,363,200",a costume,"143,177,412,512",A kid,"147,27,410,512",,,,,,,,,,
2140,156451,open_set,A woman sings and plays guitar while young adults mill around in the background .,guitar,"260,249,396,512",A woman,"243,18,502,508",young adults,"25,30,230,250",,,,,,,,,,
2141,154123,open_set,A man in a green jacket is looking after a black horse .,a green jacket,"74,221,218,510",A man,"72,171,225,512",a black horse,"134,77,512,508",,,,,,,,,,
2142,158204,open_set,A young man is skateboarding on a ramp and is standing on one arm .,A young man,"205,89,311,306",one arm,"249,235,280,308",a ramp,"2,285,273,462",,,,,,,,,,
2143,156603,open_set,A man on the street surrounded by cats .,the street,"1,129,512,512",A man,"197,34,308,211",cats,"108,125,396,322",,,,,,,,,,
2144,158307,open_set,"Three young children play in the hay , throwing some at the camera .",Three young children,"109,119,464,444",the hay,"89,4,331,472",some,"89,4,331,472",,,,,,,,,,
2145,154037,open_set,"A man wearing a bright , multi-color helmet is sitting on a motorcycle .",a motorcycle,"399,367,501,512","a bright , multi-color helmet","46,21,287,366",A man,"1,23,403,510",,,,,,,,,,
2146,158078,open_set,"A baby in a baby seat wearing a red beanie that says "" love "" .",A baby,"30,116,475,506",a baby seat,"4,5,512,497",a red beanie,"216,109,486,290",,,,,,,,,,
2147,155581,open_set,Beautiful woman dancing on a parade float holding a little boy .,a little boy,"198,7,432,305",Beautiful woman,"22,34,478,425",a parade float,"1,362,512,512",,,,,,,,,,
2148,156919,open_set,A young women dips her feet into a natural spring in an outdoor setting .,a natural spring,"1,332,464,512",her feet,"189,364,290,471",A young women,"150,202,341,433",,,,,,,,,,
2149,156719,open_set,A Indian women displaying her cultural heritage with painted red fingers and an extravagant head piece .,painted red fingers,"252,249,319,342",A Indian women,"124,34,429,510",an extravagant head piece,"207,31,319,206",,,,,,,,,,
2150,156895,open_set,A long-haired man plays an acoustic guitar while holding a pen .,an acoustic guitar,"1,256,499,512",a pen,"172,375,256,449",A long-haired man,"4,3,510,510",,,,,,,,,,
2151,156762,open_set,Cowboy riding a bull wearing a blue vest .,a bull,"18,93,467,501",Cowboy,"203,5,353,440",a blue vest,"205,97,297,219",,,,,,,,,,
2152,155602,open_set,a dog runs in the water with a tennis ball in its mouth .,a tennis ball,"261,152,312,211",a dog,"236,41,447,512",its mouth,"266,165,306,208",,,,,,,,,,
2153,157861,open_set,Boy with floaties with his feet in the sand on the beach .,Boy,"137,48,401,478",floaties,"69,62,449,237",the sand,"277,222,512,512",,,,,,,,,,
2154,155849,open_set,A black dog is running across a low cut field nearby an area of trees .,an area of trees,"1,3,510,238",A black dog,"75,242,368,472",a low cut field,"1,235,512,512",,,,,,,,,,
2155,155398,open_set,Five people are looking across a lake at buildings .,a lake,"3,83,510,475",Five people,"195,298,330,419",buildings,"5,30,361,92",,,,,,,,,,
2156,156717,open_set,A young boy in green pajamas playing with a toy at Christmas .,A young boy,"166,6,423,490",green pajamas,"182,123,421,512",a toy,"296,174,380,256",,,,,,,,,,
2157,158125,open_set,A surfer in a green striped wetsuit rides a wave .,a green striped wetsuit,"354,60,440,262",a wave,"4,32,512,313",A surfer,"3,58,43,155",,,,,,,,,,
2158,156589,open_set,A woman in a blue dress stands in a crowd .,a crowd,"1,1,512,512",A woman,"79,3,403,512",a blue dress,"97,347,246,512",,,,,,,,,,
2159,157142,open_set,A man in a suit strides across a stage holding a saxophone .,a saxophone,"252,106,363,224",A man,"220,64,387,404",a suit,"247,106,389,391",,,,,,,,,,
2160,154096,open_set,A man builds a sand castle as children enjoy the sun in the background .,a sand castle,"98,126,303,476",children,"23,8,245,105",A man,"278,61,499,346",,,,,,,,,,
2161,156956,open_set,A woman looks at a plate filled with steam .,steam,"73,321,489,509",a plate,"73,395,488,510",A woman,"2,21,305,406",,,,,,,,,,
2162,154182,open_set,A man in an apron is standing by a table .,A man,"150,179,236,357",a table,"154,297,434,510",an apron,"177,240,215,354",,,,,,,,,,
2163,156035,open_set,A man with a yellow swimming cap is crashing into the water .,a yellow swimming cap,"160,147,191,182",the water,"1,329,512,512",A man,"90,152,239,309",,,,,,,,,,
2164,157361,open_set,Two men shave at an outdoor sink as a woman looks on .,a woman,"320,184,498,359",Two men,"6,54,510,512",an outdoor sink,"309,363,512,458",,,,,,,,,,
2165,154494,open_set,A young girl wearing red faces the opposite direction from the rest of a seated audience .,A young girl,"377,230,512,512",the rest of a seated audience,"1,76,427,512",red faces,"374,231,490,378",,,,,,,,,,
2166,154766,open_set,A room with men dressed in suits and glasses .,men,"147,90,510,512",glasses,"208,111,460,374",suits,"144,223,350,512",,,,,,,,,,
2167,156126,open_set,A man sits alone in a diner reading a book .,a book,"177,386,243,431",A man,"143,273,256,411",a diner,"143,273,256,411",,,,,,,,,,
2168,155034,open_set,Two men wearing orange vest using an industrial cleaning machine to clean stairs .,orange vest,"125,77,400,189",an industrial cleaning machine,"165,133,390,439",Two men,"96,45,413,319",,,,,,,,,,
2169,155572,open_set,Girls cheerleading team sitting on the sideline waiting to do their routine,the sideline,"1,266,512,443",Girls,"17,275,490,437",team,"17,275,490,437",,,,,,,,,,
2170,156708,open_set,A man smoking a cigarette with a Nun habit on .,A man,"132,19,511,508",a Nun habit,"157,18,511,485",a cigarette,"77,275,158,290",,,,,,,,,,
2171,157398,open_set,A man in a black shirt stands next to a tent .,a black shirt,"307,177,400,314",A man,"281,107,408,309",a tent,"1,294,512,512",,,,,,,,,,
2172,154462,open_set,Man sitting in a chair hold a cup .,a chair,"159,213,321,383",a cup,"164,302,188,329",Man,"86,181,227,371",,,,,,,,,,
2173,157673,open_set,A happy woman with a bouquet of flowers moves through a large crowd waiting to get on a subway train .,A happy woman,"179,309,296,512",a large crowd,"15,217,512,512",a bouquet of flowers,"224,397,283,512",,,,,,,,,,
2174,158483,open_set,A woman stands on a wall to pet an elephant .,an elephant,"25,110,445,512",a wall,"171,164,512,512",A woman,"229,3,363,295",,,,,,,,,,
2175,154252,open_set,A mother reads a book to her baby .,a book,"228,323,507,469",her baby,"271,131,425,512",A mother,"216,1,435,512",,,,,,,,,,
2176,156778,open_set,There are four people walking down the street in front of a yellow building .,four people,"185,166,462,482",a yellow building,"2,3,512,184",the street,"5,195,508,508",,,,,,,,,,
2177,154029,open_set,A vendor sells souvenirs and trinkets on a busy street .,souvenirs,"186,365,247,460",trinkets,"186,365,247,460",A vendor,"89,129,191,480",,,,,,,,,,
2178,156259,open_set,An african woman is holding a small child in her arms .,her arms,"112,292,479,512",An african woman,"98,50,474,502",a small child,"120,123,258,512",,,,,,,,,,
2179,158703,open_set,Two women in dresses are standing by a rail .,a rail,"365,174,510,508",dresses,"218,97,374,454",Two women,"215,19,375,512",,,,,,,,,,
2180,154514,open_set,Two small children are playing with toys while the crowd looks on .,Two small children,"87,122,408,512",toys,"2,117,309,327",the crowd,"10,1,483,351",,,,,,,,,,
2181,157984,open_set,a woman using a power drill in front of a group of people .,a group of people,"1,46,512,512",a power drill,"182,124,364,277",a woman,"20,50,404,512",,,,,,,,,,
2182,154062,open_set,Several individuals are walking along a street in tennis shoes and shorts .,tennis shoes,"31,270,483,504",shorts,"48,296,99,336",Several individuals,"32,166,485,501",,,,,,,,,,
2183,158040,open_set,A woman in a bikini and ball cap is sunbathing at a beautiful beach,ball cap,"318,279,359,319",a bikini,"259,309,340,352",A woman,"116,275,357,358",,,,,,,,,,
2184,155627,open_set,A woman wearing a blue visor is holding 5 bottles of Heineken beer .,a blue visor,"260,63,375,139",A woman,"184,3,478,512",5 bottles of Heineken beer,"178,312,309,512",,,,,,,,,,
2185,154115,open_set,A man with his sleeves rolled up is gardening next to a pole .,his sleeves,"221,184,338,438",A man,"214,106,370,438",a pole,"96,1,181,308",,,,,,,,,,
2186,157005,open_set,Multiple people on their bikes riding in a race on a city street .,a city street,"2,261,510,512",Multiple people,"36,135,398,481",their bikes,"1,244,442,512",,,,,,,,,,
2187,157771,open_set,A man wearing all black and a black hat is smiling .,all black,"10,135,498,512",A man,"9,135,502,512",a black hat,"128,136,316,200",,,,,,,,,,
2188,158293,open_set,The picture is taken inside a large church where many people are listening to a man in a robe .,many people,"1,159,510,512",a robe,"471,183,509,364",a man,"467,163,509,364",,,,,,,,,,
2189,156515,open_set,Young boy in a red shirt throwing gang tags out .,Young boy,"209,244,307,512",gang tags,"243,381,289,450",a red shirt,"214,307,302,462",,,,,,,,,,
2190,154463,open_set,person wearing a helmet on a four wheeled bike in air,a helmet,"253,88,330,154",a four wheeled bike,"104,168,505,388",person,"196,88,419,283",,,,,,,,,,
2191,154353,open_set,Cameras set up on tripods along the side of a road barrier .,tripods,"156,248,405,499",the side of a road barrier,"91,318,279,481",Cameras,"134,215,403,486",,,,,,,,,,
2192,156414,open_set,"A man , in black jacket , is smiling at a woman .",A man,"19,4,299,512",black jacket,"20,156,302,512",a woman,"467,110,512,512",,,,,,,,,,
2193,154336,open_set,People riding horses down the street .,People,"103,116,435,291",horses,"88,123,509,353",the street,"76,55,496,379",,,,,,,,,,
2194,154143,open_set,Two people with silly disguises at Christmas time,Christmas time,"318,4,510,461",Two people,"70,59,453,512",silly disguises,"70,59,453,512",,,,,,,,,,
2195,157895,open_set,A girl is standing on one leg on top of a globe shaped structure .,one leg,"259,282,299,364",a globe shaped structure,"81,355,499,512",A girl,"215,202,349,364",,,,,,,,,,
2196,154241,open_set,Man talks on cellphone while standing near a dessert sign .,a dessert sign,"85,174,275,376",cellphone,"430,351,443,370",Man,"418,335,490,512",,,,,,,,,,
2197,157755,open_set,A woman using a green bucket is squatting while cleaning .,cleaning,"219,333,330,432",a green bucket,"262,386,314,438",A woman,"146,305,321,434",,,,,,,,,,
2198,155620,open_set,African American woman with a bluish white dress and an orange hair tie dancing .,an orange hair tie,"264,47,299,116",a bluish white dress,"1,1,512,512",African American woman,"186,37,512,512",,,,,,,,,,
2199,156467,open_set,Two women riding their bicycles along a dirt road .,Two women,"136,65,375,447",a dirt road,"1,179,512,510",their bicycles,"135,206,378,489",,,,,,,,,,
2200,155451,open_set,A small girl is blocking a much larger girl in a red and white uniform .,a red and white uniform,"353,196,438,350",A small girl,"258,222,386,512",a much larger girl,"337,127,441,512",,,,,,,,,,
2201,154420,open_set,"A person stands wearing sunglasses , a boat and two cameras .",A person,"56,70,488,512",two cameras,"83,336,439,473",sunglasses,"222,120,338,156",,,,,,,,,,
2202,154637,open_set,Three people are walking in a park with flowers .,a park,"2,206,512,512",flowers,"4,328,509,512",Three people,"36,260,142,424",,,,,,,,,,
2203,154853,open_set,"A black dog stands on a rock , green fields behind him .",green fields,"1,152,512,363",A black dog,"124,171,427,362",a rock,"3,291,508,512",,,,,,,,,,
2204,155341,open_set,A woman with a black sweater and white necklace poses for the camera .,white necklace,"75,235,299,319",A woman,"1,3,508,512",a black sweater,"1,211,512,422",,,,,,,,,,
2205,158397,open_set,"A woman in an apron is standing in a kitchen , looking confused .",A woman,"21,47,263,406",a kitchen,"1,2,507,512",an apron,"27,194,267,413",,,,,,,,,,
2206,154969,open_set,A man in shorts is shoveling snow .,shorts,"300,113,390,249",A man,"181,88,391,432",snow,"2,2,509,512",,,,,,,,,,
2207,156736,open_set,A man plays a trumpet in front of a crowd of people,A man,"1,36,214,512",a crowd of people,"177,249,490,350",a trumpet,"86,142,322,324",,,,,,,,,,
2208,154203,open_set,"A plane doing tricks in the air , leaving a smoke trail behind the plane .",a smoke trail,"1,1,282,358",the plane,"236,321,321,392",A plane,"236,321,321,392",,,,,,,,,,
2209,156544,open_set,A skateboarder skates down a ledge next to stair steps .,A skateboarder,"187,35,361,210",stair steps,"250,187,512,393",a ledge,"87,105,370,279",,,,,,,,,,
2210,158785,open_set,A man in a green shirt is working under a blue vehicle .,a blue vehicle,"152,5,512,431",a green shirt,"302,380,425,460",A man,"163,301,492,475",,,,,,,,,,
2211,156243,open_set,Young african-american girl in a red bathing suit at the edge of the pool .,a red bathing suit,"99,155,329,421",the edge of the pool,"394,427,512,512",Young african-american girl,"5,2,476,508",,,,,,,,,,
2212,157297,open_set,A girl with glasses next red white and blue flags .,glasses,"209,143,394,189",A girl,"46,3,512,512",red white and blue flags,"1,231,509,512",,,,,,,,,,
2213,157658,open_set,A male ballplayer wearing a white and blue uniform playing in front of a large crowd .,a white and blue uniform,"87,241,193,467",A male ballplayer,"51,223,203,475",a large crowd,"1,231,512,329",,,,,,,,,,
2214,155278,open_set,"Girl at fountain , getting a drink .",fountain,"219,84,481,510",Girl,"52,90,447,504",a drink,"430,314,472,374",,,,,,,,,,
2215,154233,open_set,A little girl in a striped pink shirt going down the slide .,the slide,"37,262,381,512",a striped pink shirt,"234,264,280,337",A little girl,"173,222,284,419",,,,,,,,,,
2216,155312,open_set,A man is wearing a red shirt and vest .,a red shirt,"294,119,460,493",vest,"294,119,460,493",A man,"266,4,509,512",,,,,,,,,,
2217,154128,open_set,A blond woman with a large watch getting out of her car .,a large watch,"152,220,214,254",her car,"1,223,512,436",A blond woman,"114,97,464,500",,,,,,,,,,
2218,158327,open_set,Young man in a black shirt smokes on a sofa in a colorful room,a sofa,"1,210,512,510",a black shirt,"15,230,384,505",Young man,"30,104,508,512",,,,,,,,,,
2219,156937,open_set,Young people laying on blankets in a park .,blankets,"1,85,491,506",Young people,"4,5,512,512",a park,"1,31,510,303",,,,,,,,,,
2220,158404,open_set,A woman in black is coming out of a room while a police officer is entering .,A woman,"171,220,251,512",a police officer,"233,187,357,510",black,"167,295,246,510",,,,,,,,,,
2221,154837,open_set,A boy wearing a blue swimsuit begins to slide down a water slide .,a water slide,"1,2,512,512",a blue swimsuit,"135,34,312,173",A boy,"136,3,370,257",,,,,,,,,,
2222,158179,open_set,A dog swimming with a stick in its mouth .,A dog,"174,215,390,326",a stick,"190,279,247,312",its mouth,"187,267,221,311",,,,,,,,,,
2223,158075,open_set,Boy sweeping trash away from a shrine .,trash,"2,413,172,512",Boy,"177,201,274,456",a shrine,"100,86,309,399",,,,,,,,,,
2224,157942,open_set,Three women walking through a tunnel in a park .,a tunnel,"146,144,364,430",a park,"2,5,510,509",Three women,"235,193,299,278",,,,,,,,,,
2225,156484,open_set,The man in the white hat is sitting by the pictures .,the white hat,"251,171,362,262",The man,"231,173,499,512",the pictures,"1,1,460,479",,,,,,,,,,
2226,156313,open_set,A dog makes a large splash in the water while chasing a red ball .,the water,"2,3,510,512",a red ball,"33,278,55,311",A dog,"129,161,211,269",,,,,,,,,,
2227,156231,open_set,Man and boy work their fruit cart .,Man,"206,95,301,470",their fruit cart,"155,281,392,467",boy,"114,166,162,456",,,,,,,,,,
2228,155137,open_set,A woman with white shoes and a gray shirt looking at traffic .,A woman,"338,375,369,508",a gray shirt,"337,396,369,455",white shoes,"339,487,369,512",,,,,,,,,,
2229,154596,open_set,A man with a red hat is playing the drums .,the drums,"390,253,512,512",A man,"53,35,343,510",a red hat,"83,30,186,144",,,,,,,,,,
2230,158015,open_set,A motorcyclist in yellow and white rides his bike .,his bike,"76,129,335,464",A motorcyclist,"78,36,334,464",yellow and white,"104,32,250,315",,,,,,,,,,
2231,154708,open_set,A smiling young girl wearing a swimsuit is soaking in a tub of water .,a tub of water,"81,4,512,512",A smiling young girl,"38,29,512,434",a swimsuit,"119,208,470,393",,,,,,,,,,
2232,154848,open_set,Two people kayaking through rough waters in a blue and white kayak .,rough waters,"1,203,510,510",a blue and white kayak,"54,234,467,479",Two people,"81,11,232,394",,,,,,,,,,
2233,156625,open_set,A fashionable young woman seated on a bench gazes into a makeup mirror .,a makeup mirror,"359,168,384,199",A fashionable young woman,"293,72,466,436",a bench,"222,119,485,461",,,,,,,,,,
2234,154290,open_set,A dark-haired woman wearing a green dress and carrying a yellow backpack crossing a street .,a green dress,"149,172,240,462",a yellow backpack,"153,173,244,341",A dark-haired woman,"120,76,250,512",,,,,,,,,,
2235,158549,open_set,A boy wearing an arm cast lying in a hospital bed,A boy,"4,75,457,512",an arm,"53,161,283,333",a hospital bed,"1,2,512,512",,,,,,,,,,
2236,156054,open_set,A woman in a green vest leans back with her eyes closed and mouth open .,her eyes,"244,215,270,243",A woman,"180,173,512,512",a green vest,"248,307,512,512",,,,,,,,,,
2237,154641,open_set,A man wearing a helmet riding a black motorcycle,A man,"178,146,248,367",a helmet,"205,151,240,208",a black motorcycle,"111,175,321,408",,,,,,,,,,
2238,157494,open_set,"A man , low to the ground , rolls down a ramp on a skateboard .",A man,"238,84,341,164",a ramp,"4,88,382,232",a skateboard,"276,148,325,165",,,,,,,,,,
2239,158829,open_set,White child with a helmet on and cow vest .,a helmet,"189,21,363,200",cow vest,"143,177,412,512",White child,"147,27,410,512",,,,,,,,,,
2240,154118,open_set,The curly man wearing gloves is raking the grass .,The curly man,"214,106,370,438",the grass,"2,4,510,512",gloves,"218,338,276,446",,,,,,,,,,
2241,154189,open_set,Two people cower in a doorway and they are both wearing jeans .,jeans,"138,293,342,464",a doorway,"130,1,400,488",Two people,"143,133,346,472",,,,,,,,,,
2242,157148,open_set,Men standing around a car with a lamp behind them .,a car,"1,303,264,479",a lamp,"52,173,246,484",Men,"191,228,512,481",,,,,,,,,,
2243,154002,open_set,A person with an electric drill doing something to a toy animal .,A person,"1,1,378,512",a toy animal,"173,87,359,372",an electric drill,"292,146,376,397",,,,,,,,,,
2244,156422,open_set,Three men sitting behind a window ringed with green neon lights .,Three men,"168,112,372,331",a window,"74,20,419,341",green neon lights,"74,20,419,341",,,,,,,,,,
2245,158022,open_set,Two girls in black toss their guns in the air .,black,"8,238,416,507",their guns,"36,4,499,172",Two girls,"8,243,422,510",,,,,,,,,,
2246,155343,open_set,A woman wearing antiquated clothing including many pearls .,many pearls,"258,452,401,510",A woman,"1,3,508,512",antiquated clothing,"4,215,507,509",,,,,,,,,,
2247,155336,open_set,A woman in black vacuums the kitchen floor .,A woman,"143,81,299,440",the kitchen floor,"1,334,509,437",black vacuums,"17,212,512,512",,,,,,,,,,
2248,156333,open_set,A woman wearing a bathing suit points in a case as another looks on .,a case,"3,416,512,512",a bathing suit,"20,179,199,488",A woman,"17,155,354,499",,,,,,,,,,
2249,156181,open_set,Child laying next to a dog while looking at a phone .,Child,"1,76,375,420",a phone,"266,370,309,397",a dog,"309,196,466,387",,,,,,,,,,
2250,156958,open_set,A red race car with the number 56 is driving along a racetrack .,a racetrack,"1,277,510,512",the number 56,"259,256,320,323",A red race car,"28,161,498,377",,,,,,,,,,
2251,157696,open_set,A boy wearing blue walks across some rocks .,blue,"26,103,273,398",some rocks,"1,294,512,512",A boy,"19,30,304,400",,,,,,,,,,
2252,157024,open_set,two children are playing with a football on the grass .,two children,"34,144,324,436",the grass,"1,55,512,512",a football,"174,309,222,397",,,,,,,,,,
2253,157321,open_set,Three men stand together with two pairs of scales beside large heaps of fresh vegetables .,large heaps of fresh vegetables,"48,307,451,507",Three men,"3,20,512,505",two pairs of scales,"79,72,360,352",,,,,,,,,,
2254,154135,open_set,People in summer clothing racing down a snowy hill .,People,"3,102,404,388",summer clothing,"150,211,359,332",a snowy hill,"3,153,512,512",,,,,,,,,,
2255,154153,open_set,A man sitting on the floor holding a toy .,A man,"38,36,445,512",the floor,"1,224,512,487",a toy,"143,140,307,232",,,,,,,,,,
2256,156791,open_set,A girl walks her dog next to a colorful building .,A girl,"309,221,372,472",dog,"355,315,377,447",a colorful building,"1,2,420,410",,,,,,,,,,
2257,154150,open_set,A boy in an olive shirt is showing the bottom side of a blue stuffed animal .,an olive shirt,"126,111,393,312",A boy,"38,36,445,512",the bottom side of a blue stuffed animal,"143,140,307,232",,,,,,,,,,
2258,155369,open_set,dog sitting on owners lap sitting in front of computer,dog,"104,167,380,512",owners,"1,38,165,510",computer,"134,2,487,352",,,,,,,,,,
2259,157113,open_set,The woman is dressed in all white swinging a tennis racket .,all white,"215,137,450,318",The woman,"55,89,510,502",a tennis racket,"82,31,231,160",,,,,,,,,,
2260,156062,open_set,A woman wearing only socks floating towards an open dishwasher .,socks,"10,334,108,394",an open dishwasher,"304,189,510,347",A woman,"17,134,408,425",,,,,,,,,,
2261,158649,open_set,A man in a green jacket working on a car .,a car,"144,1,512,512",a green jacket,"2,154,334,472",A man,"4,113,355,512",,,,,,,,,,
2262,157442,open_set,A small dog lands on a big dog trying to get a disc .,a big dog,"101,47,405,361",A small dog,"101,47,405,361",a disc,"216,380,306,496",,,,,,,,,,
2263,155316,open_set,A child laying in the midst of stuffed toys and blankets .,A child,"12,53,452,458",the midst of stuffed toys,"133,1,459,512",blankets,"250,1,512,304",,,,,,,,,,
2264,156332,open_set,a boy wearing yellow reads a book .,yellow,"91,238,293,508",a book,"309,206,462,493",a boy,"43,43,302,508",,,,,,,,,,
2265,156617,open_set,Women are selling grains in a stall in an urban environment .,grains,"96,324,424,512",a stall,"195,1,512,512",Women,"366,282,458,480",,,,,,,,,,
2266,155976,open_set,Two people in blue shirts are outside with a bullhorn .,blue shirts,"128,198,393,512",Two people,"129,94,402,512",a bullhorn,"225,222,300,354",,,,,,,,,,
2267,156596,open_set,A person in a red jacket is pointing and exclaiming on a snowy hill-side,a red jacket,"271,225,453,510",a snowy hill-side,"4,129,510,512",A person,"239,226,449,512",,,,,,,,,,
2268,156755,open_set,A man speaking into a microphone by a drink banner .,a drink banner,"1,1,510,407",A man,"111,26,399,484",a microphone,"309,215,369,298",,,,,,,,,,
2269,157047,open_set,A woman exits Trader Joes with a cartful of bags .,a cartful of bags,"128,292,311,508",A woman,"76,189,224,459",Trader Joes,"1,34,512,273",,,,,,,,,,
2270,157845,open_set,A man in white and green is playing soccer on a field .,a field,"1,378,512,512",A man,"1,44,172,505",white and green,"176,167,261,383",,,,,,,,,,
2271,157603,open_set,A brown dog is running over an obstacle course with its mouth wide open .,its mouth wide open,"284,185,345,249",A brown dog,"67,112,409,478",an obstacle course,"120,339,468,512",,,,,,,,,,
2272,155190,open_set,Two young boys appear to be throwing rocks into a lake from the bank .,rocks,"68,109,221,413",a lake,"2,2,508,471",Two young boys,"67,129,437,458",,,,,,,,,,
2273,158304,open_set,A woman wearing a white dress is playing an instrument .,an instrument,"159,232,512,431",a white dress,"72,193,510,512",A woman,"64,66,512,512",,,,,,,,,,
2274,157131,open_set,A man in a jacket is standing on a bus .,A man,"179,152,358,503",a bus,"4,1,510,512",a jacket,"170,186,329,335",,,,,,,,,,
2275,158303,open_set,A beautiful young lady is sitting in a chair playing a musical instrument .,a musical instrument,"159,232,512,431",a chair,"6,285,335,512",A beautiful young lady,"64,66,512,512",,,,,,,,,,
2276,154235,open_set,A little girl in a pink having fun on the slides .,a pink,"223,258,283,357",the slides,"37,262,381,512",A little girl,"173,222,284,419",,,,,,,,,,
2277,155868,open_set,A man and woman are sitting on concrete stairs .,concrete stairs,"1,329,509,509",woman,"2,92,264,510",A man,"270,46,493,422",,,,,,,,,,
2278,156783,open_set,"An archer using the japanese style teachings aiming at his target , while wearing traditional japanese garb",An archer,"127,169,297,482",his target,"376,241,492,261",traditional japanese garb,"128,202,272,491",,,,,,,,,,
2279,156105,open_set,A woman with a blue shirt is reading to her son .,a blue shirt,"172,116,351,413",her son,"237,111,457,512",A woman,"22,13,356,512",,,,,,,,,,
2280,157145,open_set,A cop is reading over his paper next to the church .,his paper,"325,190,359,220",the church,"3,1,506,451",A cop,"277,102,355,437",,,,,,,,,,
2281,156489,open_set,A man is using a chainsaw to carve a wooden sculpture .,a chainsaw,"154,121,307,220",A man,"24,39,233,453",a wooden sculpture,"284,110,432,357",,,,,,,,,,
2282,157698,open_set,A man jumping off into water with mountains in the background .,water,"1,55,512,512",mountains,"2,3,510,61",A man,"222,192,366,337",,,,,,,,,,
2283,158421,open_set,A man dances with flags in the street in front of a group of onlookers .,A man,"18,77,442,377",a group of onlookers,"39,187,508,361",flags,"304,97,436,180",,,,,,,,,,
2284,154100,open_set,A man on a beach building a sand castle .,a sand castle,"98,126,303,476",a beach building,"100,148,309,436",A man,"278,61,499,346",,,,,,,,,,
2285,154769,open_set,Men wearing tutus sing and play guitars on stage .,guitars,"53,138,467,335",Men,"57,9,463,507",tutus,"185,71,467,445",,,,,,,,,,
2286,156571,open_set,a chubby puppy dog with its tail cutoff plays with a bag .,its tail cutoff,"77,184,124,248",a bag,"61,223,424,490",a chubby puppy dog,"23,2,395,512",,,,,,,,,,
2287,156367,open_set,"Two men , who are twins , are wearing matching black shirt and are about to fight .",twins,"29,14,496,512",Two men,"29,14,496,512",matching black shirt,"30,138,490,496",,,,,,,,,,
2288,157260,open_set,A woman with blond-hair is smiling and putting on a white sweater .,blond-hair,"106,48,451,185",a white sweater,"1,246,397,512",A woman,"1,46,512,512",,,,,,,,,,
2289,154601,open_set,Women in white and red dance as group .,white and red,"1,133,421,477",Women,"1,68,449,477",group,"121,68,449,445",,,,,,,,,,
2290,154562,open_set,A man wearing a peace sign on his shirt smiles .,a peace sign,"396,265,493,432",A man,"253,3,509,508",his shirt,"253,172,512,512",,,,,,,,,,
2291,154382,open_set,The boy with the flag is walking in the road .,the road,"1,433,510,512",The boy,"201,182,349,503",the flag,"94,127,314,485",,,,,,,,,,
2292,158497,open_set,The opposing basketball player is making a hook shot over the defender .,the defender,"258,112,510,510",a hook shot,"142,44,235,106",The opposing basketball player,"146,59,342,512",,,,,,,,,,
2293,155086,open_set,A man lying on a park bench with a bottle of alcohol next to him .,a bottle of alcohol,"270,337,304,415",a park bench,"62,159,408,406",A man,"170,218,353,319",,,,,,,,,,
2294,157959,open_set,A medical professional operating a microscope and viewed on a computer .,a microscope,"26,3,222,507",a computer,"168,38,308,235",A medical professional,"56,18,479,512",,,,,,,,,,
2295,154299,open_set,Three people are dancing in front of a man playing a guitar .,Three people,"4,64,503,512",a guitar,"86,308,188,404",a man,"81,196,202,512",,,,,,,,,,
2296,157626,open_set,A driver parks his BMW in the garage .,the garage,"142,4,420,322",A driver,"203,180,228,277",his BMW,"194,195,314,288",,,,,,,,,,
2297,157619,open_set,"One man , in a blue jacket , is sitting in the rain under a green umbrella .",a blue jacket,"318,211,444,346",One man,"237,157,440,425",a green umbrella,"212,53,491,387",,,,,,,,,,
2298,154642,open_set,A man rides a motorcycle in flip-flops .,A man,"178,146,248,367",a motorcycle,"111,175,321,408",flip-flops,"204,337,239,363",,,,,,,,,,
2299,158661,open_set,An airplane flying over a fence with a few bystanders watching it as it approaches its landing .,An airplane,"239,47,493,293",a few bystanders,"262,416,319,508",a fence,"148,384,481,501",,,,,,,,,,
2300,157881,open_set,A black dog is moving through a snowy field with an object in their mouth .,A black dog,"26,7,480,380",their mouth,"57,120,128,191",an object,"52,105,150,215",,,,,,,,,,
2301,156988,open_set,A little girl in a pink and white flowered dress and blue sweater swinging .,a pink and white flowered dress,"212,102,512,382",A little girl,"212,1,512,379",blue sweater,"207,95,448,253",,,,,,,,,,
2302,153929,open_set,A man jumping down a hill in a forested park .,a forested park,"1,1,512,512",a hill,"1,200,512,512",A man,"239,182,473,367",,,,,,,,,,
2303,155347,open_set,A woman in a blue t-shirt is looking down at a black ram .,a black ram,"257,305,420,512",a blue t-shirt,"1,117,154,383",A woman,"2,1,149,512",,,,,,,,,,
2304,156950,open_set,Woman in black poses near a pyramid fountain .,Woman,"73,251,160,440",black,"72,282,143,420",a pyramid fountain,"21,144,418,491",,,,,,,,,,
2305,156153,open_set,One girl is hugging another girl in front of an American flag .,an American flag,"1,1,512,480",another girl,"283,248,337,512",One girl,"288,230,412,512",,,,,,,,,,
2306,154654,open_set,A kid wearing a red outfit and sandals in the bed of a dirty pickup truck .,a red outfit,"113,142,316,433",sandals,"256,384,303,456",A kid,"81,50,315,484",,,,,,,,,,
2307,156641,open_set,"Two women wearing elegant , flowing dresses are dancing .",elegant,"38,34,510,496",flowing dresses,"41,47,454,486",Two women,"37,33,512,490",,,,,,,,,,
2308,155813,open_set,A little kid playing GameCube at McDonald 's .,GameCube,"1,27,356,512",McDonald,"1,27,356,512",A little kid,"267,184,441,512",,,,,,,,,,
2309,155139,open_set,Two people kiss on a street blindly-lit in bright white sun while several silhouetted pedestrians walk behind them .,several silhouetted pedestrians,"17,230,198,456",Two people,"215,232,335,512",a street,"1,374,507,512",,,,,,,,,,
2310,157807,open_set,A person in pink attempts to mount a horse .,a horse,"131,147,394,466",A person,"172,189,301,374",pink,"207,188,289,320",,,,,,,,,,
2311,158382,open_set,A young boy is dumping a bag of Lego 's onto a glass table .,a bag of Lego,"201,293,373,402",A young boy,"132,68,448,403",a glass table,"3,363,510,512",,,,,,,,,,
2312,155668,open_set,A lady on a hospital bed is holding a baby .,A lady,"103,101,512,510",a baby,"235,249,384,512",a hospital bed,"4,47,512,512",,,,,,,,,,
2313,156720,open_set,An Indian woman poses in ornate ceremonial clothing with an elaborate headpiece .,an elaborate headpiece,"172,32,320,218",An Indian woman,"124,34,429,510",ornate ceremonial clothing,"132,232,402,512",,,,,,,,,,
2314,158156,open_set,A person cleans up a mess in front of a stage .,a mess,"2,300,512,510",A person,"229,204,348,421",a stage,"72,1,444,322",,,,,,,,,,
2315,156836,open_set,A woman sits on a couch while eating a snack .,a snack,"195,295,297,406",A woman,"140,79,355,508",a couch,"48,208,512,512",,,,,,,,,,
2316,155383,open_set,A group of men wearing kilts throwing a long wooden stick .,a long wooden stick,"225,33,393,341",kilts,"88,377,137,441",A group of men,"198,329,241,476",,,,,,,,,,
2317,156204,open_set,Man falling off a blue surfboard in the ocean .,the ocean,"1,1,512,512",a blue surfboard,"270,9,315,246",Man,"225,10,327,227",,,,,,,,,,
2318,156987,open_set,The ladies in the purple jackets are playing the sax .,the sax,"228,224,397,430",The ladies,"199,180,451,512",the purple jackets,"196,235,447,439",,,,,,,,,,
2319,158451,open_set,A dark-skinned man is sitting on a chair while playing two drums .,a chair,"41,188,236,448",A dark-skinned man,"92,54,379,477",two drums,"295,250,499,472",,,,,,,,,,
2320,154381,open_set,A woman is walking with a boy who is holding a flag .,A woman,"290,73,413,469",a boy,"201,182,349,503",a flag,"94,127,314,485",,,,,,,,,,
2321,155526,open_set,An equestrian rider is on a horse jumping over a plane that is on the ground .,a plane,"3,193,512,435",a horse,"189,158,311,327",An equestrian rider,"237,133,278,287",,,,,,,,,,
2322,156772,open_set,A mother and children is fishing on a boardwalk at night .,children,"247,170,495,486",a boardwalk,"1,135,512,505",A mother,"106,115,234,489",,,,,,,,,,
2323,158490,open_set,Three women walk together down the street and past a graffiti covered building .,a graffiti covered building,"95,1,512,423",Three women,"100,190,375,445",the street,"1,274,512,512",,,,,,,,,,
2324,156245,open_set,A girl with dreadlocks standing in a pool,dreadlocks,"79,1,387,136",A girl,"5,2,476,508",a pool,"5,2,476,508",,,,,,,,,,
2325,158462,open_set,Boy in red vest and blue and white trunks on wakeboard .,red vest and blue and white trunks,"58,121,254,358",wakeboard,"172,386,310,488",Boy,"62,93,418,480",,,,,,,,,,
2326,156614,open_set,Spices and other goods are being put in display in what appears to be a local village shop .,a local village shop,"195,1,512,512",Spices,"263,438,431,512",other goods,"207,391,431,512",,,,,,,,,,
2327,156219,open_set,A man hanging from a rope washes the windows of a red brick building .,a rope,"410,2,467,512",A man,"386,53,451,177",the windows of a red brick building,"1,1,510,512",,,,,,,,,,
2328,155612,open_set,A dog surrounded by trees runs to catch a Frisbee .,trees,"1,1,509,327",a Frisbee,"154,186,202,258",A dog,"181,170,454,379",,,,,,,,,,
2329,154443,open_set,"The cowboy is struggling to stay on the horse inside of the bullpen as he goes around the red , white , and blue barrel .","the red , white , and blue barrel","331,319,436,488",The cowboy,"54,105,183,293",the horse,"27,118,208,450",,,,,,,,,,
2330,158667,open_set,"A man and a woman , both wearing sunglasses , look up into the sky .",a woman,"285,64,510,509",sunglasses,"124,91,401,165",A man,"1,62,270,512",,,,,,,,,,
2331,156134,open_set,A man in a hard hat is carting a rickshaw of bricks .,a hard hat,"275,79,338,153",a rickshaw of bricks,"1,200,309,512",A man,"179,87,331,512",,,,,,,,,,
2332,158488,open_set,An elderly man sitting on a bench while reading a book .,An elderly man,"73,39,262,417",a bench,"10,142,506,436",a book,"101,162,220,208",,,,,,,,,,
2333,157362,open_set,Two men shave their faces while a woman watches .,their faces,"2,57,389,316",Two men,"6,54,510,512",a woman,"320,184,498,359",,,,,,,,,,
2334,158731,open_set,A person standing next to an indoor pool while looking at the ocean outside .,the ocean outside,"2,420,512,468",A person,"187,408,222,465",an indoor pool,"1,458,512,512",,,,,,,,,,
2335,157019,open_set,A man in a tan jacket at the gas station pumping gas .,a tan jacket,"207,241,286,359",gas,"256,314,304,367",A man,"206,211,288,466",,,,,,,,,,
2336,158818,open_set,A blond woman in a gray sweatshirt is cutting with scissors .,A blond woman,"3,2,512,512",a gray sweatshirt,"1,82,476,510",scissors,"221,361,504,494",,,,,,,,,,
2337,153923,open_set,Man and young boy singing together using microphones .,microphones,"195,201,457,477",young boy,"8,76,292,509",Man,"181,4,512,448",,,,,,,,,,
2338,156892,open_set,An older man sits next to two armed guards on steps .,An older man,"10,144,112,425",steps,"1,221,329,458",two armed guards,"189,35,429,455",,,,,,,,,,
2339,156041,open_set,A woman in a pink sweater sitting on a couch .,a pink sweater,"273,167,427,300",A woman,"180,91,427,306",a couch,"75,129,512,467",,,,,,,,,,
2340,157749,open_set,A toddler in a red dress carries two Zara shopping bags .,two Zara shopping bags,"1,114,415,496",A toddler,"121,21,443,510",a red dress,"115,110,447,387",,,,,,,,,,
2341,155016,open_set,three boys sitting in sand getting splashed by wave,sand,"1,359,512,508",three boys,"137,305,315,452",wave,"3,1,512,464",,,,,,,,,,
2342,156387,open_set,A man in a sweater is cooking while his black and white cat sits next to him .,A man,"187,50,357,512",a sweater,"241,126,360,391",his black and white cat,"141,195,201,342",,,,,,,,,,
2343,156233,open_set,The skateboarder is jumping his board in the air while another skateboarder watches .,The skateboarder,"193,128,418,285",his board,"285,220,405,283",another skateboarder,"1,6,179,473",,,,,,,,,,
2344,154933,open_set,People are eating food while watching television .,People,"2,130,263,512",food,"109,246,300,461",television,"328,144,392,221",,,,,,,,,,
2345,158237,open_set,A black and brown dog runs in the grass while hanging its tongue out .,the grass,"1,1,512,508",A black and brown dog,"178,133,289,435",its tongue,"256,242,282,285",,,,,,,,,,
2346,156868,open_set,"A man is looking down at a huge camera that 's hanging around his neck , while two younger children look on .",A man,"86,121,220,512",two younger children,"197,99,450,512",a huge camera,"166,370,240,481",,,,,,,,,,
2347,157708,open_set,A man in a white jacket is on top of a roof sanding it down while standing on a wooden ledge .,a white jacket,"122,161,260,308",A man,"66,125,286,435",a wooden ledge,"1,363,306,502",,,,,,,,,,
2348,157596,open_set,A man is standing in front of a street stand with folded hands .,folded hands,"246,296,268,330",A man,"206,167,285,502",a street stand,"160,170,485,487",,,,,,,,,,
2349,154659,open_set,a lone bicyclist wearing a helmet jumping a graffitied concrete ramp .,a lone bicyclist,"3,129,335,309",a helmet,"101,123,168,168",a graffitied concrete ramp,"3,225,512,510",,,,,,,,,,
2350,158420,open_set,A man wearing black pants and a white long-sleeved shirt appears to be dancing in the middle of a street .,A man,"18,77,442,377",a white long-sleeved shirt,"18,111,418,252",black pants,"127,201,282,323",,,,,,,,,,
2351,157795,open_set,A young boy standing in front of a building holding a blue umbrella .,A young boy,"69,296,181,474",a building,"1,3,510,439",a blue umbrella,"3,250,197,354",,,,,,,,,,
2352,155085,open_set,A bottle of alcohol is sits next to a person sleeping on a bench .,a bench,"62,159,408,406",a person,"170,218,353,319",A bottle of alcohol,"270,337,304,415",,,,,,,,,,
2353,157539,open_set,Children on a city street are playing tug-of-war wile others look on .,Children,"8,99,509,465",a city street,"1,289,512,512",others,"71,1,508,362",,,,,,,,,,
2354,155252,open_set,A guy in white shirt and black pants is running .,black pants,"188,318,339,411",white shirt,"190,119,343,331",A guy,"128,37,405,512",,,,,,,,,,
2355,154374,open_set,Two people carrying groceries down a busy sidewalk .,a busy sidewalk,"1,271,512,512",groceries,"47,288,468,420",Two people,"76,194,447,455",,,,,,,,,,
2356,155584,open_set,A dancer with a bikini is holding a toddler .,a bikini,"21,108,481,499",A dancer,"22,34,478,425",a toddler,"198,7,432,305",,,,,,,,,,
2357,157684,open_set,Two women on green chairs are looking at a book .,a book,"321,137,402,198",Two women,"50,27,438,387",green chairs,"33,184,355,512",,,,,,,,,,
2358,154583,open_set,"A man on a skateboard waits at the corner of a city street , with an overpass in the background .",A man,"392,242,440,478",a skateboard,"404,468,435,493",an overpass,"1,138,299,215",,,,,,,,,,
2359,157606,open_set,"A dog descends a ramp , teeth bared .",A dog,"67,112,409,478",a ramp,"120,339,468,512",teeth,"290,192,335,246",,,,,,,,,,
2360,158586,open_set,A little blond boy in a Gap sweatshirt sits on a blue tractor .,a Gap sweatshirt,"228,213,358,372",A little blond boy,"232,156,356,507",a blue tractor,"3,153,510,512",,,,,,,,,,
2361,155327,open_set,A man wearing yellow riding a bike .,A man,"96,338,138,462",yellow,"98,350,136,409",a bike,"98,383,151,475",,,,,,,,,,
2362,155600,open_set,The yellow dog walks on the beach with a tennis ball in its mouth .,a tennis ball,"261,152,312,211",The yellow dog,"236,41,447,512",its mouth,"266,165,306,208",,,,,,,,,,
2363,157873,open_set,An innertube is being worked on a bicycle by a male and female .,An innertube,"1,137,358,512",a bicycle,"1,137,358,512",a male and female,"39,2,471,512",,,,,,,,,,
2364,154567,open_set,a man is driving a red ATV up a rugged hill .,a red ATV,"192,234,342,416",a rugged hill,"4,402,500,510",a man,"233,152,317,282",,,,,,,,,,
2365,157323,open_set,A man sells tropical fruit to two other men .,tropical fruit,"48,307,451,507",two other men,"189,20,512,505",A man,"3,21,176,444",,,,,,,,,,
2366,154577,open_set,Three men looking at a whole in the wall .,Three men,"12,185,327,512",a whole,"300,231,315,257",the wall,"225,4,512,501",,,,,,,,,,
2367,158130,open_set,a kid sliding down a slide while another kid looks on,a slide,"85,79,492,475",a kid,"200,17,429,410",another kid,"39,111,145,329",,,,,,,,,,
2368,158189,open_set,People in some type of amusement park ride while one person operates it .,one person,"191,365,278,510",People,"191,110,454,510",some type of amusement park ride,"7,95,509,509",,,,,,,,,,
2369,154540,open_set,Man cuddling with a child on an orange pillow .,a child,"80,133,350,394",Man,"79,72,505,454",an orange pillow,"96,1,512,244",,,,,,,,,,
2370,156647,open_set,A woman in a red shirt stands in front of a cow mural .,a red shirt,"187,180,305,363",a cow mural,"6,9,506,449",A woman,"184,120,324,512",,,,,,,,,,
2371,154137,open_set,A man in shorts skis down a hill .,shorts skis,"36,338,455,441",A man,"10,102,459,453",a hill,"3,153,512,512",,,,,,,,,,
2372,154389,open_set,"4 women , one child and a black and white dog sit outside at a social event .",one child,"264,106,360,275",a black and white dog,"30,313,253,510",4 women,"116,30,452,512",,,,,,,,,,
2373,156462,open_set,A shirtless man covered in red lipstick kisses waving a blue flag .,red lipstick kisses,"259,355,289,370",A shirtless man,"114,36,510,512",a blue flag,"164,1,512,184",,,,,,,,,,
2374,157296,open_set,A young girl with glasses sits and holds two American flags .,glasses,"209,143,394,189",A young girl,"46,3,512,512",two American flags,"1,231,509,512",,,,,,,,,,
2375,158463,open_set,A boy is wakeboarding on a lake with one hand .,a lake,"1,96,508,430",A boy,"62,93,418,480",one hand,"183,232,235,268",,,,,,,,,,
2376,156047,open_set,A man wearing a black shirt and baseball cap smiling .,baseball cap,"179,55,392,140",A man,"1,53,512,510",a black shirt,"3,212,508,461",,,,,,,,,,
2377,157871,open_set,Women puts on shoe while leaning against a storefront .,Women,"60,84,419,512",shoe,"244,363,408,436",a storefront,"1,1,512,512",,,,,,,,,,
2378,155664,open_set,Little girl in pink coat on a swing .,pink coat,"98,149,289,335",a swing,"72,4,512,336",Little girl,"45,114,369,509",,,,,,,,,,
2379,158479,open_set,A woman enjoying a meal at the leaning tower of pisa .,a meal,"276,424,378,467",the leaning tower of pisa,"12,1,338,447",A woman,"126,336,512,484",,,,,,,,,,
2380,154346,open_set,A group of smiling people sit around a man with a guitar .,a man,"166,114,282,417",a guitar,"198,185,242,282",A group of smiling people,"3,74,504,512",,,,,,,,,,
2381,157565,open_set,A small child wearing blue smiles as he stands behind a group of people .,A small child,"2,13,233,512",blue,"40,95,191,340",a group of people,"152,174,512,466",,,,,,,,,,
2382,156804,open_set,A man is showing off during a parade on top of a horse with a rope .,A man,"233,128,307,392",a horse,"139,203,362,512",a rope,"149,33,379,506",,,,,,,,,,
2383,158115,open_set,5 people in white lab coats are standing over 5 sheep,white lab coats,"282,161,342,298",5 sheep,"1,232,477,385",5 people,"27,107,448,372",,,,,,,,,,
2384,156483,open_set,An older man wearing a hat sits in front of various paintings .,a hat,"251,171,362,262",An older man,"231,173,499,512",various paintings,"1,1,460,479",,,,,,,,,,
2385,155230,open_set,Man in a blue shirt reading a book in a train station .,a blue shirt,"16,142,187,416",Man,"17,64,191,505",a book,"113,216,216,336",,,,,,,,,,
2386,155061,open_set,A blond-haired child stands near his bike on an unpaved road .,an unpaved road,"2,100,510,512",A blond-haired child,"114,66,214,510",his bike,"351,170,453,346",,,,,,,,,,
2387,155536,open_set,A woman is riding her bike past a water fountain display .,display,"1,267,464,427",A woman,"315,118,396,399",her bike,"311,222,391,459",,,,,,,,,,
2388,157860,open_set,A child in red and blue floaties looking down at the water .,A child,"137,48,401,478",red and blue floaties,"69,62,449,237",the water,"2,1,512,477",,,,,,,,,,
2389,155529,open_set,A person on a horse jumps over a broken down airplane .,a broken down airplane,"3,193,512,435",a horse,"189,158,311,327",A person,"237,133,278,287",,,,,,,,,,
2390,158302,open_set,"Woman wearing white , sitting in front of a stone wall , playing a string instrument .",a string instrument,"155,308,512,430",a stone wall,"1,1,510,512",Woman,"64,66,512,512",,,,,,,,,,
2391,154990,open_set,The blond woman crossing street has a golden purse over her shoulder .,a golden purse,"64,84,124,273",her shoulder,"77,77,124,145",The blond woman,"1,15,185,499",,,,,,,,,,
2392,158805,open_set,Person trying to dig something out of the ground wearing a blue sweater and hood .,a blue sweater,"1,1,207,274",Person,"1,1,274,291",hood,"4,1,207,272",,,,,,,,,,
2393,155128,open_set,A person grinding a ledge on a skateboard .,A person,"46,195,148,477",a ledge,"3,391,115,508",a skateboard,"81,390,140,500",,,,,,,,,,
2394,153904,open_set,A group of people climbing a rock while one man belays,A group of people,"249,104,393,464",one man,"113,309,278,512",a rock,"1,55,512,512",,,,,,,,,,
2395,157235,open_set,On a bright and sonny day a man with blue trunks and white and blue shirt appears to be preparing to take a canoe ride,blue trunks,"367,211,379,243",white and blue shirt,"335,207,367,266",a man,"299,230,339,260",,,,,,,,,,
2396,155036,open_set,A worker cleans a stairway under the supervision of his co-worker .,A worker,"96,45,245,295",the supervision of his co-worker,"289,74,413,319",a stairway,"4,266,508,512",,,,,,,,,,
2397,156676,open_set,Three people are jumping over a boy laying down on the floor .,a boy,"97,369,336,510",the floor,"1,226,512,510",Three people,"62,1,449,510",,,,,,,,,,
2398,156493,open_set,A man is checking his blue sneakers next to two men having a conversation .,two men,"179,49,465,465",his blue sneakers,"321,213,424,459",A man,"179,49,417,465",,,,,,,,,,
2399,158556,open_set,A family gathers for a photo after a wedding where the bridal party wears red capes,red capes,"77,149,358,477",the bridal party,"75,128,359,480",A family,"39,84,504,483",,,,,,,,,,
2400,155431,open_set,The little boy walks along the railroad tracks with his stick .,The little boy,"111,267,175,435",his stick,"159,316,172,417",the railroad tracks,"1,245,471,512",,,,,,,,,,
2401,158137,open_set,man jumping over a small stone wall in front of a group of people,a group of people,"65,198,251,330",man,"193,121,321,315",a small stone wall,"45,315,510,507",,,,,,,,,,
2402,154089,open_set,A woman with a tattoo on her back shops at a flea market .,a tattoo,"156,200,324,342",her back shops,"153,195,321,441",A woman,"107,11,395,512",,,,,,,,,,
2403,155955,open_set,A man and women in white shirts make sporadic movements .,white shirts,"142,187,512,512",women,"135,116,301,510",A man,"308,98,509,504",,,,,,,,,,
2404,158217,open_set,"A large group of men , women , and children gather on a lawn for a concert .",women,"102,163,510,499",A large group of men,"144,169,478,456",children,"4,64,496,465",,,,,,,,,,
2405,157374,open_set,A woman in a blue blouse is doing some sort of exercise on the back of a vehicle .,the back of a vehicle,"295,165,510,390",a blue blouse,"253,176,351,301",A woman,"163,177,411,487",,,,,,,,,,
2406,155990,open_set,A little blond girl dressed in pink holds a toy .,pink,"130,130,512,512",a toy,"215,401,364,507",A little blond girl,"67,2,512,512",,,,,,,,,,
2407,154433,open_set,A boy rides a Segway scooter through a crowded city plaza .,a Segway scooter,"136,193,391,509",A boy,"185,38,393,450",a crowded city plaza,"1,2,512,510",,,,,,,,,,
2408,155348,open_set,A woman in a blue hiking shirt looking at a black ram .,a black ram,"257,305,420,512",a blue hiking shirt,"1,117,154,383",A woman,"2,1,149,512",,,,,,,,,,
2409,154318,open_set,A black and brown dog runs through the snow next to some trees .,some trees,"1,3,512,342",the snow,"2,283,512,512",A black and brown dog,"60,24,329,499",,,,,,,,,,
2410,154022,open_set,a young girl wearing a bulky red life jacket floating in a lake .,a young girl,"3,19,509,510",a lake,"3,19,509,510",a bulky red life jacket,"129,90,412,260",,,,,,,,,,
2411,155599,open_set,"An escalator with many people on it , leading out of a tunnel .",An escalator,"3,120,494,494",many people,"3,131,388,491",a tunnel,"1,1,512,510",,,,,,,,,,
2412,156584,open_set,Two women wearing hats covered in flowers are posing .,hats,"9,15,501,341",flowers,"11,21,510,212",Two women,"2,16,509,512",,,,,,,,,,
2413,156166,open_set,A girl in green walks down a city street .,green,"111,292,180,480",A girl,"108,233,195,498",a city street,"1,353,512,512",,,,,,,,,,
2414,154172,open_set,A little girl is blowing bubbles in a field .,bubbles,"239,183,269,211",A little girl,"61,20,428,512",a field,"4,1,509,512",,,,,,,,,,
2415,158676,open_set,Somebody is rappelling down a tall cliff with the sun and clouds in the sky .,Somebody,"162,167,232,247",the sun,"228,219,305,322",the sky,"1,1,345,512",,,,,,,,,,
2416,156626,open_set,A woman in black jacket is sitting on a maroon wooden sidewalk bench .,black jacket,"299,134,385,265",A woman,"293,72,466,436",a maroon wooden sidewalk bench,"222,119,485,461",,,,,,,,,,
2417,157250,open_set,One man is posing with arms outstretched and finger pointed while another stares from behind him .,arms,"194,215,510,512",finger,"245,299,283,361",One man,"161,15,510,510",,,,,,,,,,
2418,157287,open_set,A man works on a microscope while at least four others observe and one videotapes it .,a microscope,"199,153,318,481",A man,"165,21,346,479",at least four others,"356,3,486,439",,,,,,,,,,
2419,158735,open_set,A photographer carefully sets up his camera on a tripod and prepares to take the shot amidst the scenic background .,his camera,"252,12,360,155",a tripod,"114,89,420,510",A photographer,"116,26,461,486",,,,,,,,,,
2420,155508,open_set,A young boy is looking at a man painted in all gold .,all gold,"235,12,490,472",A young boy,"57,278,119,496",a man,"338,15,411,368",,,,,,,,,,
2421,154975,open_set,White Man with gray beard playing acoustic guitar against a white tiled background .,White Man,"1,204,293,512",acoustic guitar,"3,325,369,512",gray beard,"118,224,196,378",,,,,,,,,,
2422,153993,open_set,An aproned clay-worker throws a pot and forms it on a potter 's wheel .,An aproned clay-worker,"87,82,510,508",a pot,"111,217,281,289",a potter 's wheel,"109,268,292,335",,,,,,,,,,
2423,157198,open_set,"Four men , two in work cloths , are relaxing and taking a rest break .",two,"72,15,466,446",work cloths,"67,56,463,441",Four men,"72,15,505,446",,,,,,,,,,
2424,158411,open_set,A white dog emerges from a yellow tube on an obstacle course .,A white dog,"146,162,307,410",a yellow tube,"2,81,263,401",an obstacle course,"2,81,263,401",,,,,,,,,,
2425,156858,open_set,Two people wearing helmets riding in a four wheeler along next to the ocean .,helmets,"165,202,268,251",Two people,"107,203,276,408",a four wheeler,"2,146,398,502",,,,,,,,,,
2426,154430,open_set,A police officer in his uniform wearing an ear piece .,his uniform,"1,258,299,512",an ear piece,"143,183,259,452",A police officer,"2,1,357,509",,,,,,,,,,
2427,156752,open_set,A woman is holding a crying child dressed in pink .,pink,"40,49,302,510",a crying child,"33,43,312,511",A woman,"278,5,510,510",,,,,,,,,,
2428,155488,open_set,Girl atop horse that is chasing a small longhorn .,Girl,"188,135,236,307",horse,"137,173,321,376",a small longhorn,"344,259,446,388",,,,,,,,,,
2429,156869,open_set,A man and two children look at the image on a camera .,A man,"86,121,220,512",two children,"197,99,450,512",a camera,"166,370,240,481",,,,,,,,,,
2430,157141,open_set,A well-dressed man is holding a saxophone and walking in front of a piano .,a piano,"15,110,441,385",A well-dressed man,"220,64,387,404",a saxophone,"252,106,363,224",,,,,,,,,,
2431,155805,open_set,Three women wearing sleeveless shirts are busy working on something .,sleeveless shirts,"1,90,510,512",Three women,"1,1,512,512",something,"194,324,272,400",,,,,,,,,,
2432,156270,open_set,"A man , lying on the grass , hand outstretched to another arm .",hand,"216,136,369,427",A man,"2,42,452,436",another arm,"1,228,226,413",,,,,,,,,,
2433,156013,open_set,A lady with a black bag is walking in the rain with her blue umbrella .,A lady,"169,55,323,512",a black bag,"288,295,371,510",her blue umbrella,"107,9,367,335",,,,,,,,,,
2434,154591,open_set,A woman watches a man recieving a gift .,a man,"224,159,445,512",A woman,"10,185,246,512",a gift,"337,410,512,512",,,,,,,,,,
2435,156230,open_set,An Indonesian child selling his wares on the street .,his wares,"177,226,334,292",the street,"3,427,501,510",An Indonesian child,"114,166,162,456",,,,,,,,,,
2436,157550,open_set,A man and a woman talk to each other across a desk .,a desk,"264,279,328,376",A man,"222,245,294,379",a woman,"305,243,353,380",,,,,,,,,,
2437,158292,open_set,A group of people sitting in an ornate church are focused on a clergyman speaking into a microphone .,A group of people,"1,159,510,512",a microphone,"477,193,485,211",a clergyman,"467,163,509,364",,,,,,,,,,
2438,156806,open_set,A man in a parade rides a brown horse and works a lariat rope .,A man,"233,128,307,392",a brown horse,"139,203,362,512",a lariat rope,"149,33,379,506",,,,,,,,,,
2439,154248,open_set,"A woman sits with a child , reading a big blue book .",a big blue book,"228,323,507,469",a child,"271,131,425,512",A woman,"216,1,435,512",,,,,,,,,,
2440,155728,open_set,Men at a gathering together wearing orange berets .,a gathering,"2,171,485,512",Men,"2,171,485,512",orange berets,"1,156,451,368",,,,,,,,,,
2441,156665,open_set,A man in a T-shirt is playing chess .,a T-shirt,"3,77,450,257",A man,"1,1,448,331",chess,"1,260,512,512",,,,,,,,,,
2442,156861,open_set,Two men in a black in red vehicle on the beach .,Two men,"107,203,276,408",red vehicle,"2,146,398,502",a black,"2,146,398,502",,,,,,,,,,
2443,157206,open_set,A young Asian man sits with his skateboard on his lap .,his lap,"231,295,380,327",A young Asian man,"178,21,512,458",his skateboard,"131,281,475,351",,,,,,,,,,
2444,158504,open_set,A man lays in the sand next to a cow .,a cow,"1,1,311,401",A man,"258,146,512,380",the sand,"1,1,512,510",,,,,,,,,,
2445,156646,open_set,A woman in a red shirt is standing in front of a cow painting .,a red shirt,"187,180,305,363",a cow painting,"6,9,506,449",A woman,"184,120,324,512",,,,,,,,,,
2446,158081,open_set,A baby with red hat sits in his stroller .,A baby,"30,116,475,506",his stroller,"4,5,512,497",red hat,"216,109,486,290",,,,,,,,,,
2447,156567,open_set,"A skier in a green helmet is skiing in the fluffy , white snow .","the fluffy , white snow","1,304,512,512",A skier,"156,256,334,451",a green helmet,"169,253,207,305",,,,,,,,,,
2448,155042,open_set,A man wearing lots of plaid riding a bike through the streets,A man,"77,201,188,494",lots of plaid,"89,245,183,466",the streets,"126,215,186,304",a bike,"73,328,212,501",,,,,,,,
2449,158816,open_set,A woman wearing glasses is trimming her nails with a pair of scissors .,her nails,"325,461,448,512",A woman,"3,2,512,512",a pair of scissors,"221,361,504,494",glasses,"141,97,378,186",,,,,,,,
2450,154359,open_set,"A young woman , with blue hair and large boots , is standing near a man in the subway .",large boots,"248,327,321,464",A young woman,"252,29,349,456",a man,"314,138,442,505",blue hair,"280,23,330,178",,,,,,,,
2451,154289,open_set,A tattooed woman with a green dress and yellow backpack holding a water bottle is walking across the street .,a green dress,"149,172,240,462",a water bottle,"91,379,145,501",yellow backpack,"153,173,244,341",A tattooed woman,"120,76,250,512",,,,,,,,
2452,157899,open_set,A man in a gray shirt with crazy hair playing the drums .,the drums,"1,250,355,512",crazy hair,"204,43,366,255",A man,"203,43,510,512",a gray shirt,"314,129,510,508",,,,,,,,
2453,158480,open_set,A man is riding an elephant while another person is touching the elephant 's head .,an elephant,"25,110,445,512",the elephant 's head,"99,141,443,501",A man,"117,1,227,184",another person,"229,3,363,295",,,,,,,,
2454,154078,open_set,A woman in a blue dress is standing with her hand on her hip .,A woman,"3,4,512,512",her hip,"124,304,390,359",her hand,"87,317,225,386",a blue dress,"105,215,403,506",,,,,,,,
2455,155445,open_set,two women walk down some stairs with intricate designs on the railings,two women,"336,53,378,212",some stairs,"160,6,510,418",intricate designs,"129,89,512,512",the railings,"129,89,512,512",,,,,,,,
2456,157791,open_set,A man and woman are holding a fishing pole in front of a body of water .,A man,"241,38,450,510",woman,"75,90,272,510",a fishing pole,"53,1,276,430",a body of water,"1,176,510,510",,,,,,,,
2457,155961,open_set,The dog jumps over the log with a stick in its mouth .,its mouth,"220,157,281,229",The dog,"164,72,300,437",the log,"1,291,512,419",a stick,"1,291,512,419",,,,,,,,
2458,158663,open_set,People watch as a plane flies over their heads at an airfield .,their heads,"206,416,312,452",a plane,"239,47,493,293",an airfield,"1,441,512,505",People,"77,416,319,508",,,,,,,,
2459,158486,open_set,A man with parted hair and wearing glasses is seated outdoors on a bench where he is reading .,A man,"73,39,262,417",a bench,"10,142,506,436",parted hair,"142,39,202,82",glasses,"145,74,202,107",,,,,,,,
2460,156141,open_set,"Person holding an orange , over a bowl with rice .",an orange,"211,233,320,329",a bowl,"160,173,509,510",Person,"3,4,336,512",rice,"306,294,445,425",,,,,,,,
2461,154268,open_set,A policeman wearing a neon green vest has a whistle in his mouth while directing traffic .,a neon green vest,"175,126,392,417",a whistle,"202,115,229,139",his mouth,"212,118,237,134",A policeman,"9,7,503,512",,,,,,,,
2462,156533,open_set,A man in a white shirt and a black baseball cap reaching up to a sign on a brick wall .,a white shirt,"125,272,188,386",a sign,"208,74,400,277",A man,"129,237,210,477",a black baseball cap,"125,265,164,301",,,,,,,,
2463,157738,open_set,a man in red shorts is walking along rocks by a river carrying a stick .,rocks,"1,247,507,472",a stick,"190,149,283,222",red shorts,"269,214,351,291",a man,"190,69,380,398",,,,,,,,
2464,155239,open_set,Brown dog barks at another brown dog with a stuffed duck in mouth .,mouth,"37,252,81,324",another brown dog,"41,149,512,512",a stuffed duck,"2,230,67,459",Brown dog barks,"257,149,512,488",,,,,,,,
2465,156986,open_set,"Two women , in blue jackets and jeans , are playing saxophones .",saxophones,"228,224,397,430",Two women,"199,180,451,512",blue jackets,"196,235,447,439",jeans,"229,372,424,512",,,,,,,,
2466,155282,open_set,Man looking on as child holds up plastic cane full of candy .,plastic cane,"180,188,207,405",candy,"180,188,207,405",Man,"3,2,153,512",as child,"176,131,364,512",,,,,,,,
2467,155677,open_set,A skateboarder with a red hat and green shirt sitting on a skateboard watching other skaters .,A skateboarder,"83,6,444,482",green shirt,"281,122,453,481",a skateboard,"121,398,440,505",a red hat,"300,6,398,143",,,,,,,,
2468,157178,open_set,"Three young men , one of which is wearing a white hat , are huddled together around bicycles on a wooden platform .",bicycles,"180,79,435,358",a white hat,"238,1,339,36",a wooden platform,"2,29,512,512",Three young men,"4,1,512,512",,,,,,,,
2469,156704,open_set,A young man has a cigarette in his mouth and is wearing a nun 's habit .,A young man,"132,19,511,508",a nun 's habit,"157,18,511,485",his mouth,"144,265,189,306",a cigarette,"77,275,158,290",,,,,,,,
2470,154765,open_set,A man at a podium is speaking to a group of men at a conference .,A man,"393,90,509,220",a group of men,"340,90,510,510",a conference,"2,3,512,512",a podium,"400,211,510,454",,,,,,,,
2471,158438,open_set,A woman wearing all black and carrying a black bag on sidewalk,A woman,"79,14,374,461",sidewalk,"2,237,512,512",all black,"106,17,330,421",a black bag,"216,76,370,299",,,,,,,,
2472,156800,open_set,"One kid by the pool with him holding a skimmer , which is inside the pool .",One kid,"245,24,499,322",a skimmer,"3,190,274,502",the pool,"1,335,373,512",the pool,"1,335,373,512",,,,,,,,
2473,155442,open_set,"A golf team dressed in orange , watch as one of their players swing the club .",the club,"237,131,316,272",one of their players,"228,210,318,469",orange,"233,259,285,352",A golf team,"133,212,512,469",,,,,,,,
2474,158516,open_set,A woman in a hat is either selling or buying bread that is stacked in two different woven baskets .,bread,"25,105,503,332",a hat,"210,13,354,121",A woman,"203,16,356,205",two different woven baskets,"12,275,476,512",,,,,,,,
2475,155571,open_set,"19 young girls , wearing the same athletic uniform , sit next to each other on a bench facing a running track .",a running track,"1,346,509,512",the same athletic uniform,"28,301,480,439",a bench,"1,376,510,427",19 young girls,"17,275,490,437",,,,,,,,
2476,157492,open_set,A man is skateboarding on asphalt while the sun beams over a wall .,asphalt,"1,406,512,512",A man,"268,120,384,469",a wall,"2,27,510,460",the sun,"219,6,371,72",,,,,,,,
2477,156896,open_set,A man with long hair and a beard is strumming a guitar .,a guitar,"1,256,499,512",long hair,"13,3,402,155",a beard,"221,97,346,243",A man,"4,3,510,510",,,,,,,,
2478,154122,open_set,A man in a dark green jacket is hitching a black horse to a black pole .,a dark green jacket,"74,221,218,510",A man,"72,171,225,512",a black horse,"134,77,512,508",a black pole,"203,259,454,510",,,,,,,,
2479,155064,open_set,"A blond woman speaks at a podium labeled "" Holiday Stars Project "" in front of a blue wall that says "" University of Illinois Springfield "" .",a podium,"3,244,512,510",Holiday Stars Project,"108,273,472,445",a blue wall,"4,2,512,278",A blond woman,"24,34,404,275",,,,,,,,
2480,157929,open_set,Young woman in gray shirt and cream sweater eats a hotdog .,a hotdog,"195,344,222,384",Young woman,"75,109,276,482",cream sweater,"74,250,273,476",gray shirt,"159,309,229,472",,,,,,,,
2481,155080,open_set,A dog holding a ring in his mouth is standing in a small river .,a small river,"4,98,297,512",his mouth,"239,305,260,327",a ring,"241,307,268,342",A dog,"115,263,262,372",,,,,,,,
2482,156278,open_set,A blond girl in a yellow shirt with blue flowers is covering her face .,blue flowers,"180,397,417,507",a yellow shirt,"119,349,480,512",A blond girl,"116,104,512,510",her face,"198,137,339,329",,,,,,,,
2483,157748,open_set,A little girl in a red dress and white hat holding two ZARA blue bags .,white hat,"202,15,376,115",two ZARA blue bags,"1,114,415,496",A little girl,"121,21,443,510",a red dress,"115,110,447,387",,,,,,,,
2484,154977,open_set,An older man sitting against a call with a guitar in his hands .,his hands,"3,267,269,427",a call,"2,6,512,507",An older man,"1,204,293,512",a guitar,"3,325,369,512",,,,,,,,
2485,155794,open_set,"A man is working on a project with wood , a tool , and a wheel .",A man,"12,32,512,493",a tool,"35,123,274,398",wood,"19,281,297,413",a wheel,"266,370,398,473",,,,,,,,
2486,155129,open_set,A person wearing a hat riding in a red car and looking out the window,a hat,"214,167,247,202",A person,"201,159,267,256",the window,"176,162,293,251",a red car,"55,128,492,470",,,,,,,,
2487,156355,open_set,A man with a striped shirt and glasses speaks into a microphone .,A man,"204,118,466,512",a microphone,"305,164,359,222",a striped shirt,"233,184,462,370",glasses,"315,140,380,164",,,,,,,,
2488,154270,open_set,A policeman wearing a green vest blows his whistle and moves his arms .,a green vest,"175,126,392,417",his arms,"2,136,502,466",his whistle,"202,115,229,139",A policeman,"9,7,503,512",,,,,,,,
2489,154458,open_set,A man selling colorfully patterned rugs enjoys a drink from a coffee cup on a sunny day .,colorfully patterned rugs,"1,1,512,511",a coffee cup,"164,302,188,329",a drink,"164,302,188,329",A man,"86,181,227,371",,,,,,,,
2490,154680,open_set,A golfer wearing a blue and black jacket and black pants swings his golf club .,a blue and black jacket,"44,199,173,302",A golfer,"46,191,178,381",black pants,"285,273,370,405",his golf club,"43,146,182,203",,,,,,,,
2491,154018,open_set,A man is standing at a podium with a microphone in front of his face .,a podium,"134,317,354,512",A man,"185,178,331,371",his face,"229,206,266,283",a microphone,"242,252,262,296",,,,,,,,
2492,157223,open_set,Two people in hard hats and safety vests working with cable in a grassy area .,safety vests,"240,131,264,156",hard hats,"245,124,268,168",Two people,"233,121,266,179",cable,"268,150,504,205",,,,,,,,
2493,155956,open_set,A man and a woman wearing white shirts in a wooded area .,a wooded area,"2,6,510,416",white shirts,"142,187,512,512",a woman,"135,116,301,510",A man,"308,98,509,504",,,,,,,,
2494,158583,open_set,A group of people sit on a lawn while one plays a guitar .,a guitar,"216,206,328,299",a lawn,"1,106,512,512",one,"220,165,343,327",A group of people,"72,34,512,434",,,,,,,,
2495,156818,open_set,A young girl with long brown hair and dressed in black athletic wear is running towards a soccer ball .,black athletic wear,"183,141,355,344",A young girl,"167,25,400,436",long brown hair,"236,29,384,117",a soccer ball,"96,380,198,459",,,,,,,,
2496,154255,open_set,A woman with a red hat is pulled by her dog on ice skates .,a red hat,"143,15,185,96",ice skates,"128,387,188,468",her dog,"283,280,462,442",A woman,"108,19,203,457",,,,,,,,
2497,154689,open_set,A little girl riding a skateboard while a boy swings a toy at her .,a skateboard,"78,436,299,510",a boy,"1,1,121,498",a toy,"95,215,289,356",A little girl,"101,52,287,473",,,,,,,,
2498,157415,open_set,Two people looking out over the ocean at a sunset with purple sky and waters .,Two people,"321,217,413,401",waters,"2,253,512,512",the ocean,"2,253,512,512",purple sky,"1,1,512,263",,,,,,,,
2499,158856,open_set,Two guys climbing a red ladder putting letters on a brown building .,a brown building,"1,1,510,512",Two guys,"184,99,512,451",letters,"56,83,331,153",a red ladder,"180,133,512,473",,,,,,,,
2500,157634,open_set,An older man with glasses and a white beard is walking along the sidewalk of a road .,the sidewalk of a road,"4,384,439,512",glasses,"194,118,247,159",An older man,"155,101,312,512",a white beard,"197,142,240,198",,,,,,,,
2501,157818,open_set,A dog is up on its backlegs trying OT catch a ball above its head .,A dog,"145,171,510,437",its head,"286,163,373,251",its backlegs,"255,378,437,458",a ball,"295,12,344,43",,,,,,,,
2502,158322,open_set,A person sits in a yellow kayak on the water with their little dog .,the water,"1,208,512,512",A person,"125,171,241,324",their little dog,"205,233,257,311",a yellow kayak,"94,275,483,485",,,,,,,,
2503,156985,open_set,"Two women , both in blue jackets and hats , are playing saxophones together .",saxophones,"228,224,397,430",Two women,"199,180,451,512",blue jackets,"196,235,447,439",hats,"209,182,440,255",,,,,,,,
2504,156639,open_set,A dancer in a green dress is twirling around and there is a dancer in a purple dress in the background .,a green dress,"41,47,454,486",a purple dress,"328,126,512,449",A dancer,"37,33,456,490",a dancer,"308,100,512,463",,,,,,,,
2505,154387,open_set,Two men walk through a city with words on the street .,words,"216,226,504,468",Two men,"104,36,303,379",a city,"3,34,512,510",the street,"3,34,512,510",,,,,,,,
2506,157461,open_set,A female woman has a basketball in her hands and a determined look on her face .,A female woman,"59,48,512,512",her hands,"113,150,273,279",her face,"256,49,419,168",a basketball,"1,375,184,512",,,,,,,,
2507,157230,open_set,An Asian man in a gray shirt is playing a small wind instrument made of wood .,a gray shirt,"237,216,512,512",a small wind instrument,"50,249,208,351",wood,"50,249,208,351",An Asian man,"27,15,512,512",,,,,,,,
2508,157238,open_set,"One man is bent on a pier , next to a kayak on the water .",a kayak,"211,263,371,371",One man,"311,195,395,280",a pier,"308,260,512,308",the water,"1,246,512,512",,,,,,,,
2509,155065,open_set,A woman in a suit is speaking at a podium at the University of Illinois at Springfield for a Holiday Stars Project .,a podium,"3,244,512,510",a Holiday Stars Project,"108,273,472,445",a suit,"22,143,398,272",A woman,"24,34,404,275",,,,,,,,
2510,155041,open_set,Person riding their bicycle on the street with a backpack on .,Person,"77,201,188,494",the street,"126,215,186,304",a backpack,"126,215,186,304",their bicycle,"73,328,212,501",,,,,,,,
2511,157991,open_set,A black woman wearing a blue hat and white t-shirt is standing at a snow cone stand .,a blue hat,"140,70,207,115",white t-shirt,"116,121,201,310",a snow cone stand,"181,149,386,302",A black woman,"115,72,238,512",,,,,,,,
2512,157100,open_set,Man and woman wearing black walk with arms around each other .,woman,"303,196,428,486",arms,"320,214,454,345",Man,"309,170,454,487",black,"300,190,437,488",,,,,,,,
2513,155960,open_set,The dog carries a stick and jumps over a log in the woods .,The dog,"164,72,300,437",the woods,"1,1,512,512",a stick,"1,291,512,419",a log,"1,291,512,419",,,,,,,,
2514,156497,open_set,Boy wearing rust colored shorts in mid leap into water while holding his nose .,his nose,"184,51,208,77",rust colored shorts,"163,212,235,333",Boy,"108,26,303,381",water,"1,102,512,512",,,,,,,,
2515,155307,open_set,Dog with tongue out looking up at a young boy with glasses,a young boy,"164,72,204,86",tongue,"215,155,261,177",glasses,"141,55,239,91",Dog,"209,157,510,474",,,,,,,,
2516,155456,open_set,The man in the blue shirt held a knife and got ready to cut the sheet cake .,a knife,"225,231,294,322",The man,"239,22,507,386",the sheet cake,"56,374,446,504",the blue shirt,"251,119,512,328",,,,,,,,
2517,156548,open_set,Two men handle a fishing net with a cloudy blue sky and concrete wall behind them .,Two men,"205,64,418,408",a cloudy blue sky,"1,2,512,335",a fishing net,"122,252,508,503",concrete wall,"41,218,512,421",,,,,,,,
2518,158253,open_set,Two construction workers holding signs interact on a street in front of a large truck .,a street,"1,286,512,512",Two construction workers,"282,90,490,439",signs interact,"391,73,453,167",a large truck,"239,1,512,365",,,,,,,,
2519,157270,open_set,A man wearing a white shirt is talking to a woman wearing a green blouse on the street,A man,"2,53,221,511",a white shirt,"2,195,219,510",a woman,"331,151,512,511",a green blouse,"359,420,500,509",,,,,,,,
2520,154174,open_set,A young woman leaps high into the air to spike a volleyball over a net while her teammate watches with anticipation .,A young woman,"120,103,422,315",anticipation,"120,103,422,315",her teammate,"3,232,166,512",a volleyball,"171,1,234,27",,,,,,,,
2521,156437,open_set,A man sitting on the left near a man walking along the side of a street with colorful buildings .,a man,"83,213,164,510",A man,"83,213,164,510",colorful buildings,"4,1,510,336",the side of a street,"74,288,285,512",,,,,,,,
2522,158443,open_set,Two rowers in yellow canoe approach six rowers in a longer white canoe .,Two rowers,"221,295,254,362",six rowers,"221,132,382,276",a longer white canoe,"182,133,403,313",yellow canoe approach,"219,265,260,396",,,,,,,,
2523,154845,open_set,Two children are sitting on hay in front of pumpkins and play witches .,witches,"129,15,428,308",Two children,"151,249,395,501",hay,"4,336,509,512",pumpkins,"6,266,480,373",,,,,,,,
2524,154585,open_set,A young man rides a skateboard down a town road with a yellow railing behind him .,a town road,"2,246,512,512",a yellow railing,"224,282,512,395",A young man,"392,242,440,478",a skateboard,"404,468,435,493",,,,,,,,
2525,157999,open_set,A man and a woman are standing behind an elderly man who is looking at a bush .,A man,"293,100,438,489",an elderly man,"103,191,342,463",a woman,"193,110,322,229",a bush,"1,205,243,465",,,,,,,,
2526,158851,open_set,A young boy with glasses and a blue sweatshirt holds a pumpkin that he picked from a pumpkin patch .,glasses,"179,137,237,167",A young boy,"165,106,325,512",a pumpkin,"203,240,306,353",a blue sweatshirt,"160,180,323,359",,,,,,,,
2527,154091,open_set,Three people cross the street while a crossing guard in an orange vest stops traffic .,the street,"3,253,512,512",a crossing guard,"397,116,482,361",an orange vest,"410,147,459,230",Three people,"111,149,402,476",,,,,,,,
2528,154079,open_set,A girl in a blue dress is standing with her hand on her hip .,A girl,"3,4,512,512",her hip,"124,304,390,359",her hand,"87,317,225,386",a blue dress,"105,215,403,506",,,,,,,,
2529,157325,open_set,A man in jeans climbed up a light pole to change the light bulb while the light is on .,jeans,"173,218,331,340",A man,"149,65,338,375",the light,"155,26,267,94",the light bulb,"158,37,242,77",,,,,,,,
2530,157938,open_set,Three girls are walking across a bridge covered with wood and surrounded by trees .,a bridge,"146,144,364,430",wood,"146,144,364,430",Three girls,"235,193,299,278",trees,"331,226,512,510",,,,,,,,
2531,158287,open_set,A little girl in a pink and white ski suit and red helmet skies sideways on the snow covered slope .,the snow covered slope,"1,229,512,508",a pink and white ski suit,"226,216,335,311",red helmet skies,"239,187,281,214",A little girl,"219,186,364,320",,,,,,,,
2532,155545,open_set,A butcher in a yellow shirt is looking at a slab of fish meat on a wooden butcher block .,A butcher,"151,78,365,362",a slab of fish meat,"160,305,373,369",a yellow shirt,"194,141,343,322",a wooden butcher block,"23,347,459,432",,,,,,,,
2533,155262,open_set,Adults wearing balloon hats are watching children play in a balloon castle .,a balloon castle,"148,7,391,392",balloon hats,"61,200,461,281",children,"183,225,442,432",Adults,"133,234,494,436",,,,,,,,
2534,156488,open_set,A man is using a small chainsaw to carve an owl from wood .,a small chainsaw,"154,121,307,220",an owl,"293,111,412,274",wood,"256,104,443,436",A man,"24,39,233,453",,,,,,,,
2535,155748,open_set,A man in a jumpsuit and hat tends to a large spool of rope .,A man,"222,43,462,512",a large spool of rope,"104,131,226,441",a jumpsuit,"305,136,457,512",hat,"348,47,428,128",,,,,,,,
2536,154310,open_set,A group of people in a wide range of colors jump for a photo on a dock aside a body of water .,A group of people,"114,173,434,381",a dock,"3,273,510,508",a body of water,"206,319,512,355",a wide range of colors,"114,173,421,372",,,,,,,,
2537,154345,open_set,A male in a red t-shirt plays a guitar in a room full of people .,a red t-shirt,"201,173,265,271",A male,"166,114,282,417",a guitar,"198,185,242,282",a room full of people,"3,74,504,512",,,,,,,,
2538,155446,open_set,people in red and pink walking down large steps,pink,"350,113,368,156",people,"336,53,378,212",red,"347,83,369,135",large steps,"160,6,510,418",,,,,,,,
2539,156897,open_set,A man with a beard and long hair plays the guitar .,the guitar,"1,256,499,512",long hair,"13,3,402,155",a beard,"221,97,346,243",A man,"4,3,510,510",,,,,,,,
2540,156193,open_set,"A person is sitting on a yellow picnic table with a water bottle , while a baby stroller sits beside her .",a water bottle,"386,365,405,409",a baby stroller,"1,361,127,494",a yellow picnic table,"242,364,511,512",A person,"277,296,362,457",,,,,,,,
2541,158321,open_set,A man with a black dog sitting in a yellow kayak on that is floating on calm water .,calm water,"1,208,512,512",A man,"125,171,241,324",a black dog,"200,233,246,318",a yellow kayak,"94,275,483,485",,,,,,,,
2542,158317,open_set,A boy in a long-sleeved shirt and long pants is on the beach .,the beach,"4,72,510,430",A boy,"200,217,318,512",long pants,"240,343,290,512",a long-sleeved shirt,"203,259,313,356",,,,,,,,
2543,157451,open_set,Group of children walking down sidewalk in front of wall tagged with spray paint .,sidewalk,"1,353,512,512",Group of children,"207,208,353,421",spray paint,"178,96,386,242",wall,"1,1,512,368",,,,,,,,
2544,154526,open_set,A brown dog jumps over hurdle with flames on each end .,hurdle,"4,356,464,512",A brown dog,"138,111,325,490",each end,"2,338,461,418",flames,"4,185,486,420",,,,,,,,
2545,155885,open_set,A man wearing a yellow helmet tries to climb a rock with his hands .,his hands,"118,212,374,504",a rock,"75,53,512,512",a yellow helmet,"125,218,252,321",A man,"6,208,371,505",,,,,,,,
2546,158182,open_set,A black-haired woman in yellow and orange is doing work near the water .,orange,"267,233,335,312",yellow,"262,222,339,308",A black-haired woman,"241,195,334,323",the water,"1,365,509,512",,,,,,,,
2547,155824,open_set,"A man in glasses holds a child against his chest outside in a public eating area , while they both look down at something out of frame .",glasses,"211,145,332,231",his chest,"299,329,366,512",a child,"167,124,303,512",A man,"214,5,509,510",,,,,,,,
2548,156334,open_set,A young woman in a bikini looking at something in a glass case .,something,"3,416,512,512",a glass case,"3,416,512,512",a bikini,"20,179,199,488",A young woman,"17,155,354,499",,,,,,,,
2549,155701,open_set,A man in black and white is holding a torch in front of a crowd .,a crowd,"67,415,366,512",a torch,"125,58,342,512",A man,"123,152,339,512",black and white,"124,210,319,404",,,,,,,,
2550,156711,open_set,A kid with his face painted is at the top of a concrete structure with asterisks carved inside .,A kid,"219,97,416,274",the top of a concrete structure,"265,251,510,512",asterisks,"283,302,361,457",his face,"236,129,284,171",,,,,,,,
2551,157530,open_set,A young girl dressed all in pink is standing on a fence and looking at a horse .,a horse,"295,263,401,393",A young girl,"117,24,312,485",pink,"134,91,311,392",a fence,"1,4,512,489",,,,,,,,
2552,156444,open_set,A girl in a swimsuit on the beach taking a drink .,a drink,"285,178,428,229",the beach,"1,218,510,512",A girl,"99,132,464,512",a swimsuit,"115,256,358,510",,,,,,,,
2553,153932,open_set,A clown in red plaid pants and a pink hat sits in front of a tent .,a tent,"224,2,510,337",a pink hat,"190,108,267,135",red plaid pants,"129,235,292,397",A clown,"93,105,502,487",,,,,,,,
2554,154198,open_set,"A group of asian women in sports attire , and one woman in the center is wearing a baseball cap .",sports attire,"93,96,472,510",a baseball cap,"240,96,376,225",one woman,"171,96,472,510",A group of asian women,"2,27,494,512",,,,,,,,
2555,158600,open_set,A man strolling down the sidewalk wearing a red shirt and jeans .,the sidewalk,"1,309,508,508",jeans,"181,242,422,449",a red shirt,"222,109,358,252",A man,"179,46,419,476",,,,,,,,
2556,155725,open_set,"Several men are wearing red caps , one stands apart from the others and looks towards the camera .",Several men,"2,171,485,512",one,"354,171,485,512",the others,"35,171,485,512",red caps,"1,156,451,368",,,,,,,,
2557,156976,open_set,A man in a lime green shirt waits for the subway while a woman films using her phone .,a lime green shirt,"202,198,335,453",her phone,"370,215,388,250",A man,"199,104,344,512",a woman,"66,199,163,510",,,,,,,,
2558,154959,open_set,A girl and a guy biking down a long strip of road with people jogging in the distance .,A girl,"52,267,78,347",a long strip of road,"2,162,427,509",a guy,"242,146,314,347",people,"52,259,343,347",,,,,,,,
2559,154459,open_set,A man is sitting on a bench with a cup of coffee looking at the hanging rugs .,a bench,"159,213,321,383",the hanging rugs,"1,1,512,511",a cup of coffee,"164,302,188,329",A man,"86,181,227,371",,,,,,,,
2560,157504,open_set,A man wearing a red t-shirt sweeps the sidewalk in front of a brick building .,a red t-shirt,"118,270,182,329",the sidewalk,"3,326,512,512",a brick building,"1,1,512,374",A man,"98,262,207,393",,,,,,,,
2561,154343,open_set,A boy in colorful pants plays guitar and laughs together with his friends .,A boy,"166,114,282,417",guitar,"198,185,242,282",colorful pants,"179,264,271,397",his friends,"3,74,504,512",,,,,,,,
2562,156702,open_set,Four men and a young boy are at a table set up for wood crafts .,Four men,"73,62,480,510",a table,"106,319,512,512",wood crafts,"423,271,492,342",a young boy,"245,226,370,424",,,,,,,,
2563,156328,open_set,A little boy with a yellow shirt is looking at a book someone is holding in front of him .,a yellow shirt,"91,238,293,508",a book,"309,206,462,493",A little boy,"43,43,302,508",someone,"2,3,395,512",,,,,,,,
2564,158677,open_set,A man is suspended midair from a rope as he climbs a mountain .,A man,"162,167,232,247",a mountain,"304,3,510,512",a rope,"187,1,268,198",midair,"1,1,345,512",,,,,,,,
2565,157521,open_set,A group a ladies are standing at a table looking at objects .,a ladies,"27,50,512,512",objects,"1,296,309,512",a table,"1,280,448,512",A group,"1,50,512,512",,,,,,,,
2566,156074,open_set,A brown dog persues a Frisbee across the grass as the thrower watches .,the thrower,"359,93,464,356",the grass,"2,343,512,512",A brown dog,"149,203,361,392",a Frisbee,"70,392,102,415",,,,,,,,
2567,156477,open_set,A girl stands outside of a blue and white home while a younger child sits on its stoop .,its stoop,"202,391,444,454",a younger child,"293,251,362,464",outside of a blue and white home,"2,6,512,450",A girl,"68,87,166,477",,,,,,,,
2568,156615,open_set,People in an outdoor market with colorful plastic containers filled with dried food .,dried food,"203,379,424,512",an outdoor market,"195,1,512,512",colorful plastic containers,"93,361,430,512",People,"1,43,503,512",,,,,,,,
2569,154383,open_set,"Two older men in business attire are walking in a city , text graffiti is visible on the sidewalk .",text graffiti,"216,226,504,468",business attire,"107,76,302,382",Two older men,"104,36,303,379",the sidewalk,"3,34,512,510",,,,,,,,
2570,153947,open_set,A man is playing a guitar for a little girl in a hospital .,a little girl,"1,333,115,512",a hospital,"1,4,512,508",A man,"218,39,512,512",a guitar,"218,39,512,512",,,,,,,,
2571,155177,open_set,"Two girls stand by a tree , one holds a bottle cap .",a tree,"270,1,507,512",one,"128,133,356,509",a bottle cap,"203,241,220,272",Two girls,"128,120,509,509",,,,,,,,
2572,154528,open_set,An Asian woman is sitting on a curb while wearing a hat with two fruit baskets attached to it .,An Asian woman,"220,133,357,475",a curb,"1,138,508,392",a hat,"220,72,322,153",two fruit baskets,"92,96,510,467",,,,,,,,
2573,157944,open_set,A guy wearing earmuffs and shooters glasses sites his rifle 's scope on a target .,A guy,"1,96,430,499",his rifle 's scope,"224,175,448,329",shooters glasses,"148,198,226,256",earmuffs,"104,112,208,281",,,,,,,,
2574,158627,open_set,"There are people in a museum , looking at wall panels and columns from antiquity .",people,"263,284,291,393",columns,"307,133,424,259",wall panels,"257,58,437,344",antiquity,"257,58,437,344",,,,,,,,
2575,156947,open_set,A man wearing sunglasses and a yellow hat is on a boat .,sunglasses,"236,227,291,252",a boat,"32,10,512,512",a yellow hat,"228,212,291,252",A man,"239,214,395,328",,,,,,,,
2576,156964,open_set,A man with a big white e on his shirt sings into a microphone on stage .,his shirt,"1,297,465,509",a big white e,"327,362,432,445",A man,"3,103,512,512",a microphone,"282,183,355,266",,,,,,,,
2577,155735,open_set,A woman wearing a green hooded sweatshirt picking food from the bin .,a green hooded sweatshirt,"199,6,507,449",A woman,"199,2,506,512",the bin,"222,393,497,512",food,"89,102,251,512",,,,,,,,
2578,154575,open_set,Two men and a child are using a ruler on a wall .,Two men,"172,185,346,396",a ruler,"299,185,320,257",a wall,"225,4,512,501",a child,"172,185,315,296",,,,,,,,
2579,155840,open_set,four goth looking people walking down a street with trees in the background,people,"43,122,435,512",trees,"1,4,512,508",four,"43,122,343,512",a street,"8,469,512,508",,,,,,,,
2580,155495,open_set,"A rock concert in progress , with the two musicians and a singer performing as jets of flame shoot up from the stage .",A rock concert,"1,3,508,430",jets of flame,"3,56,415,291",a singer,"250,249,296,407",the two musicians,"239,254,293,432",,,,,,,,
2581,154077,open_set,A woman in a blue dress stands with a bemused look on her face .,A woman,"3,4,512,512",a blue dress,"105,215,403,506",a bemused look,"211,56,315,158",her face,"211,56,315,158",,,,,,,,
2582,158367,open_set,Woman wearing brown shirt working with tools on a bike frame .,brown shirt,"321,124,510,512",Woman,"204,1,508,510",a bike frame,"1,2,296,457",tools,"100,172,297,450",,,,,,,,
2583,155879,open_set,A man in military fatigues is assisting another man who is lying on the ground in front of a row of parked cars .,A man,"343,86,443,461",military fatigues,"343,86,443,461",another man,"253,217,473,419",a row of parked cars,"1,12,512,148",,,,,,,,
2584,154812,open_set,A young boy is an orange shirt is outside holding a phone next to his ear .,a phone,"206,301,227,321",A young boy,"190,268,291,510",his ear,"245,290,266,309",an orange shirt,"185,318,293,399",,,,,,,,
2585,157300,open_set,A man in a uniform costume stands next to a man in a horro costume .,a uniform costume,"186,170,308,512",a horro costume,"186,170,308,512",A man,"185,169,308,512",a man,"185,169,308,512",,,,,,,,
2586,154373,open_set,A man and a woman walk down the street carrying groceries .,A man,"76,194,249,447",groceries,"262,283,462,364",the street,"1,271,512,512",a woman,"309,229,447,455",,,,,,,,
2587,157824,open_set,A blond girl with a graphic t-shirt wheeling a wheelbarrow across a lawn .,a wheelbarrow,"175,368,507,508",a graphic t-shirt,"123,191,341,375",a lawn,"1,443,281,512",A blond girl,"101,102,404,512",,,,,,,,
2588,157679,open_set,"There are two guys sitting around a table , both with beers in their hands .",their hands,"36,252,318,440",beers,"60,154,314,458",two guys,"1,50,510,512",a table,"44,381,370,512",,,,,,,,
2589,156885,open_set,One man in black clothing standing atop bricks and rubble .,rubble,"1,112,510,512",black clothing,"313,151,380,252",One man,"309,134,384,341",bricks,"73,261,510,512",,,,,,,,
2590,157480,open_set,A man in slacks walks on a sidewalk in front of brightly-painted buildings .,a sidewalk,"39,374,498,395",brightly-painted buildings,"243,1,492,382",slacks,"121,355,172,388",A man,"118,313,182,386",,,,,,,,
2591,158166,open_set,A young boy in a red shirt offers water to a sea turtle .,A young boy,"1,63,177,465",water,"137,407,188,472",a sea turtle,"165,364,393,512",a red shirt,"1,58,140,387",,,,,,,,
2592,155718,open_set,A little girl in a yellow dress points while she holds a ribbon and a flower .,A little girl,"97,47,433,512",a flower,"88,122,221,346",a ribbon,"359,417,482,512",a yellow dress,"178,188,374,510",,,,,,,,
2593,157831,open_set,"An old man , wearing a pink shirt and a brightly decorated vest , plays the clarinet .",An old man,"79,90,360,512",the clarinet,"179,221,219,512",a pink shirt,"80,193,355,512",a brightly decorated vest,"109,208,307,512",,,,,,,,
2594,156374,open_set,Woman sewing outside by a green fence with graffiti .,Woman,"165,30,338,488",graffiti,"2,1,512,217",a green fence,"1,1,510,424",outside,"1,326,450,512",,,,,,,,
2595,155120,open_set,"A person is walking along the beach , making footprints while holding their shoes .",A person,"200,46,326,407",footprints,"198,295,361,512",their shoes,"185,176,229,252",the beach,"1,178,512,510",,,,,,,,
2596,155040,open_set,A person wearing a blue and white coat rides a bicycle down the street .,A person,"77,201,188,494",the street,"126,215,186,304",a blue and white coat,"91,219,190,353",a bicycle,"73,328,212,501",,,,,,,,
2597,154944,open_set,People waiting to cross the street in front of a pharmacy with lit up sign .,the street,"1,413,510,512",People,"135,318,179,464",a pharmacy,"223,3,512,427",sign,"232,79,512,287",,,,,,,,
2598,155933,open_set,"Two young children , a boy and a girl , are walking down a wooden walkway through the woods .",a boy,"114,232,228,407",a girl,"129,188,196,290",a wooden walkway,"2,173,412,512",Two young children,"114,195,228,407",,,,,,,,
2599,153942,open_set,"A man , wearing a specs , is painting the picture of a boy in front of him as a few interested people look at his paintings .",a specs,"267,249,325,273",A man,"178,225,364,460",a few interested people,"121,124,512,508",his paintings,"1,113,315,370",,,,,,,,
2600,157943,open_set,"Man , wearing sunglasses and a blue shirt , stares intensely into the scope of a rifle .",Man,"1,96,430,499",sunglasses,"148,198,226,256",a blue shirt,"4,221,114,428",the scope of a rifle,"226,207,443,262",,,,,,,,
2601,158228,open_set,A construction worker watches as a tractor dumps rocks onto a track .,rocks,"326,183,512,468",a tractor,"256,99,508,222",a track,"3,278,510,461",A construction worker,"130,159,200,293",,,,,,,,
2602,154488,open_set,Two women wearing pink T-shirts and blue jeans converse outside clothing store .,outside clothing store,"1,3,232,486",blue jeans,"83,345,386,512",Two women,"80,176,391,512",pink T-shirts,"95,237,394,361",,,,,,,,
2603,155790,open_set,A team of rowers propel their boat forward with their paddles in the water .,their paddles,"130,132,352,433",their boat,"125,226,355,461",the water,"3,150,512,512",A team of rowers,"179,129,291,344",,,,,,,,
2604,155220,open_set,A small girl wearing denim overalls and a flowered skirt reaches out to pet a seated deer .,denim overalls,"259,98,464,409",a flowered skirt,"254,223,451,414",A small girl,"238,43,487,414",a seated deer,"26,238,434,509",,,,,,,,
2605,155647,open_set,Man holding a cup and toilet brush next to a urinal .,a cup,"267,186,318,235",Man,"12,6,512,512",toilet,"86,399,285,512",a urinal,"86,399,285,512",,,,,,,,
2606,155313,open_set,"A boy wearing a black shirt and khaki pants is laying down , and is surrounded by stuffed animals .",A boy,"12,53,452,458",stuffed animals,"133,1,459,512",a black shirt,"234,244,399,418",khaki pants,"72,90,245,385",,,,,,,,
2607,153907,open_set,Two children are playing with sand on a beach near the ocean .,a beach,"1,66,512,512",Two children,"51,38,313,432",sand,"1,178,512,510",the ocean,"1,4,510,170",,,,,,,,
2608,155590,open_set,A person in an orange coat prepares to throw a stick to a black dog .,an orange coat,"165,101,293,286",A person,"161,72,307,443",a black dog,"296,167,462,475",a stick,"253,23,290,173",,,,,,,,
2609,156396,open_set,A woman with a hair bun appears to be making cigars next to another woman .,another woman,"4,3,242,372",cigars,"123,414,173,438",A woman,"178,8,512,512",a hair bun,"320,8,396,68",,,,,,,,
2610,157670,open_set,"A female in blue is jumping over a hurdle , while two people photograph her .",A female,"125,41,456,410",blue,"134,41,457,402",a hurdle,"13,104,432,144",two people,"97,174,512,395",,,,,,,,
2611,155021,open_set,Two people are sitting around a tree and one man is posing by the tree .,a tree,"45,1,512,383",the tree,"45,1,512,383",one man,"148,215,234,390",Two people,"12,215,505,480",,,,,,,,
2612,158847,open_set,A man with a hat has a cat on his shoulder .,A man,"158,56,497,505",his shoulder,"172,329,264,421",a cat,"173,159,406,507",a hat,"331,76,434,177",,,,,,,,
2613,158034,open_set,A girl wearing sandals is writing in a notebook while sitting in a chair outside .,a notebook,"147,87,210,174",a chair outside,"8,72,343,491",A girl,"70,9,313,502",sandals,"70,276,133,502",,,,,,,,
2614,158569,open_set,A woman in black holds a baby in an orange blanket .,A woman,"129,82,288,512",a baby,"240,196,323,301",an orange blanket,"174,173,322,324",black,"139,161,288,512",,,,,,,,
2615,156923,open_set,A man on a bicycle jumping off a dirt ramp with one foot on the ground,a bicycle,"202,16,374,329",one foot,"211,398,240,441",a dirt ramp,"4,356,491,509",A man,"159,135,332,436",,,,,,,,
2616,158515,open_set,"A woman in an outdoor marketplace , wearing a large cone shaped hat , standing behind two large baskets containing loaves of bread .",loaves of bread,"25,105,503,332",a large cone shaped hat,"210,13,354,121",A woman,"203,16,356,205",two large baskets,"12,275,476,512",,,,,,,,
2617,158400,open_set,"A fairly large woman opens one side of a double swinging door , while a large man goes out the other side of the same door .",A fairly large woman,"171,220,251,512",a large man,"233,187,357,510",the other side of the same door,"77,1,185,508",one side of a double swinging door,"77,1,185,508",,,,,,,,
2618,158840,open_set,An older many in a navy blue polo shirt holds an infant wrapped in a blanket .,an infant,"147,203,377,512",a blanket,"147,203,377,512",An older many,"56,6,512,510",a navy blue polo shirt,"55,133,296,510",,,,,,,,
2619,157776,open_set,A group of men dressed in blue in Monk style robes kneeling and bowing on a wooden floor .,Monk style robes,"79,139,385,421",A group of men,"75,3,505,472",blue,"79,69,496,461",a wooden floor,"3,295,510,512",,,,,,,,
2620,158025,open_set,A woman with white hair is observing something while sitting at a desk .,white hair,"98,137,180,238",something,"124,99,411,371",A woman,"54,136,218,385",a desk,"1,365,512,512",,,,,,,,
2621,156576,open_set,A woman is being dipped by a man with a blue button up shirt while dancing .,A woman,"119,85,336,416",shirt,"163,50,413,347",a man,"142,40,430,476",a blue button,"142,40,430,476",,,,,,,,
2622,154361,open_set,Young man kneeling in front of a young girl who has blond-hair and blue stripes .,a young girl,"252,29,349,456",Young man,"314,138,442,505",blue stripes,"283,46,330,146",blond-hair,"277,19,343,150",,,,,,,,
2623,154727,open_set,"A Japanese woman , dressed in traditional Kimono and straw hat , stands in front of a store .",straw hat,"236,18,416,229",a store,"23,7,490,508",A Japanese woman,"175,7,496,512",traditional Kimono,"180,236,479,512",,,,,,,,
2624,156293,open_set,A teenage male goes urban surfing in a small body of water with a modified surfboard for a crowd of people with lush trees in the background .,a crowd of people,"1,237,512,368",urban surfing,"6,354,507,494",A teenage male,"70,57,323,356",a modified surfboard,"101,360,347,437",,,,,,,,
2625,154967,open_set,Person in a white shirt wearing a hat digging in the snow .,a hat,"189,143,238,221",a white shirt,"234,98,353,228",Person,"181,88,391,432",the snow,"2,2,509,512",,,,,,,,
2626,157253,open_set,The man in the black hat stands behind the man who is pointing his finger .,The man,"12,15,510,510",his finger,"245,299,283,361",the black hat,"102,122,184,246",the man,"161,15,510,510",,,,,,,,
2627,158636,open_set,A man stands behind a small shop surrounded by bright flowers and decorations .,A man,"192,161,269,387",bright flowers,"74,139,439,512",decorations,"74,139,439,512",a small shop,"16,1,440,507",,,,,,,,
2628,158535,open_set,A woman in a gray sweater talking to another woman in a black jacket .,A woman,"191,164,305,496",a black jacket,"305,179,443,359",a gray sweater,"192,211,303,355",another woman,"296,140,443,512",,,,,,,,
2629,157490,open_set,A guy with sunglasses stands on a skateboard in front of a circle design wall .,a skateboard,"270,409,317,480",A guy,"268,120,384,469",a circle design wall,"2,27,510,460",sunglasses,"311,135,342,158",,,,,,,,
2630,158842,open_set,A middle-aged man with red-hair and glasses holding an infant .,red-hair,"87,4,216,177",A middle-aged man,"56,6,512,510",an infant,"147,203,377,512",glasses,"129,107,231,191",,,,,,,,
2631,154651,open_set,A man sitting near a tent in the snow and ice .,the snow,"3,182,512,512",ice,"3,182,512,512",a tent,"124,238,373,318",A man,"30,230,313,471",,,,,,,,
2632,156190,open_set,A man in spandex maneuvers his bike over an obstacle .,spandex maneuvers,"192,81,364,345",an obstacle,"128,347,512,512",his bike,"92,199,400,403",A man,"166,76,367,345",,,,,,,,
2633,158620,open_set,A man is wearing a black mask and black clothing in a social setting .,black clothing,"169,256,443,512",a social setting,"2,3,512,512",A man,"169,33,446,508",a black mask,"252,24,416,269",,,,,,,,
2634,156801,open_set,A child is standing by a pool with a pole to clean out the pool .,A child,"245,24,499,322",a pole,"3,190,274,502",a pool,"1,335,373,512",the pool,"1,335,373,512",,,,,,,,
2635,154218,open_set,Three young men standing in a field behind a barbecue smiling each giving the two handed thumbs up sign,each,"117,107,405,494",Three young men,"112,103,405,494",a barbecue,"139,402,230,512",the two handed thumbs up sign,"126,196,392,274",,,,,,,,
2636,156482,open_set,An older man wearing a red western shirt and jeans sits in front of pieces of art .,An older man,"231,173,499,512",a red western shirt,"224,292,481,495",jeans,"231,453,364,512",pieces of art,"1,1,460,479",,,,,,,,
2637,157721,open_set,A woman is balancing a basket on her head at a beach .,A woman,"288,83,446,429",her head,"293,86,355,132",a basket,"262,11,392,96",a beach,"1,386,512,512",,,,,,,,
2638,156928,open_set,A man and a kid practicing martial arts with man other boys watching in front of a really old awesome building .,A man,"116,181,250,391",a kid,"88,209,454,376",man other boys,"230,189,274,343",a really old awesome building,"194,1,510,268",,,,,,,,
2639,158386,open_set,A man in a green t-shirt sitting reading a newspaper while vending bread,A man,"229,202,433,505",a green t-shirt,"229,284,368,413",a newspaper,"244,395,405,439",bread,"97,115,512,316",,,,,,,,
2640,158683,open_set,A man in a purple shirt in front of a woman in a yellow shirt .,a purple shirt,"269,418,405,512",a yellow shirt,"132,109,512,439",a woman,"128,27,510,441",A man,"111,244,508,508",,,,,,,,
2641,157891,open_set,A man in a gray sweatshirt is bending his leg over his head .,his leg,"210,25,347,389",A man,"146,60,464,512",his head,"278,147,380,296",a gray sweatshirt,"222,133,464,512",,,,,,,,
2642,157360,open_set,Two men shave their beards with razors as a woman watches .,razors,"278,222,318,279",their beards,"2,57,389,316",Two men,"6,54,510,512",a woman,"320,184,498,359",,,,,,,,
2643,155054,open_set,A woman pushes a child on a swing while another swinging child looks on .,another swinging child,"337,104,460,297",a child,"90,91,197,330",a swing,"7,2,190,264",A woman,"185,131,309,509",,,,,,,,
2644,155550,open_set,"Young gymnast holding onto a horizontal poll , with someone else holding her left arm .",left arm,"182,89,275,176",a horizontal poll,"3,70,512,130",Young gymnast,"7,82,352,463",someone,"1,102,247,508",,,,,,,,
2645,158465,open_set,A teenage boy in rides a hand-railing on a skateboard outside a columned brick building .,A teenage boy,"297,16,478,304",a hand-railing,"125,196,455,478",a skateboard,"353,279,455,321",a columned brick building,"1,4,487,512",,,,,,,,
2646,154245,open_set,"A man and a small boy watch their small , white dog catch a toy in the air .","their small , white dog","216,158,287,352",a toy,"200,175,233,250",A man,"325,98,503,508",a small boy,"108,242,165,458",,,,,,,,
2647,157317,open_set,A man wearing red stands in the snow and attempts to push over a very large tree .,the snow,"1,42,512,512",a very large tree,"3,3,310,441",A man,"268,176,429,418",red,"276,187,364,289",,,,,,,,
2648,157058,open_set,Man in a blue number 78 sports jersey walking down city street past a white SUV,Man,"101,190,243,422",a blue number,"140,223,202,260",78 sports jersey,"99,212,245,316",a white SUV,"370,275,512,394",,,,,,,,
2649,155356,open_set,A man in an orange vest and blue hat smiles next to a large piece of equipment .,A man,"1,96,195,512",a large piece of equipment,"169,262,512,512",blue hat,"130,84,202,157",an orange vest,"6,185,190,502",,,,,,,,
2650,157962,open_set,A woman in a lab suit operates a computer and microscope .,microscope,"26,3,222,507",a computer,"168,38,308,235",A woman,"56,18,479,512",a lab suit,"56,18,479,512",,,,,,,,
2651,156556,open_set,A woman with a white horse costume and helmet enjoys hanging around friends .,friends,"9,32,512,490",a white horse costume,"107,211,422,436",A woman,"113,93,395,512",helmet,"109,93,239,149",,,,,,,,
2652,157013,open_set,The child is wearing a blue hat and green jacket while walking through snow .,green jacket,"240,200,274,279",a blue hat,"240,178,265,206",snow,"3,197,512,512",The child,"237,182,289,348",,,,,,,,
2653,157870,open_set,A woman in a furry hat and black overcoat putting on her left shoe .,A woman,"60,84,419,512",her left shoe,"244,363,408,436",a furry hat,"102,81,260,208",black overcoat,"66,159,352,495",,,,,,,,
2654,155530,open_set,"Group outside of ice cream place , decorated with giant cone , two innertubes .",ice cream place,"20,38,398,377",two innertubes,"18,27,402,181",Group,"108,147,333,431",giant cone,"10,150,70,374",,,,,,,,
2655,155075,open_set,A shirtless man with a race placard on his butt is posing like a body-builder .,A shirtless man,"118,24,396,512",a body-builder,"118,24,396,512",a race placard,"294,346,344,434",his butt,"239,331,345,435",,,,,,,,
2656,156443,open_set,Girl in swimsuit drinking out of a green bottle by the shore .,a green bottle,"285,178,428,229",the shore,"1,218,510,512",Girl,"99,132,464,512",swimsuit,"115,256,358,510",,,,,,,,
2657,158441,open_set,"Two people in a yellow kayak are coming toward a larger , white kayak on open water .",Two people,"221,295,254,362",open water,"1,1,510,512","a larger , white kayak","182,133,403,313",a yellow kayak,"219,265,260,396",,,,,,,,
2658,154428,open_set,"A policeman wearing a black had and a bright , green shirt licks his lips .",a black had,"25,7,353,156","a bright , green shirt","1,258,299,512",his lips,"270,268,297,302",A policeman,"2,1,357,509",,,,,,,,
2659,158585,open_set,A toddler with blue jeans on is sitting on a tractor while holding on to the steering wheelie .,the steering wheelie,"160,150,304,286",A toddler,"232,156,356,507",a tractor,"3,153,510,512",blue jeans,"209,358,352,512",,,,,,,,
2660,154883,open_set,"Two males seem to be conversing while standing in front of a truck 's back , and behind a metal item , while four people stand around them .",four people,"2,195,509,512",Two males,"161,204,345,490",a truck 's back,"187,30,373,351",a metal item,"205,168,303,512",,,,,,,,
2661,156371,open_set,"A dark-haired woman sews a camouflage colored garment on a sidewalk , in front of a graffiti-covered fence .",A dark-haired woman,"165,30,338,488",a sidewalk,"1,326,450,512",a graffiti-covered fence,"1,1,510,424",a camouflage colored garment,"178,181,315,406",,,,,,,,
2662,156048,open_set,A boy in blue shorts running on a concrete surface while holding goggles .,blue shorts,"181,215,322,346",A boy,"132,9,350,492",a concrete surface,"4,300,512,509",goggles,"179,135,265,178",,,,,,,,
2663,155400,open_set,A girl wearing pink stands in a red doorway while a black bicycle rests nearby .,pink,"210,281,241,385",a red doorway,"109,184,316,393",a black bicycle,"310,325,449,470",A girl,"205,247,246,401",,,,,,,,
2664,154774,open_set,Two people in heaving clothing preparing food on a mountain .,heaving clothing,"31,146,336,416",food,"164,324,223,417",a mountain,"8,1,508,197",Two people,"23,147,320,458",,,,,,,,
2665,154304,open_set,A man in orange pants and brown vest is playing tug-of-war with a dog .,brown vest,"33,12,227,333",a dog,"252,309,438,512",A man,"31,3,275,512",orange pants,"39,234,184,512",,,,,,,,
2666,155481,open_set,A person wearing a construction uniform is leaning against a traffic light pole on the sidewalk .,a construction uniform,"440,433,458,464",the sidewalk,"2,485,510,508",A person,"431,415,468,504",a traffic light pole,"417,306,459,507",,,,,,,,
2667,154649,open_set,Person wearing a hooded jacket sitting on snow in front of a yellow tent .,snow,"3,182,512,512",a yellow tent,"124,238,373,318",a hooded jacket,"157,253,311,368",Person,"30,230,313,471",,,,,,,,
2668,154151,open_set,A man wearing dark green shirt and sweatpants is showing off a stuffed toy,dark green shirt,"126,111,393,312",A man,"38,36,445,512",a stuffed toy,"143,140,307,232",sweatpants,"40,289,443,512",,,,,,,,
2669,156943,open_set,A man wearing a yellow hat and sunglasses peers around the side of a sailboat while sailing on the water .,sunglasses peers,"234,223,295,253",the side of a sailboat,"39,222,510,510",a yellow hat,"228,212,291,252",A man,"239,214,395,328",,,,,,,,
2670,154305,open_set,a man tugging on a stick that a little dog has in his mouth,a little dog,"252,309,438,512",his mouth,"251,339,297,396",a man,"31,3,275,512",a stick,"152,276,289,397",,,,,,,,
2671,155205,open_set,A man in white pants and a black shirt is playing a saxaphone .,A man,"106,41,411,512",a saxaphone,"126,153,306,365",white pants,"115,320,360,512",a black shirt,"232,112,370,280",,,,,,,,
2672,156989,open_set,A little girl in a dress with pink flowers swings on a red-seated swing .,a dress,"212,102,512,382",a red-seated swing,"269,114,442,354",A little girl,"212,1,512,379",pink flowers swings,"276,114,510,382",,,,,,,,
2673,155680,open_set,Numerous workers with blue shirts and white aprons are preparing fish for sale .,Numerous workers,"26,185,456,331",fish,"63,332,239,437",blue shirts,"32,215,447,338",white aprons,"36,235,73,319",,,,,,,,
2674,158606,open_set,A well dressed man in front of a microphone is attacked by a dragon pinata and a lady .,a lady,"240,154,365,512",a microphone,"103,151,132,193",a dragon pinata,"157,208,324,330",A well dressed man,"5,114,197,512",,,,,,,,
2675,154664,open_set,"A woman with short brown hair , in jeans and a leopard top is taking a picture .",A woman,"163,12,356,509",jeans,"177,240,288,485",short brown hair,"169,16,272,95",a leopard top,"167,95,289,252",,,,,,,,
2676,154378,open_set,A little boy is holding a Mexican flag as he walks down the street with a woman .,the street,"1,433,510,512",a woman,"290,73,413,469",A little boy,"201,182,349,503",a Mexican flag,"94,127,314,485",,,,,,,,
2677,154798,open_set,Two old men are using jackhammers on the sidewalk while people walk by .,people,"24,86,330,362",Two old men,"128,172,310,381",jackhammers,"150,207,209,361",the sidewalk,"1,275,512,512",,,,,,,,
2678,154793,open_set,"Four people , three men and one woman , are working on their computers .",one woman,"209,211,362,510",their computers,"81,212,432,417",three men,"8,166,512,510",Four people,"8,166,512,510",,,,,,,,
2679,154076,open_set,"A woman showing her pretty blue dress and new hairdo , with a man standing behind her .",A woman,"3,4,512,512",new hairdo,"145,5,430,307",a man,"1,1,182,436",her pretty blue dress,"105,215,403,506",,,,,,,,
2680,156744,open_set,A man wearing safety gear operates a machine with tents on the background .,A man,"51,132,234,449",a machine,"9,200,480,512",tents,"93,1,507,124",safety gear,"96,135,187,226",,,,,,,,
2681,154948,open_set,"With 3 people watching him from a park bench , a young boy touches the propeller of an antique airplane .",a park bench,"407,365,512,414",3 people,"21,280,510,458",the propeller of an antique airplane,"1,35,510,391",a young boy,"21,280,112,458",,,,,,,,
2682,157716,open_set,"Wearing a traditional blue robes , men ride down the street on bicycles .",men,"8,15,512,448",a traditional blue,"19,63,431,391",bicycles,"3,167,510,456",the street,"3,324,512,510",,,,,,,,
2683,156963,open_set,A man with sideburns and a black t-shirt grimaces as he sings into a microphone .,a black t-shirt,"1,297,465,509",sideburns,"161,191,204,211",a microphone,"282,183,355,266",A man,"3,103,512,512",,,,,,,,
2684,156344,open_set,Three soccer players in black and white and a player in red take a break on the field .,black and white,"270,305,337,512",red,"295,233,335,300",a player,"289,203,346,322",Three soccer players,"43,126,407,510",,,,,,,,
2685,154670,open_set,A man in a red jacket is riding a white horse through a street .,a red jacket,"168,68,269,261",a street,"1,300,510,510",a white horse,"21,129,509,471",A man,"133,22,275,328",,,,,,,,
2686,156408,open_set,A man is a white sweater is sitting at a desk using a computer .,a desk,"183,371,443,512",a computer,"299,305,459,512",a white sweater,"155,277,315,507",A man,"154,192,343,512",,,,,,,,
2687,155679,open_set,One guy in a red beanie and green t-shirt sitting on a skateboard .,One guy,"83,6,444,482",green t-shirt,"281,122,453,481",a skateboard,"121,398,440,505",a red beanie,"300,6,398,143",,,,,,,,
2688,154690,open_set,A young boy and a girl on a skateboard have fun in a parking lot .,a skateboard,"78,436,299,510",A young boy,"1,1,121,498",a parking lot,"1,133,510,512",a girl,"101,52,287,473",,,,,,,,
2689,156764,open_set,"A man in a plaid is standing on a stage holding a microphone , in front of a crowd .",A man,"192,93,375,510",a microphone,"244,249,310,361",a plaid,"194,216,371,512",a crowd,"3,342,512,512",,,,,,,,
2690,153938,open_set,A blond woman in a crowded area hands out fliers while another blond woman holds a bouquet of balloons .,fliers,"67,261,272,296",another blond woman,"335,139,433,466",A blond woman,"97,139,433,505",a bouquet of balloons,"294,1,512,145",,,,,,,,
2691,158053,open_set,Three people are standing by the store and the owner is sitting inside of the store,Three people,"334,206,509,472",the store,"24,63,347,440",the store,"22,5,396,445",the owner,"307,218,342,266",,,,,,,,
2692,156279,open_set,A blond girl covering her eyes with her hand in yellow dress .,her eyes,"200,173,351,234",yellow dress,"119,349,480,512",A blond girl,"116,104,512,510",her hand,"218,164,363,278",,,,,,,,
2693,155169,open_set,"Four sailing vessels at sea on a cloudy day , one smaller then the others and one other one much larger then the other three .",the other three,"124,19,295,455",Four sailing vessels,"8,19,456,512",sea,"1,421,508,469",the others,"278,395,449,476",,,,,,,,
2694,155283,open_set,A man in a sweater being offered candy by a child .,a sweater,"4,88,142,389",candy,"180,188,207,405",A man,"3,2,153,512",a child,"176,131,364,512",,,,,,,,
2695,154314,open_set,A man is walking on a trail in the woods while a young girl is attempting to climb some boards of wood .,a young girl,"219,240,361,437",some boards of wood,"195,256,502,507",A man,"395,142,445,243",a trail,"292,224,512,343",,,,,,,,
2696,157204,open_set,An Asian youth sitting on a wall with a skateboard on his lap .,a wall,"1,344,510,512",An Asian youth,"178,21,512,458",his lap,"231,295,380,327",a skateboard,"131,281,475,351",,,,,,,,
2697,156028,open_set,A little girl and boy play Frisbee together in a grassy area .,a grassy area,"1,357,512,490",boy,"167,236,223,476",A little girl,"323,225,380,423",Frisbee,"304,311,333,326",,,,,,,,
2698,156108,open_set,A boy in jeans and a black shirt skating down a stair rail .,jeans,"214,182,289,245",a black shirt,"220,140,265,192",A boy,"208,101,301,253",a stair rail,"1,117,512,375",,,,,,,,
2699,154699,open_set,"A man trying to shoo away a mongoose with a broom , while a man watches from behind .",a mongoose,"272,247,317,322",a broom,"102,115,262,362",A man,"39,1,172,356",a man,"39,1,172,356",,,,,,,,
2700,158773,open_set,A little girl on a baseball field swinging at a baseball on a tee .,A little girl,"148,112,340,512",a baseball,"182,239,219,292",a tee,"172,241,218,512",a baseball field,"1,298,510,510",,,,,,,,
2701,155159,open_set,A person in a blue jacket climbs a large rock in a dark forest .,a blue jacket,"214,345,264,412",a dark forest,"111,1,512,401",A person,"178,322,267,467",a large rock,"7,1,252,467",,,,,,,,
2702,155083,open_set,A dog with a ring in its mouth is standing in water .,water,"4,98,297,512",its mouth,"239,305,260,327",a ring,"241,307,268,342",A dog,"115,263,262,372",,,,,,,,
2703,157176,open_set,A smiling woman with a black smear across her face holds an umbrella .,her face,"200,176,421,339",A smiling woman,"46,176,510,510",a black smear,"242,229,410,287",an umbrella,"1,1,512,390",,,,,,,,
2704,155736,open_set,A woman taking candy off of a shelf and putting it in a box .,a box,"71,98,497,512",candy,"89,102,251,512",A woman,"199,2,506,512",a shelf,"1,1,322,512",,,,,,,,
2705,154650,open_set,Young man in hooded jacket sitting on snow in mountain area .,snow,"3,182,512,512",mountain area,"3,182,512,512",hooded jacket,"157,253,311,368",Young man,"30,230,313,471",,,,,,,,
2706,156133,open_set,Two men in orange construction hats are guiding a cart full of brick stones .,Two men,"2,87,331,512",brick stones,"1,200,309,512",a cart,"1,200,309,512",orange construction hats,"48,85,328,167",,,,,,,,
2707,156229,open_set,A boy in an orange shirt sells fruit from a street cart .,fruit,"177,226,334,292",an orange shirt,"120,198,161,313",a street cart,"155,281,392,467",A boy,"114,166,162,456",,,,,,,,
2708,156727,open_set,A man wearing a cap and jacket passing by a taxi .,a cap,"133,121,322,224",jacket,"11,256,268,512",A man,"6,114,319,512",a taxi,"1,149,512,510",,,,,,,,
2709,154134,open_set,A skier is skiing down the snow wearing a white shirt and black shorts .,a white shirt,"182,212,353,301",black shorts,"153,257,265,329",A skier,"10,102,459,453",the snow,"3,153,512,512",,,,,,,,
2710,156826,open_set,A blond woman and a man in jeans sitting on a bench outside .,a bench outside,"2,194,512,511",a man,"282,34,497,510",jeans,"323,255,473,511",A blond woman,"122,54,286,511",,,,,,,,
2711,154525,open_set,A brown dog is jumping over a pole with fire on the ends .,a pole,"4,356,464,512",A brown dog,"138,111,325,490",the ends,"2,338,461,418",fire,"4,183,481,512",,,,,,,,
2712,155950,open_set,A man with a beard is sitting with drinks in front of him holding a pair of tongs .,A man,"51,78,498,409",a beard,"137,187,274,279",drinks,"2,346,512,512",a pair of tongs,"125,237,165,303",,,,,,,,
2713,154219,open_set,Three young men are giving the thumbs up sign while grilling sausages on a small barbecue .,a small barbecue,"144,410,237,481",Three young men,"112,103,405,494",sausages,"131,412,225,494",the thumbs up sign,"126,196,392,274",,,,,,,,
2714,155420,open_set,A teenager wearing striped shorts and no shirt is skateboarding down a road a long the ocean .,striped shorts,"187,53,331,427",a road,"2,396,510,512",A teenager,"189,53,331,427",no shirt,"189,53,331,427",,,,,,,,
2715,155471,open_set,"A woman is sitting outside at a table , using a knife to cut into a sandwich .",a table,"1,406,393,512",A woman,"32,33,392,467",a knife,"186,337,263,391",a sandwich,"193,374,307,466",,,,,,,,
2716,156381,open_set,Man dressed in a Winter coat and a hat steps out of his bright red car .,a Winter coat,"233,186,309,288",Man,"227,140,319,436",a hat,"287,146,321,208",his bright red car,"2,194,390,512",,,,,,,,
2717,154027,open_set,A street vendor tends to his stand with lots of kids toys and items .,his stand,"166,90,397,477",lots of kids toys,"186,365,247,460",items,"186,365,247,460",A street vendor,"89,129,191,480",,,,,,,,
2718,155487,open_set,A girl on horseback is chasing a steer inside an arena .,an arena,"2,256,510,512",A girl,"188,135,236,307",horseback,"179,212,229,274",a steer,"344,259,446,388",,,,,,,,
2719,157980,open_set,A couple in a red canoe paddle down a rough river lined with trees .,A couple,"166,253,266,332",a red canoe paddle,"137,309,296,360",trees,"1,1,512,282",a rough river,"3,303,512,511",,,,,,,,
2720,155986,open_set,An old man with a cart is shopping for cereal at a grocery store .,An old man,"396,150,449,428",cereal,"4,3,470,510",a grocery store,"4,3,470,510",a cart,"351,258,443,464",,,,,,,,
2721,154176,open_set,"2 girls playing volleyball , one striking the ball .",2 girls,"3,103,422,512",one,"120,103,422,315",volleyball,"171,1,234,27",the ball,"171,1,234,27",,,,,,,,
2722,156330,open_set,A woman teaches a young boy about babies through a book .,a book,"309,206,462,493",a young boy,"43,43,302,508",babies,"43,43,302,508",A woman,"2,3,395,512",,,,,,,,
2723,158501,open_set,Man with tattoo is lying down in the sand next to a cow .,a cow,"1,1,311,401",tattoo,"380,262,429,312",Man,"258,146,512,380",the sand,"1,1,512,510",,,,,,,,
2724,155294,open_set,A black man wearing a white suit and hat is holding a paper cup .,a paper cup,"432,289,502,369",A black man,"39,138,502,510",a white suit,"37,222,423,512",hat,"188,138,350,217",,,,,,,,
2725,156011,open_set,A man swinging at a tennis ball with a green sign that read findersport .,A man,"16,122,225,445",findersport,"99,223,512,272",a green sign,"36,135,510,402",a tennis ball,"453,301,479,319",,,,,,,,
2726,157203,open_set,An sitting Asian male wearing a yellow shirt with a skateboard in his lap .,his lap,"231,295,380,327",An sitting Asian male,"178,21,512,458",a skateboard,"131,281,475,351",a yellow shirt,"174,126,382,296",,,,,,,,
2727,155859,open_set,A little girl with brown hair wearing white t-shirt is playing with the giant machine .,A little girl,"218,91,353,380",the giant machine,"5,1,512,509",brown hair,"270,91,333,173",white t-shirt,"236,159,350,309",,,,,,,,
2728,156511,open_set,"A little boy posing for the camera , while two women sit in two bright green lawn chairs on the side of a street .",A little boy,"209,244,307,512",two women,"41,13,225,464",two bright green lawn chairs,"78,138,246,496",the side of a street,"3,1,512,510",,,,,,,,
2729,153986,open_set,"Two babies are sitting on the floor next to the table , and one baby is crying .",the floor,"1,99,508,508",one baby,"3,43,238,510",the table,"104,1,512,410",Two babies,"3,43,512,510",,,,,,,,
2730,158277,open_set,A little girl is wearing knee pads and a helmet next to a pretty bike .,knee pads,"284,291,357,352",a helmet,"281,111,419,218",A little girl,"190,110,454,447",a pretty bike,"3,56,307,478",,,,,,,,
2731,155940,open_set,A man on a moped looking at a woman walk across the street .,the street,"1,223,512,512",a moped,"41,154,196,397",A man,"62,74,149,392",a woman,"422,38,480,488",,,,,,,,
2732,154380,open_set,A mother and son walk together while the son carries a flag .,A mother,"290,73,413,469",son,"201,182,349,503",the son,"201,182,349,503",a flag,"94,127,314,485",,,,,,,,
2733,154247,open_set,A man and a boy watch a dog leap to catch a ball .,a dog leap,"206,161,290,353",a ball,"200,175,233,250",A man,"325,98,503,508",a boy,"108,242,165,458",,,,,,,,
2734,157301,open_set,Man in a police costume next to a man in a zombie costume .,a man,"282,125,423,512",a police costume,"186,170,308,512",a zombie costume,"186,170,308,512",Man,"185,169,308,512",,,,,,,,
2735,155416,open_set,A cop in a blue shirt pulling over a car in the city .,a car,"192,209,396,441",the city,"1,3,512,508",a blue shirt,"131,199,169,282",A cop,"130,164,185,428",,,,,,,,
2736,156308,open_set,A young boy wearing a blue sweater holding up a necklace with green and brown beads .,a blue sweater,"7,123,507,512",A young boy,"4,30,509,512",green and brown beads,"153,208,330,419",a necklace,"123,200,347,414",,,,,,,,
2737,157330,open_set,"a woman with big earrings , holding up her prize ticket , with a huge piece of chocolate cake in front of her",a woman,"88,44,416,414",her prize ticket,"147,241,271,275",a huge piece of chocolate cake,"80,444,236,512",big earrings,"169,168,292,209",,,,,,,,
2738,157524,open_set,A person wearing skis looking at framed pictures set up in the snow .,framed pictures,"40,278,178,428",the snow,"1,308,512,510",A person,"372,143,476,453",skis,"333,192,512,483",,,,,,,,
2739,154884,open_set,"A semi trailer is inside a building , and people are gathered behind its open rear door where there are displays being set up .",displays,"202,255,306,512",its open rear door,"201,45,374,288",people,"2,195,509,512",A semi trailer,"187,30,373,351",,,,,,,,
2740,157789,open_set,A woman and a man are outside near a body of water and is preparing a fishing rod .,a man,"241,38,450,510",A woman,"75,90,272,510",a fishing rod,"53,1,276,430",a body of water,"1,176,510,510",,,,,,,,
2741,156874,open_set,A man appears to be cooking up some food for customers in the street .,customers,"189,1,392,362",the street,"169,1,512,512",A man,"2,46,311,510",some food,"216,277,326,377",,,,,,,,
2742,155105,open_set,"A hiker wearing a red jacket , is walking up a dirt path on a grassy mountain , with other mountains in the background .",A hiker,"135,181,205,419",other mountains,"1,1,510,407",a dirt path,"3,276,301,512",a red jacket,"134,187,204,295",,,,,,,,
2743,156476,open_set,A little girl leans on a concrete wall next to a blue door where a shirtless child sits .,a concrete wall,"1,1,203,446",a shirtless child,"293,251,362,464",a blue door,"209,5,312,385",A little girl,"68,87,166,477",,,,,,,,
2744,156729,open_set,an umpire makes a mark on a base on the field .,an umpire,"97,52,332,476",the field,"5,176,510,512",a mark,"101,465,203,498",a base,"95,465,197,482",,,,,,,,
2745,155741,open_set,A girl with pink streaked hair and fur uggs looks back while the girl walking next to her looks at her .,pink streaked hair,"81,46,170,104",the girl,"225,35,467,485",A girl,"45,46,205,484",fur uggs,"62,361,178,487",,,,,,,,
2746,155804,open_set,Three women work together at a table scattered with bottles and bowls .,Three women,"1,1,512,512",a table,"1,2,439,512",bowls,"194,324,272,400",bottles,"198,367,334,512",,,,,,,,
2747,156560,open_set,A man in a black shirt with a white ring in his right hand reaching for something on the edge of a window .,A man,"333,179,392,396",his right hand,"359,275,384,309",a black shirt,"343,201,386,292",a white ring,"371,284,388,309",,,,,,,,
2748,156883,open_set,"A man , wearing an orange hard hat , standing on top a pile of bricks and rubble .",rubble,"1,112,510,512",an orange hard hat,"332,133,363,167",A man,"309,134,384,341",top a pile of bricks,"73,261,510,512",,,,,,,,
2749,154855,open_set,A dog with its two front paws on a rock in a field .,a rock,"3,291,508,512",a field,"1,152,512,363",A dog,"124,171,427,362",its two front paws,"122,304,203,358",,,,,,,,
2750,157108,open_set,A man wearing a brown t-shirt is talking to a woman wearing a flowered tank top at an outdoor music concert .,A man,"224,83,406,510",a flowered tank top,"2,297,208,509",a woman,"2,103,272,512",a brown t-shirt,"270,229,409,510",,,,,,,,
2751,156043,open_set,A man in a black cap and shirt smiling while holding a white gray and black rectangular object .,shirt,"3,212,508,461",a white gray and black rectangular object,"89,314,512,512",A man,"1,53,512,510",a black cap,"179,55,392,140",,,,,,,,
2752,154788,open_set,A dog is splashing through water trying to catch ice in its mouth .,ice,"244,24,354,317",water,"247,19,355,437",its mouth,"70,142,166,238",A dog,"1,54,512,478",,,,,,,,
2753,155228,open_set,A woman in a red sweater is sitting next to a man at a table outside .,a man,"31,1,238,201",a red sweater,"123,312,326,512",a table,"317,405,512,512",A woman,"132,173,332,512",,,,,,,,
2754,158074,open_set,Man sweeping debris from road with bundle of twigs .,road,"1,338,512,508",bundle of twigs,"115,312,212,430",debris,"2,413,172,512",Man,"177,201,274,456",,,,,,,,
2755,158372,open_set,An explorer is jumping for joy near his snow bicycle at the edge of a large body of water in a area covered with snow .,the edge of a large body of water,"1,251,512,442",his snow bicycle,"307,314,461,453",An explorer,"214,200,300,361",snow,"1,356,512,512",,,,,,,,
2756,154323,open_set,Somebody wearing a crash helmet performing a wheelie on a black and white motorbike .,a black and white motorbike,"81,64,512,512",Somebody,"37,25,474,318",a crash helmet,"329,27,432,153",a wheelie,"35,29,476,446",,,,,,,,
2757,156749,open_set,A little girl in pink is crying while being held by a woman in a white coat .,pink,"40,49,302,510",a white coat,"266,203,512,511",A little girl,"33,43,312,511",a woman,"278,5,510,510",,,,,,,,
2758,156353,open_set,A man in a striped polo shirt stands on stage in front of a chalkboard while holding a microphone .,A man,"204,118,466,512",a striped polo shirt,"233,184,462,370",a microphone,"305,164,359,222",a chalkboard,"1,295,140,512",,,,,,,,
2759,154503,open_set,A african american woman wearing yellow walks down the sidewalk towards a yellow car .,yellow,"319,200,358,291",a yellow car,"1,141,163,512",A african american woman,"288,140,395,431",the sidewalk,"44,355,510,512",,,,,,,,
2760,154546,open_set,Man and woman wearing false eyebrows and noses .,false eyebrows,"149,92,371,172",noses,"181,132,350,231",Man,"31,20,493,512",woman,"233,80,461,512",,,,,,,,
2761,155582,open_set,A woman in a dress carrying a child in her arms .,her arms,"261,84,406,219",a dress,"21,108,481,499",A woman,"22,34,478,425",a child,"198,7,432,305",,,,,,,,
2762,154435,open_set,A boy in a green shirt and blue jeans riding a segway .,blue jeans,"188,287,311,430",A boy,"185,38,393,450",a green shirt,"185,101,361,302",a segway,"136,193,391,509",,,,,,,,
2763,156386,open_set,A person in a long-sleeved striped top stands near a cat in front of a glass-doored beverage cooler in a store .,A person,"187,50,357,512",a long-sleeved striped top,"241,126,360,391",a glass-doored beverage cooler,"227,111,451,508",a cat,"141,195,201,342",,,,,,,,
2764,154404,open_set,A man jumps toward a floating device in a lake as another man watches .,another man,"227,370,266,406",a floating device,"337,316,512,480",A man,"272,219,385,380",a lake,"1,259,512,510",,,,,,,,
2765,158521,open_set,an asian girl wearing a red hat along side several others with red hats as well,red hats,"31,42,512,425",an asian girl,"319,77,509,512",several others,"3,16,338,512",a red hat,"389,76,512,202",,,,,,,,
2766,158772,open_set,"A young pig-tailed girl , is swinging her bat at a ball on a post .",A young pig-tailed girl,"148,112,340,512",a ball,"182,239,219,292",her bat,"24,129,194,255",a post,"172,241,218,512",,,,,,,,
2767,158568,open_set,A lady in black clothing holds her baby in a red sling .,A lady,"129,82,288,512",her baby,"240,196,323,301",a red sling,"174,173,322,324",black clothing,"139,161,288,512",,,,,,,,
2768,156805,open_set,cowboy rides a horse in a parade as onlookers watch from the curb .,cowboy,"233,128,307,392",a horse,"139,203,362,512",the curb,"1,394,512,429",onlookers,"1,248,512,424",,,,,,,,
2769,156835,open_set,"Two women are sitting on the sofa , and one woman is eating a snack .",Two women,"150,85,512,512",one woman,"140,79,355,508",the sofa,"48,208,512,512",a snack,"195,295,297,406",,,,,,,,
2770,154446,open_set,A man in a cowboy hat is riding a horse around a barrel .,a cowboy hat,"109,103,164,134",A man,"54,105,183,293",a horse,"27,118,208,450",a barrel,"331,319,436,488",,,,,,,,
2771,153948,open_set,A man is playing the guitar for a child in a hospital bed,a child,"1,333,115,512",A man,"218,39,512,512",the guitar,"218,39,512,512",a hospital bed,"1,333,224,512",,,,,,,,
2772,157569,open_set,A man in a red shirt is sitting in the drivers seat of a car that has the steering wheel on the right hand side .,the steering wheel,"91,154,262,285",a red shirt,"84,212,481,473",A man,"5,12,509,437",the drivers seat of a car,"167,63,512,472",,,,,,,,
2773,154142,open_set,"Two people , one of whom is in a Santa costume , pose wearing funny glasses .",one of whom,"238,58,454,508",a Santa costume,"238,58,454,508",funny glasses,"185,96,242,173",Two people,"70,59,453,512",,,,,,,,
2774,154140,open_set,Santa and a woman drink wine next to the christmas tree while wearing joke disguise glasses .,a woman drink wine,"70,59,268,512",Santa,"238,58,454,508",the christmas tree,"318,4,510,461",joke disguise glasses,"185,96,242,173",,,,,,,,
2775,154807,open_set,"Man in a shower with polka-dotted shower curtain , is washing his face .",Man,"105,87,323,512",his face,"181,122,232,269",a shower,"5,1,510,512",polka-dotted shower curtain,"3,1,32,512",,,,,,,,
2776,158311,open_set,A group of people play on bamboo rafts in a waterfall fed pool surrounded by a lush forest .,A group of people,"121,340,359,448",a waterfall fed pool,"1,342,509,512",a lush forest,"3,1,512,365",bamboo rafts,"99,379,421,512",,,,,,,,
2777,157034,open_set,Two people in yellow shirts stand under a Lifesavers with Pride float .,yellow shirts,"139,254,307,375",Two people,"139,229,317,467",a Lifesavers,"28,4,400,446",Pride float,"28,4,400,446",,,,,,,,
2778,157578,open_set,A man wearing a dark scarf and pants stands in front of a shop .,a shop,"1,4,438,468",A man,"53,212,117,502",pants,"66,342,114,496",a dark scarf,"63,249,89,370",,,,,,,,
2779,158862,open_set,"A little blond girl with a polka dot shirt is giving a stuffed animal a "" bath "" in a sink .",A little blond girl,"115,43,347,512",a polka dot shirt,"119,195,240,505",a sink,"247,277,452,370",a stuffed animal,"279,260,358,337",,,,,,,,
2780,154867,open_set,"An Asian chef is working in the kitchen , and is smiling after putting the food he has made in a wok into a "" to-go "" container .",An Asian chef,"76,6,326,512",the food,"317,438,382,492",a wok,"354,338,467,439","a "" to-go "" container","314,421,391,512",,,,,,,,
2781,157003,open_set,"Four cyclists , two male , one female , and one of indeterminate gender , in a bike race in a european country .",one female,"36,135,177,481",one of indeterminate gender,"258,124,368,413",two male,"95,136,398,470",Four cyclists,"36,135,398,481",,,,,,,,
2782,158487,open_set,A man sits outside at a wooden table and reads a book while ducks eat in the foreground .,A man,"73,39,262,417",a wooden table,"10,142,506,436",ducks,"249,405,474,508",a book,"101,162,220,208",,,,,,,,
2783,154862,open_set,A man wearing a blue coat with yellow stripes is sitting in an airplane that is taking off .,an airplane,"1,2,512,512",yellow stripes,"310,275,493,381",a blue coat,"123,182,512,421",A man,"4,120,512,512",,,,,,,,
2784,157161,open_set,Very young boy in a green shirt laying face down on a white bed .,a white bed,"2,46,512,436",a green shirt,"156,151,299,278",face,"78,157,155,233",Very young boy,"64,109,461,286",,,,,,,,
2785,157205,open_set,A youth wearing yellow sits on a wall holding a skateboard,a wall,"1,344,510,512",A youth,"178,21,512,458",a skateboard,"131,281,475,351",yellow,"174,126,382,296",,,,,,,,
2786,155272,open_set,A gray-haired man sitting in a chair playing a wind instrument among other musicians .,other musicians,"128,21,353,257",a chair,"2,244,367,512",a wind instrument,"196,41,333,416",A gray-haired man,"15,32,406,414",,,,,,,,
2787,158172,open_set,A woman in white karate attire is taking down another woman in blue karate attire during a competition .,white karate attire,"210,183,397,403",another woman,"194,100,363,463",A woman,"194,100,363,463",blue karate attire,"211,142,336,423",,,,,,,,
2788,155737,open_set,A lady wearing a green sweater is putting candy on a shelf .,a green sweater,"199,6,507,449",A lady,"199,2,506,512",candy,"89,102,251,512",a shelf,"1,1,322,512",,,,,,,,
2789,156750,open_set,blond child in knit hat and pink coat cries in a woman arms .,a woman,"278,5,510,510",blond child,"33,43,312,511",knit hat,"111,53,319,470",pink coat,"37,186,313,510",,,,,,,,
2790,153962,open_set,"A man , wearing makeup , spreading his arms for a move in gymnastics .",A man,"2,2,512,321",a move,"2,2,512,321",his arms,"1,1,512,165",makeup,"168,103,266,182",,,,,,,,
2791,153926,open_set,A man in a white shirt and shorts is running and jumping in the grass .,the grass,"1,1,512,512",a white shirt,"321,196,418,259",A man,"239,182,473,367",shorts,"313,249,433,327",,,,,,,,
2792,156512,open_set,Two women sit in chairs while a child in the street gets the attention of the camera .,a child,"209,244,307,512",Two women,"41,13,225,464",the street,"3,1,512,510",chairs,"70,112,246,496",,,,,,,,
2793,155271,open_set,Gray-haired man in dress shirt plays the bassoon while reading sheet music from a stand,a stand,"397,152,512,391",dress shirt,"20,128,275,351",the bassoon,"141,36,352,428",Gray-haired man,"15,32,406,414",,,,,,,,
2794,157983,open_set,A woman in a green tank top looking at a drill while a crowd looks on .,a green tank top,"43,147,300,395",a crowd,"1,46,512,512",a drill,"182,124,364,277",A woman,"20,50,404,512",,,,,,,,
2795,158763,open_set,A toddler in tan pants and a red hoddie on a slide .,A toddler,"55,22,387,430",a slide,"26,287,407,512",a red hoddie,"41,26,388,243",tan pants,"79,257,325,395",,,,,,,,
2796,157714,open_set,"Several people , wearing blue robes and white keffiyehs , are riding yellow bicycles .",Several people,"8,15,512,448",white keffiyehs,"28,16,480,229",yellow bicycles,"3,167,510,456",blue robes,"11,16,432,451",,,,,,,,
2797,156775,open_set,A redheaded woman standing next to a man in a black jacket with a wine bottle .,a man,"248,116,512,484",A redheaded woman,"3,144,226,512",a black jacket,"252,182,512,354",a wine bottle,"412,277,459,360",,,,,,,,
2798,156416,open_set,"One woman is sitting under a loom , another woman is stooping beside it , and is working on the unfinished item .",another woman,"158,27,315,289",One woman,"76,52,428,453",the unfinished item,"75,231,373,378",a loom,"3,134,512,512",,,,,,,,
2799,156104,open_set,A woman wearing a blue sweater is reading to a boy on the couch .,the couch,"1,3,512,512",a blue sweater,"172,116,351,413",a boy,"237,111,457,512",A woman,"22,13,356,512",,,,,,,,
2800,155943,open_set,"Two little children , one boy and one girl , laugh as they sit on the grass .",Two little children,"26,119,459,510",the grass,"1,143,512,512",one girl,"290,119,459,475",one boy,"26,124,312,510",,,,,,,,
2801,155649,open_set,A man in jacket holds a mug in the bathroom .,a mug,"267,186,318,235",the bathroom,"12,6,512,512",A man,"12,6,512,512",jacket,"73,106,504,376",,,,,,,,
2802,156645,open_set,Woman with red shirt eating ice cream in front of a picture of a cow .,red shirt,"187,180,305,363",ice cream,"200,232,220,290",Woman,"184,120,324,512",a picture of a cow,"44,35,345,352",,,,,,,,
2803,153946,open_set,A man with a guitar playing to an ill little girl in a hospital bed .,an ill little girl,"1,333,115,512",A man,"218,39,512,512",a guitar,"218,39,512,512",a hospital bed,"1,333,224,512",,,,,,,,
2804,155236,open_set,A young boy in an orange shirt soaks companions with a water gun .,a water gun,"338,228,393,314",companions,"103,157,307,512",A young boy,"335,116,463,512",an orange shirt,"370,168,463,365",,,,,,,,
2805,154017,open_set,A young man in a t-shirt is speaking at a podium while another young man stands by .,a podium,"134,317,354,512",A young man,"185,178,331,371",a t-shirt,"185,268,331,363",another young man,"412,209,510,507",,,,,,,,
2806,155880,open_set,"A man on the ground near a row of cars , and another man standing holding the first man 's leg .",another man,"343,86,443,461",the first man 's leg,"303,210,372,331",A man,"253,217,473,419",a row of cars,"1,12,512,148",,,,,,,,
2807,155090,open_set,Women in colorful shirt reads a book while waiting at laundry mate .,colorful shirt,"115,236,251,366",Women,"117,148,253,502",a book,"131,219,205,281",laundry mate,"2,4,509,512",,,,,,,,
2808,157118,open_set,A man in a leather coat plays a saxophone into a microphone .,a leather coat,"95,137,482,512",A man,"62,3,512,494",a microphone,"1,212,82,294",a saxophone,"12,69,336,434",,,,,,,,
2809,158177,open_set,A dog is swimming in the water with a stick in his mouth .,A dog,"174,215,390,326",a stick,"190,279,247,312",the water,"3,2,512,512",his mouth,"187,267,221,311",,,,,,,,
2810,158797,open_set,A boy is jumping into the water with a ball in his hand .,the water,"1,177,510,510",a ball,"322,11,369,46",his hand,"313,5,386,71",A boy,"27,11,510,502",,,,,,,,
2811,156634,open_set,The man wearing the white shirt takes a picture of the man in the blue shirt with the two dogs .,the two dogs,"105,332,173,433",the white shirt,"257,283,300,351",The man,"254,257,302,450",the blue shirt,"152,297,220,360",,,,,,,,
2812,155769,open_set,A motorbiker racer performs an aerial stunt as he flies over a dirt hill in the woods .,A motorbiker racer,"197,194,363,269",an aerial stunt,"189,193,371,387",the woods,"3,67,510,398",a dirt hill,"1,359,512,473",,,,,,,,
2813,158691,open_set,"Several members of a wedding party , including the bride , are walking past a lamp and some park benches .",Several members of a wedding party,"3,256,509,512",a lamp,"305,102,355,436",the bride,"236,288,287,490",some park benches,"361,361,510,447",,,,,,,,
2814,154996,open_set,Young boy in green shirt rolling on a cart into a pile of leaves .,a pile of leaves,"1,84,390,367",Young boy,"171,121,480,335",green shirt,"228,210,370,322",a cart,"293,293,490,350",,,,,,,,
2815,155174,open_set,Two girls in pink coats drink from soda bottles and lean on a tree .,soda bottles,"204,272,254,434",pink coats drink,"152,276,512,512",a tree,"270,1,507,512",Two girls,"128,120,509,509",,,,,,,,
2816,154438,open_set,Runners pass a statue of a man on a horse as spectators look on and take photos .,a horse,"22,99,92,162",spectators,"261,253,512,510",a statue of a man,"51,70,81,129",Runners,"160,310,221,512",,,,,,,,
2817,156329,open_set,A person in a sweater sits looking at a book with a child on their lap .,a sweater,"1,1,269,512",a book,"309,206,462,493",a child,"43,43,302,508",A person,"2,3,395,512",,,,,,,,
2818,156034,open_set,A large group of swimmers in wetsuits and swim caps eagerly dive into the water .,the water,"1,329,512,512",swim caps,"7,109,277,242",A large group of swimmers,"1,98,242,252",wetsuits,"103,187,220,309",,,,,,,,
2819,156894,open_set,A bearded man plucks an acoustic guitar with a blue pen in his hand .,his hand,"2,381,346,509",an acoustic guitar,"1,256,499,512",a blue pen,"172,375,256,449",A bearded man,"4,3,510,510",,,,,,,,
2820,155410,open_set,Monks walk past a large stone building with stone women at the top .,Monks,"246,326,376,455",a large stone building,"1,39,508,317",stone women,"4,38,470,103",the top,"1,78,512,446",,,,,,,,
2821,154898,open_set,A man in a green shirt is jumping a ramp on his skateboard .,his skateboard,"227,191,329,237",a ramp,"1,274,510,512",a green shirt,"187,96,227,193",A man,"187,73,306,222",,,,,,,,
2822,157896,open_set,A girl in a white shirt does a yoga move atop a statue .,a white shirt,"222,228,277,283",a statue,"81,355,499,512",A girl,"215,202,349,364",a yoga move,"215,202,349,364",,,,,,,,
2823,157134,open_set,A little boy in pajamas snuggles on a couch with a Santa hat .,a couch,"1,2,512,512",A little boy,"4,10,445,501",a Santa hat,"78,2,260,185",pajamas snuggles,"3,126,437,509",,,,,,,,
2824,154757,open_set,A group of kids in summer play clothes follows a young man down a paved path .,a paved path,"1,114,512,512",A group of kids,"39,137,416,510",summer play clothes,"80,190,398,507",a young man,"157,63,264,199",,,,,,,,
2825,154330,open_set,A man in a pink shirt leading a horse down a dirt road .,a dirt road,"1,39,512,512",A man,"315,44,403,464",a horse,"204,84,336,344",a pink shirt,"332,106,401,285",,,,,,,,
2826,156616,open_set,A woman in a blue dress is sitting in front of buckets of hay and grain .,grain,"203,379,424,512",buckets of hay,"94,368,512,512",a blue dress,"366,346,456,479",A woman,"366,282,458,480",,,,,,,,
2827,156842,open_set,two women looking at menus with waiter at table,table,"130,343,352,507",two women,"29,85,508,512",menus,"166,330,392,433",waiter,"162,1,369,512",,,,,,,,
2828,155375,open_set,The man with no shirt and flip-flops looks at the women in white shorts .,The man,"183,14,333,497",flip-flops,"211,401,335,501",the women,"356,48,510,506",white shorts,"423,249,496,334",,,,,,,,
2829,154292,open_set,"A woman with a yellow backpack , tattoos , and a bottle of water walks on the street .",a bottle of water,"91,379,145,501",tattoos,"159,176,191,269",a yellow backpack,"153,173,244,341",A woman,"120,76,250,512",,,,,,,,
2830,156924,open_set,A young man in tan shorts and green shirt is falling off his bicycle .,his bicycle,"202,16,374,329",tan shorts,"206,191,265,335",green shirt,"167,144,238,276",A young man,"159,135,332,436",,,,,,,,
2831,154917,open_set,An African American male rides a green bike while another person does an ollie on a skateboard in the background .,a skateboard,"179,206,239,233",An African American male,"219,232,428,449",another person,"132,105,265,209",a green bike,"173,330,499,467",,,,,,,,
2832,155326,open_set,A man in yellow is biking past a gray building with columns .,A man,"96,338,138,462",yellow,"98,350,136,409",a gray building,"1,3,510,434",columns,"265,66,378,425",,,,,,,,
2833,157720,open_set,A wares peddler walking along a beach with a basket on her head .,A wares peddler,"288,83,446,429",her head,"293,86,355,132",a basket,"262,11,392,96",a beach,"1,386,512,512",,,,,,,,
2834,156884,open_set,A worker stands atop a pile of rubble with a hose in his hand .,a pile of rubble,"1,112,510,512",his hand,"313,226,330,261",A worker,"309,134,384,341",a hose,"299,203,459,510",,,,,,,,
2835,155170,open_set,Blue and gray sailboat in the water with a few other boats in front of it against a gray sky .,Blue,"152,23,209,411",the water,"1,421,508,469",a few other boats,"10,19,456,506",gray sailboat,"124,19,295,455",,,,,,,,
2836,154402,open_set,People playing instruments on the street while dressed as Santa Claus .,instruments,"71,119,376,252",the street,"1,295,512,512",Santa Claus,"14,86,460,430",People,"14,89,457,430",,,,,,,,
2837,158123,open_set,a surfer is riding the waves whilst another surfer sits on his board waiting .,the waves,"4,32,512,313",a surfer,"3,58,43,155",another surfer,"3,58,43,155",his board,"35,97,135,152",,,,,,,,
2838,154565,open_set,A man wearing a white hat is on a red ATV driving on the dirt .,a red ATV,"192,234,342,416",the dirt,"4,402,500,510",A man,"233,152,317,282",a white hat,"258,145,287,176",,,,,,,,
2839,154615,open_set,A man in a brown shirt is balancing on one hand in a grassy field .,one hand,"64,437,156,454",a brown shirt,"124,210,325,372",A man,"43,98,476,460",a grassy field,"4,244,508,512",,,,,,,,
2840,157950,open_set,"A young man , with a white hat , walks with a woman in a field .",a white hat,"159,129,178,154",a field,"1,136,512,512",a woman,"274,140,320,315",A young man,"146,126,200,297",,,,,,,,
2841,155441,open_set,"A man wearing orange and blue has just hit a golf ball , as a group in similar uniforms look on .",orange and blue,"229,207,315,458",similar uniforms,"141,314,512,469",A man,"228,210,318,469",a group,"133,212,512,469",,,,,,,,
2842,155175,open_set,Two girls in pink jackets stand by a tree with water bottles .,water bottles,"204,272,254,434",a tree,"270,1,507,512",pink jackets,"131,276,512,512",Two girls,"128,120,509,509",,,,,,,,
2843,153902,open_set,Seven climbers are ascending a rock face whilst another man stands holding the rope .,Seven climbers,"249,104,393,464",the rope,"182,82,289,499",another man,"113,309,278,512",a rock face,"1,55,512,512",,,,,,,,
2844,158841,open_set,a man in a black polo shirt holds an infant in a white blanket .,an infant,"147,203,377,512",a white blanket,"147,203,377,512",a man,"56,6,512,510",a black polo shirt,"55,133,296,510",,,,,,,,
2845,158767,open_set,Two women and a man discuss notes in a classroom .,a man,"155,92,265,484",a classroom,"11,15,507,512",Two women,"17,80,413,512",notes,"210,256,510,454",,,,,,,,
2846,158278,open_set,"The young girl , clad in helmets and pads , examines her bike .",pads,"284,291,357,352",helmets,"281,111,419,218",The young girl,"190,110,454,447",her bike,"3,56,307,478",,,,,,,,
2847,156124,open_set,"The kitchen worker at a restaurant observes the dining room , including a man in a red jacket .",The kitchen worker,"200,222,241,272",a man,"143,273,256,411",a restaurant,"2,1,510,512",a red jacket,"139,337,258,409",,,,,,,,
2848,156694,open_set,A woman in a green shirt is getting ready to throw her bowling ball down the lane in a bowling alley .,the lane,"1,174,512,512",a green shirt,"225,226,320,367",A woman,"188,187,342,510",her bowling ball,"297,304,360,389",,,,,,,,
2849,156725,open_set,An elderly man in a cap and sunglasses walks by a taxi .,a cap,"133,121,322,224",sunglasses,"183,186,297,238",An elderly man,"6,114,319,512",a taxi,"1,149,512,510",,,,,,,,
2850,155376,open_set,A man and a woman are walking past benches that overlook the water .,A man,"183,14,333,497",benches,"3,177,510,346",a woman,"356,48,510,506",the water,"57,2,512,151",,,,,,,,
2851,157636,open_set,An old man white a white beard is wearing a dark hat and a dark jacket .,a white beard,"197,142,240,198",An old man,"155,101,312,512",a dark hat,"190,92,247,144",a dark jacket,"161,167,313,395",,,,,,,,
2852,154563,open_set,A man drives an ATV down a dirt road with a power line behind him .,an ATV,"192,234,342,416",a dirt road,"4,402,500,510",A man,"233,152,317,282",a power line,"351,4,410,229",,,,,,,,
2853,155121,open_set,A child hold green shoes is walking in the sand by the water .,A child,"200,46,326,407",the water,"1,199,79,256",green shoes,"185,176,229,252",the sand,"1,178,512,510",,,,,,,,
2854,157245,open_set,A woman performing a dance move in an empty swimming pool with nike shoes on her feet .,nike shoes,"94,172,398,401",her feet,"94,172,398,401",A woman,"97,44,394,492",an empty swimming pool,"8,12,508,496",,,,,,,,
2855,156441,open_set,A young girl in a bathing suit drinking a beverage in a green bottle .,a green bottle,"285,178,428,229",a beverage,"285,178,428,229",A young girl,"99,132,464,512",a bathing suit,"115,256,358,510",,,,,,,,
2856,158817,open_set,A woman with dirty blond-hair and glasses is cutting something .,something,"325,461,448,512",A woman,"3,2,512,512",glasses,"141,97,378,186",dirty blond-hair,"9,1,396,248",,,,,,,,
2857,155353,open_set,Men wearing life vests speed across a body of water in an orange boat .,a body of water,"1,213,512,512",Men,"162,173,269,255",life vests,"166,190,259,252",an orange boat,"63,193,367,399",,,,,,,,
2858,155586,open_set,A girl with glasses is joined by her family on the beach .,glasses,"178,156,201,173",her family,"65,121,260,430",the beach,"1,182,512,508",A girl,"178,146,257,432",,,,,,,,
2859,157855,open_set,A man in a red tank top is on a cherry picker fixing a pole .,a red tank top,"122,194,168,272",a pole,"225,142,282,325",A man,"105,179,238,331",a cherry picker,"105,179,238,331",,,,,,,,
2860,154697,open_set,Three guys in jeans playing Monopoly at a table .,a table,"88,214,418,442",Three guys,"1,72,512,512",jeans,"95,344,510,512",Monopoly,"167,264,369,363",,,,,,,,
2861,158646,open_set,An elderly man in a light blue coat works on a car on the roadside .,a car,"144,1,512,512",the roadside,"31,1,434,510",a light blue coat,"2,154,334,472",An elderly man,"4,113,355,512",,,,,,,,
2862,156893,open_set,The bearded man keeps his blue Bic pen in hand while he plays the guitar .,hand,"2,381,346,509",the guitar,"1,256,499,512",his blue Bic pen,"172,375,256,449",The bearded man,"4,3,510,510",,,,,,,,
2863,158471,open_set,Young man sitting on a blanket in the grass and eating a ribs .,a ribs,"206,167,342,243",Young man,"4,61,335,510",a blanket,"1,378,510,509",the grass,"165,241,512,382",,,,,,,,
2864,157395,open_set,A man assembles a tent while a woman sits and watches in a field of a large number of tent dwellers .,a field of a large number of tent dwellers,"1,174,512,237",a woman,"168,223,212,364",A man,"281,107,408,309",a tent,"1,294,512,512",,,,,,,,
2865,155963,open_set,A person in an orange coat with a hood lays on top of the entrance corridor to the metro .,A person,"99,195,314,252",the entrance corridor,"99,223,512,505",an orange coat,"91,215,270,249",a hood,"95,226,126,250",,,,,,,,
2866,155319,open_set,A man in a green plaid shirt performing some karaoke with a guitar in front of a small crowd .,a guitar,"223,303,343,390",a small crowd,"3,214,407,434",a green plaid shirt,"232,263,332,360",A man,"232,214,327,380",,,,,,,,
2867,157251,open_set,"Two men , one wearing a black hat while the one in front points , standing in a hallway .",Two men,"12,128,205,510",one,"12,128,205,510",a black hat,"102,122,184,246",the one,"161,15,510,510",,,,,,,,
2868,155535,open_set,A woman on a blue bike with a pink helmet rides by a public fountain as the sun rises over an urban area .,a public fountain,"3,305,494,507",A woman,"315,118,396,399",a blue bike,"311,222,391,459",a pink helmet,"344,112,377,142",,,,,,,,
2869,155546,open_set,A man with short black hair in a yellow shirt looking at a large piece of cut fish .,A man,"151,78,365,362",short black hair,"238,76,289,150",a large piece of cut fish,"160,305,373,369",a yellow shirt,"194,141,343,322",,,,,,,,
2870,156934,open_set,A large group of young men and women sit and lay on blankets on a lawn .,women,"4,1,512,512",blankets,"1,85,491,506",A large group of young men,"4,5,512,512",a lawn,"1,31,510,303",,,,,,,,
2871,154169,open_set,"A very young girl playing with a bubble-blowing wand , holding a bottle of bubble solution and walking through a park or field .",a bottle of bubble solution,"95,307,199,480",A very young girl,"61,20,428,512",a bubble-blowing wand,"242,192,311,261",a park or field,"4,1,509,512",,,,,,,,
2872,155822,open_set,A person is suspended by wires and poles against a blue sky .,poles,"1,1,314,512",A person,"168,151,379,334",wires,"239,1,459,512",a blue sky,"183,1,510,512",,,,,,,,
2873,155974,open_set,Two young people in blue shirts share a megaphone at some kind of festival with a Greenpeace tent .,blue shirts,"128,198,393,512",a Greenpeace tent,"231,53,512,172",Two young people,"129,94,402,512",a megaphone,"225,222,300,354",,,,,,,,
2874,156983,open_set,"Two white-haired women , both wearing hats , play saxophones while standing in front of a pair of landscape paintings .",saxophones,"228,224,397,430",Two white-haired women,"199,180,451,512",hats,"209,182,440,255",a pair of landscape paintings,"151,7,500,310",,,,,,,,
2875,155284,open_set,A woman with long blond-hair is standing over her bicycle while other bicycles are around her .,her bicycle,"35,279,512,512",other bicycles,"35,279,512,512",long blond-hair,"149,1,272,88",A woman,"71,1,430,510",,,,,,,,
2876,154957,open_set,2 people on bikes riding away on the distant road with their backs toward us as the road they are on extends on into the distance .,the distant road,"2,162,427,509",their backs,"93,104,317,425",bikes,"100,204,312,474",2 people,"94,53,314,423",,,,,,,,
2877,158867,open_set,A young child is walking on a stone paved street with a metal pole and a man behind him .,a metal pole,"351,1,453,393",A young child,"174,80,291,512",a stone paved street,"1,374,512,510",a man,"177,1,345,360",,,,,,,,
2878,158467,open_set,A boy in a tie dyed shirt is riding a skateboard down a railing .,A boy,"297,16,478,304",a railing,"125,196,455,478",a tie dyed shirt,"345,69,431,202",a skateboard,"356,287,449,319",,,,,,,,
2879,154524,open_set,A tan dog is jumping over a hurdle that is on fire on the ends,a hurdle,"4,356,464,512",A tan dog,"138,111,325,490",the ends,"2,338,461,418",fire,"4,183,481,512",,,,,,,,
2880,154244,open_set,A small black brown and white dog catches a football in midair as a man and child look on .,child,"108,242,165,458",A small black brown and white dog,"216,158,287,352",a man,"325,98,503,508",a football,"200,175,233,250",,,,,,,,
2881,157546,open_set,"Two men , one holding the other upside down in front of a building .",a building,"8,3,510,402",the other,"147,136,488,400",one,"162,256,417,481",Two men,"147,136,488,481",,,,,,,,
2882,156541,open_set,A skateboarder does a tailslide down the side of a railing over some stairs,a tailslide,"246,179,359,212",A skateboarder,"187,35,361,210",some stairs,"250,187,512,393",the side of a railing,"87,105,370,279",,,,,,,,
2883,154473,open_set,People are climbing steps that lead up to a statue that features several green people .,People,"126,362,208,490",a statue,"321,26,363,199",steps,"89,419,512,512",several green people,"269,26,457,339",,,,,,,,
2884,157784,open_set,A man in a white shirt dances with a woman in a pink shirt .,A man,"58,68,389,512",a woman,"65,87,475,512",a white shirt,"53,169,322,439",a pink shirt,"243,193,431,449",,,,,,,,
2885,158437,open_set,A woman wearing black pants and black jacket is holding a pair of glasses .,A woman,"79,14,374,461",a pair of glasses,"41,205,120,262",black pants,"106,17,330,421",black jacket,"110,75,312,247",,,,,,,,
2886,157365,open_set,Two children swing in dusty rooftop from a swing made from a steel drum .,a steel drum,"143,253,488,422",a swing,"143,253,488,422",Two children,"52,133,423,433",dusty rooftop,"4,198,512,512",,,,,,,,
2887,156629,open_set,A man in a yellow reflective vest squats on a lawn while using on a cellphone .,a yellow reflective vest,"167,275,218,395",A man,"174,255,262,418",a cellphone,"211,264,233,290",a lawn,"1,264,507,408",,,,,,,,
2888,154868,open_set,An Asian man is removing food from a wok into a carry away container .,An Asian man,"76,6,326,512",food,"314,421,391,512",container,"314,421,391,512",a wok,"354,338,467,439",,,,,,,,
2889,155506,open_set,A child looking at a street performer who has a camera and is covered in gold paint .,gold paint,"235,12,490,472",A child,"57,278,119,496",a camera,"264,78,366,474",a street performer,"338,15,411,368",,,,,,,,
2890,156929,open_set,A man in a black cape faces off against a young boy in a tracksuit .,A man,"116,181,250,391",a young boy,"88,209,454,376",a black cape,"133,189,239,367",a tracksuit,"48,202,78,319",,,,,,,,
2891,158613,open_set,Man with shawl praying by a large lake and small boat .,shawl,"317,327,403,512",Man,"318,282,428,512",small boat,"2,289,163,392",a large lake,"1,159,510,512",,,,,,,,
2892,158718,open_set,One biker doing a stunt while onlookers watch in the far corner .,the far corner,"95,177,197,375",a stunt,"28,16,233,330",One biker,"49,124,220,283",onlookers,"95,236,188,345",,,,,,,,
2893,154732,open_set,A dog walking along a canal and his reflection is on the water .,a canal,"1,176,512,512",the water,"1,176,512,512",his reflection,"262,345,329,412",A dog,"228,54,257,103",,,,,,,,
2894,154614,open_set,A man wearing a brown button-p shirt and plaid shorts doing a one handed handstand .,a one handed handstand,"64,105,465,457",a brown button-p shirt,"124,210,325,372",A man,"43,98,476,460",plaid shorts,"236,128,468,257",,,,,,,,
2895,158796,open_set,Boy in red and blue flowered trunks jumps into pool holding green ball .,pool,"1,157,510,435",green ball,"322,11,369,46",red and blue flowered trunks,"185,275,347,482",Boy,"27,11,510,502",,,,,,,,
2896,158254,open_set,a workers standing in the road holding a stop sign in front of another worker,the road,"1,286,512,512",another worker,"282,90,406,430",a workers,"282,90,490,439",a stop sign,"391,73,453,167",,,,,,,,
2897,154902,open_set,A surfer in a black wetsuit catching a wave while another one tries to catch up with him .,a wave,"1,313,509,416",a black wetsuit,"189,195,234,267",A surfer,"185,185,234,266",another one,"180,183,423,409",,,,,,,,
2898,157583,open_set,"A group of people , including three police officers , watch women dancing around a pole .",women,"183,58,352,435",A group of people,"1,58,417,512",three police officers,"3,152,340,512",a pole,"268,3,284,184",,,,,,,,
2899,154175,open_set,"Two young women are playing volleyball , one has jumped into the air to hit the ball .",Two young women,"3,103,422,512",one,"120,103,422,315",volleyball,"171,1,234,27",the ball,"171,1,234,27",,,,,,,,
2900,158289,open_set,Person in pink skis wearing skis on a slope .,a slope,"1,229,512,508",skis,"229,302,339,320",Person,"219,186,364,320",pink skis,"201,300,362,319",,,,,,,,
2901,156463,open_set,A shirtless man with red paint on his torso holding a stick .,his torso,"118,179,400,510",red paint,"233,73,381,399",A shirtless man,"114,36,510,512",a stick,"164,1,512,184",,,,,,,,
2902,158836,open_set,A group of people sit on pavement wearing dark shoes and warm clothes .,A group of people,"1,13,510,425",warm clothes,"2,86,512,278",pavement,"1,399,512,510",dark shoes,"144,328,512,472",,,,,,,,
2903,158403,open_set,A policeman walking into a set of double doors as a man in a black shirt exits .,A policeman,"233,187,357,510",a man,"233,187,357,510",a black shirt,"222,173,346,507",a set of double doors,"88,4,422,512",,,,,,,,
2904,155630,open_set,White dog holding pink floppy Frisbee in mouth jumping with all four feet off the ground .,mouth,"360,172,396,217",pink floppy Frisbee,"361,187,395,253",all four feet,"216,246,398,478",White dog,"151,99,395,472",,,,,,,,
2905,155866,open_set,The woman wearing the pink blazer is talking to the man wearing the golf cap .,the pink blazer,"22,165,235,394",the man,"270,46,493,422",The woman,"2,92,264,510",the golf cap,"317,44,391,108",,,,,,,,
2906,158541,open_set,A man sitting down and leaning against a pole reading a newspaper at the beach .,a pole,"421,1,505,431",a newspaper,"348,336,421,394",A man,"344,306,444,417",the beach,"2,248,512,507",,,,,,,,
2907,154692,open_set,A boy hitting a girl on a skateboard with a plushie snake .,a skateboard,"78,436,299,510",A boy,"1,1,121,498",a plushie snake,"123,222,285,345",a girl,"101,52,287,473",,,,,,,,
2908,155973,open_set,"At an outdoor event , one man is speaking into a megaphone while another man is holding the megaphone .",one man,"257,94,402,512",another man,"129,106,286,512",the megaphone,"225,222,300,354",a megaphone,"225,222,300,354",,,,,,,,
2909,156998,open_set,A man dressed in blue places mop inside a green bucket as he stands on a roof that overlooks a city .,a roof,"1,434,509,510",blue places,"302,157,423,484",A man,"302,157,423,484",a green bucket,"160,413,232,474",,,,,,,,
2910,154691,open_set,A young boy is draping a toy over a young girl on a skateboard .,a skateboard,"78,436,299,510",A young boy,"1,1,121,498",a toy,"95,215,289,356",a young girl,"101,52,287,473",,,,,,,,
2911,156143,open_set,A messy blond-haired baby feeds an individual wearing a red shirt on grass .,a red shirt,"377,133,509,473",A messy blond-haired baby,"26,90,325,487",grass,"1,202,496,512",an individual,"292,15,512,512",,,,,,,,
2912,155287,open_set,A female wearing bicycle racing gear and a helmet is on a bike .,bicycle racing gear,"161,49,394,405",a bike,"35,279,512,512",a helmet,"71,1,174,64",A female,"71,1,430,510",,,,,,,,
2913,155629,open_set,"Someone , wearing a flag as a cape , is carrying 6 beers .",a cape,"279,130,478,512",a flag,"292,135,482,508",Someone,"184,3,478,512",6 beers,"178,312,309,512",,,,,,,,
2914,153998,open_set,A small boy grins in a crowd full of people posing with their eyes closed in a sleeping position .,a crowd full of people,"1,3,428,510",A small boy,"165,100,263,510",a sleeping position,"81,9,512,510",their eyes,"184,80,442,169",,,,,,,,
2915,154829,open_set,A man and woman sit on a car and watch the road .,the road,"238,136,510,473",woman,"237,114,448,509",a car,"43,483,333,512",A man,"68,73,248,490",,,,,,,,
2916,157912,open_set,A man and woman are reading from a script into a microphone .,woman,"5,78,220,507",a script,"226,152,352,333",A man,"225,15,480,512",a microphone,"252,92,303,170",,,,,,,,
2917,155555,open_set,Several people are in an enclosed garden space while a young Black boy and another person hold onto a wooden frame of a raised plant bed .,a young Black boy,"216,64,483,505",Several people,"6,1,171,322",another person,"144,40,320,412",a wooden frame of a raised plant bed,"1,364,451,512",,,,,,,,
2918,156080,open_set,Someone with a tattoo of a lady on their leg stands with a white dog .,a white dog,"21,120,401,393",Someone,"1,1,197,371",their leg,"99,100,180,376",a tattoo of a lady,"106,175,166,287",,,,,,,,
2919,158570,open_set,Two men wearing khaki pants are looking at a tree that has just been felled by a saw .,a tree,"118,312,512,493",khaki pants,"22,273,70,424",a saw,"112,349,159,398",Two men,"20,132,201,447",,,,,,,,
2920,153949,open_set,A man plays a guitar for a sick child in a hospital,a sick child,"1,333,115,512",a hospital,"1,4,512,508",A man,"218,39,512,512",a guitar,"218,39,512,512",,,,,,,,
2921,156196,open_set,A woman next to a stroller stops for a drink of water on a bench .,a drink of water,"386,365,405,409",a stroller,"1,361,127,494",a bench,"242,364,511,512",A woman,"277,296,362,457",,,,,,,,
2922,156201,open_set,A man wearing denim plays a bass against a dun wall .,A man,"119,99,268,472",denim,"119,144,260,465",a bass,"184,43,312,452",a dun wall,"1,1,510,456",,,,,,,,
2923,155510,open_set,"Five people , sledding outside on a snow covered road with tree 's also covered in snow to the side of them .",a snow,"1,1,512,512",Five people,"9,135,479,375",tree 's,"1,2,218,121",road,"1,129,512,510",,,,,,,,
2924,155875,open_set,A man sweeps the road in front of a wall with graffiti and two flats set against it .,two flats,"236,299,409,415",the road,"1,453,512,512",a wall,"3,83,416,396",A man,"412,262,467,472",,,,,,,,
2925,154032,open_set,A little boy holds hands with a woman while walking with a man in a red shirt .,a man,"1,2,185,468",hands,"131,169,188,244",A little boy,"165,111,368,457",a red shirt,"1,1,152,185",,,,,,,,
2926,157491,open_set,Skateboarder wearing shades in front of a wall that looks like fishscales .,shades,"312,135,340,154",Skateboarder,"268,120,384,469",fishscales,"2,27,510,460",a wall,"2,27,510,460",,,,,,,,
2927,154814,open_set,A boy in a red shirt is holding a phone to his ear .,a phone,"206,301,227,321",A boy,"190,268,291,510",his ear,"245,290,266,309",a red shirt,"185,318,293,399",,,,,,,,
2928,156891,open_set,A man sits on the steps next to two men with rifles .,A man,"10,144,112,425",rifles,"215,159,407,369",two men,"189,35,429,455",the steps,"1,221,329,458",,,,,,,,
2929,154121,open_set,A man in a green coat checks the carriage equipment hooked up to his black horse .,a green coat,"74,221,218,510",his black horse,"134,77,512,508",A man,"72,171,225,512",the carriage equipment,"189,255,470,512",,,,,,,,
2930,154852,open_set,A black dog with white paws stands on a large rock in a field .,a field,"1,152,512,363",A black dog,"124,171,427,362",a large rock,"3,291,508,512",white paws,"118,297,206,361",,,,,,,,
2931,155209,open_set,An older man holding a young child is talking on a cellphone while sitting on a concrete barrier .,a concrete barrier,"1,358,512,512",a young child,"248,206,310,381",a cellphone,"205,163,257,223",An older man,"114,125,403,512",,,,,,,,
2932,155476,open_set,Two baseball players in orange shirts and white pants grab a ball on a grassy baseball field .,a ball,"251,183,263,202",orange shirts,"219,220,290,297",Two baseball players,"219,172,295,416",white pants,"231,272,300,444",,,,,,,,
2933,158000,open_set,A man holds up an older man as the older man bends down to check out plants .,A man,"293,100,438,489",plants,"1,223,212,451",an older man,"103,191,342,463",the older man,"103,191,342,463",,,,,,,,
2934,156291,open_set,A guy in khakis and sandals is at a laundry mat .,khakis,"208,317,275,419",sandals,"211,462,307,497",A guy,"135,209,294,498",a laundry mat,"4,3,512,512",,,,,,,,
2935,157128,open_set,A man in a gray jacket and black pants standing inside of a bus .,A man,"179,152,358,503",a bus,"4,1,510,512",black pants,"189,320,330,493",a gray jacket,"170,186,329,335",,,,,,,,
2936,155351,open_set,An orange boat with three men in life jackets aboard is making a turn in an ocean setting .,an ocean,"1,213,512,512",three men,"162,173,269,255",life jackets,"166,190,259,252",An orange boat,"63,193,367,399",,,,,,,,
2937,156599,open_set,Person dressed in black with a blue hat next to several cats outside .,several cats,"108,125,396,322",Person,"197,34,308,211",black,"210,70,296,167",a blue hat,"225,27,268,77",,,,,,,,
2938,157573,open_set,At a baseball game the player numbered 16 is trying to get out the runner numbered 25 .,the runner,"274,84,471,463",25,"367,165,432,219",the player,"35,84,471,463",16,"103,184,153,241",,,,,,,,
2939,156784,open_set,An older man wearing a chinese outfit shooting a large bow at a target,An older man,"127,169,297,482",a large bow,"239,38,293,326",a target,"376,241,492,261",a chinese outfit,"128,202,272,491",,,,,,,,
2940,154763,open_set,Men in suits watch a slide show in front of a mural of the Golden Gate Bridge .,a mural of the Golden Gate Bridge,"97,20,364,256",Men,"147,90,510,512",a slide show,"1,4,92,436",suits,"144,223,350,512",,,,,,,,
2941,154633,open_set,Three people on a walk down a cement path beside a field of wildflowers with skyscrapers in the background .,skyscrapers,"1,1,498,263",a cement path,"1,295,179,498",a field of wildflowers,"4,328,509,512",Three people,"36,260,142,424",,,,,,,,
2942,156481,open_set,"An older man with a graying beard sits in front of works of art , in a wide-brimmed hat .",a wide-brimmed hat,"251,171,362,262",An older man,"231,173,499,512",works of art,"1,1,460,479",a graying beard,"292,274,331,309",,,,,,,,
2943,157271,open_set,A man with a beard and white shirt talks to a woman in green outside in the street .,A man,"2,53,221,511",white shirt,"2,195,219,510",a woman,"331,151,512,511",a beard,"104,149,182,242",,,,,,,,
2944,155779,open_set,A man with brown hair is all wet wearing a black shirt that someone is helping him with .,someone,"1,184,220,300",brown hair,"186,46,351,206",A man,"102,48,462,512",a black shirt,"116,223,406,512",,,,,,,,
2945,156359,open_set,Two men are in a cherry picker looking at the billboard which has a picture of a blond woman on it .,the billboard,"1,82,512,510",a picture of a blond woman,"1,82,512,510",a cherry picker,"2,212,161,375",Two men,"72,200,135,310",,,,,,,,
2946,155421,open_set,"Shirtless , tattooed man rides skateboard down blurring street near beach .",blurring street,"2,396,510,512",Shirtless,"189,53,331,427",tattooed man,"189,53,331,427",beach,"1,270,510,512",,,,,,,,
2947,154544,open_set,The man and woman are posing with fake glasses and moustaches .,moustaches,"155,180,358,257",fake glasses,"142,87,377,214",The man,"31,20,493,512",woman,"233,80,461,512",,,,,,,,
2948,156849,open_set,There are three people in their mid 20 's that are drinking energy drinks in front of a recycling bin .,their mid 20 's,"151,103,482,512",three people,"149,103,482,512",energy drinks,"204,161,248,237",a recycling bin,"265,206,326,394",,,,,,,,
2949,154843,open_set,A little boy kisses a little girl while sitting on hay bales surrounded by Halloween decorations .,Halloween decorations,"135,15,428,308",A little boy,"233,254,395,501",a little girl,"151,249,264,480",hay bales,"4,336,509,512",,,,,,,,
2950,155904,open_set,A guy with blue spiky hair and his band performing in front of an audience .,his band,"25,222,450,448",an audience,"1,222,512,512",A guy,"275,222,332,444",blue spiky hair,"289,209,321,262",,,,,,,,
2951,156920,open_set,The woman is relaxing by dipping her feet in water at a rocky area .,a rocky area,"2,121,507,342",water,"1,332,464,512",her feet,"189,364,290,471",The woman,"150,202,341,433",,,,,,,,
2952,154228,open_set,A small child with brown hair sitting on the seat of a red motorbike on the side of the street .,A small child,"202,67,445,508",brown hair,"265,77,400,251",the seat of a red motorbike,"1,242,285,512",the side of the street,"211,183,510,512",,,,,,,,
2953,157969,open_set,A young girl with dirt on her face and a red child 's bike is in the background .,dirt,"261,200,349,256",A young girl,"191,49,396,510",her face,"251,139,353,275",a red child 's bike,"272,23,496,439",,,,,,,,
2954,155097,open_set,"A woman walking in a street with a young boy in front of her , and a running man behind her .",a street,"1,1,509,507",A woman,"188,105,473,490",a running man,"356,105,473,400",a young boy,"66,240,133,446",,,,,,,,
2955,158381,open_set,A child is spilling a set of Legos out of a bag onto a table .,a bag,"201,293,373,402",A child,"132,68,448,403",a table,"3,363,510,512",a set of Legos,"1,332,512,512",,,,,,,,
2956,155379,open_set,A couple strolls down a path near benches and water .,water,"57,2,512,151",benches,"3,177,510,346",A couple,"356,48,510,506",a path,"49,416,512,512",,,,,,,,
2957,153978,open_set,A person on skis is flying through the air near a brick building surrounded by snow .,a brick building,"81,135,512,510",A person,"146,97,279,182",snow,"75,294,235,360",skis,"94,125,314,189",,,,,,,,
2958,154639,open_set,This man is wearing a red helmet and flip-flops and driving a Spyder .,This man,"178,146,248,367",a red helmet,"205,151,240,208",flip-flops,"204,337,239,363",a Spyder,"111,175,321,408",,,,,,,,
2959,155640,open_set,Redhead woman in pigtails and glasses sewing on a sewing machine .,glasses,"145,156,253,239",a sewing machine,"289,147,510,508",Redhead woman,"2,3,332,512",pigtails,"4,19,144,312",,,,,,,,
2960,155264,open_set,Six children are sitting in two rows with plastic bags on the desk in front of them .,the desk,"40,314,371,506",Six children,"1,10,512,506",two rows,"1,10,512,343",plastic bags,"12,123,512,506",,,,,,,,
2961,158685,open_set,A girl wearing a Sea World shirt and holding a water bottle is standing next to a sign .,a water bottle,"124,340,161,395",a Sea World shirt,"70,292,169,380",A girl,"68,254,203,512",a sign,"94,98,453,352",,,,,,,,
2962,158758,open_set,A line of people hold candles and signs to promote saving trees .,A line of people,"11,50,439,512",signs,"21,153,136,316",trees,"25,167,83,229",candles,"15,176,177,278",,,,,,,,
2963,154932,open_set,a family gathers for a nice meal in a comfortable home watching tv next to the fireplace .,a family,"2,130,263,512",the fireplace,"431,169,512,262",a nice meal,"109,246,300,461",tv,"328,144,392,221",,,,,,,,
2964,154559,open_set,The T-shirt worn by the man has a bright orange peace symbol on the back .,The T-shirt,"253,172,512,512",the man,"253,3,509,508",a bright orange peace symbol,"396,265,493,432",the back,"252,196,512,502",,,,,,,,
2965,158666,open_set,A man and a woman look at the sky while the man smokes a cigarette .,a woman,"285,64,510,509",a cigarette,"81,319,120,344",the man,"1,62,270,512",A man,"1,62,270,512",,,,,,,,
2966,154879,open_set,A man with a black North Face vest and hat looks at items displayed .,hat,"107,118,387,217",a black North Face vest,"1,211,420,512",items,"318,131,512,512",A man,"1,118,512,510",,,,,,,,
2967,155490,open_set,A man and a woman pose together awaiting their picture to be taken by a kneeling photographer surrounded by graffiti .,graffiti,"4,1,512,374",a kneeling photographer,"381,185,499,431",A man,"21,40,117,399",a woman,"29,95,108,400",,,,,,,,
2968,157589,open_set,A girl with a pink handbag buying a hotdog at a hotdog cart .,a hotdog,"168,279,234,308",A girl,"135,260,203,512",a pink handbag,"151,303,205,401",a hotdog cart,"74,141,403,499",,,,,,,,
2969,157359,open_set,Two men shaving their faces while a woman in an orange shirt watches .,an orange shirt,"318,262,510,360",their faces,"2,57,389,316",Two men,"6,54,510,512",a woman,"320,184,498,359",,,,,,,,
2970,157444,open_set,A young woman watches as a young blond boy swings in a chair swing with buildings visible in the background .,a young blond boy,"223,116,328,285",buildings,"5,341,360,441",a chair,"216,65,329,286",A young woman,"329,105,429,475",,,,,,,,
2971,157219,open_set,Three people lean against a railing and look at buildings across the water .,a railing,"1,259,511,395",the water,"1,245,511,423",buildings,"1,175,423,236",Three people,"102,230,306,417",,,,,,,,
2972,158567,open_set,A woman is standing in the street with a baby in a sling .,A woman,"129,82,288,512",a baby,"240,196,323,301",a sling,"174,173,322,324",the street,"6,151,420,512",,,,,,,,
2973,156820,open_set,A girl with a ponytail in a black soccer uniform prepares to kick the ball .,a black soccer uniform,"183,141,355,344",A girl,"167,25,400,436",a ponytail,"236,29,384,117",the ball,"96,380,198,459",,,,,,,,
2974,158800,open_set,"A girl in a purple dress is sitting on furniture with red pillows , while smiling for the camera .",a purple dress,"113,338,235,510",red pillows,"277,323,481,512",A girl,"110,258,252,510",furniture,"3,344,512,512",,,,,,,,
2975,154159,open_set,A woman wearing a black fur coat is walking down the street holding an umbrella .,A woman,"325,53,510,502",the street,"3,214,511,447",an umbrella,"182,10,441,152",a black fur coat,"345,123,511,360",,,,,,,,
2976,158470,open_set,A man in tan pants is eating while sitting next to a plate and a pair of shoes .,a plate,"248,428,468,510",A man,"4,61,335,510",a pair of shoes,"398,342,512,415",tan pants,"1,337,339,508",,,,,,,,
2977,154773,open_set,Two people with a bit of equipment sitting on some rocks with snow in the background .,some rocks,"1,167,512,512",a bit of equipment,"94,337,204,484",snow,"8,1,508,197",Two people,"23,147,320,458",,,,,,,,
2978,157526,open_set,A man skis past another man displaying paintings in the snow .,the snow,"1,308,512,510",A man,"372,143,476,453",paintings,"40,278,178,428",another man,"11,129,98,414",,,,,,,,
2979,154826,open_set,Male with goggles sitting on the floor with a pamphlet .,Male,"326,146,417,224",a pamphlet,"192,300,309,391",the floor,"1,212,512,512",goggles,"189,119,313,162",,,,,,,,
2980,153977,open_set,A man using ski gear is jumping through the air near a brick building and blue guardrails .,a brick building,"6,131,512,311",blue guardrails,"328,136,507,159",A man,"146,97,279,182",ski gear,"94,125,314,189",,,,,,,,
2981,156799,open_set,A toddler wearing bright colors is using a stick to poke something inside a pool .,bright colors,"272,92,485,303",A toddler,"245,24,499,322",a stick,"3,190,274,502",a pool,"1,335,373,512",,,,,,,,
2982,154171,open_set,A small girl in a dress blows bubbles in a grassy field .,bubbles,"239,183,269,211",A small girl,"61,20,428,512",a dress,"58,202,439,510",a grassy field,"4,1,509,512",,,,,,,,
2983,158743,open_set,A woman in a long dress is hanging clothes on a clothesline .,a clothesline,"169,185,512,251",A woman,"117,205,184,401",a long dress,"113,238,184,370",clothes,"171,182,502,260",,,,,,,,
2984,156808,open_set,An old man wearing a gray jacket is looking at a red bus on the street next to a large sign .,a gray jacket,"110,231,226,358",a red bus,"19,3,512,371",a large sign,"255,147,447,367",An old man,"110,196,226,444",,,,,,,,
2985,157220,open_set,Three people standing on boardwalk looking at buildings across the water .,the water,"1,245,511,423",boardwalk,"1,335,511,508",buildings,"1,175,423,236",Three people,"102,230,306,417",,,,,,,,
2986,156631,open_set,A man sitting on a rock in a grass field talking on his cellphone .,a rock,"164,393,200,410",A man,"174,255,262,418",his cellphone,"211,264,233,290",a grass field,"1,264,507,408",,,,,,,,
2987,155405,open_set,A white dog with long hair wades through a pond surrounded by green grass .,a pond,"1,213,510,512",long hair,"174,96,512,479",A white dog,"70,90,507,465",green grass,"2,3,510,470",,,,,,,,
2988,157053,open_set,A young girl is cleaning a pair of boots on a rug inside a doorway .,a pair of boots,"212,198,344,375",A young girl,"212,92,367,322",a rug,"1,251,512,447",a doorway,"342,1,449,212",,,,,,,,
2989,155115,open_set,A middle-aged oriental woman in a green headscarf and blue shirt is flashing a giant smile .,blue shirt,"98,310,387,512",a green headscarf,"164,23,348,321",a giant smile,"247,245,312,310",A middle-aged oriental woman,"96,18,382,512",,,,,,,,
2990,154034,open_set,"A Toddler with a blue design shirt , and gray short waling with his family .",his family,"1,2,185,468",gray short,"172,176,368,379",A Toddler,"165,111,368,457",a blue design shirt,"172,176,368,281",,,,,,,,
2991,157729,open_set,The lady with the pink top is playing the guitar outside a shop window .,the pink top,"7,194,469,474",a shop window,"1,2,512,509",The lady,"5,135,512,512",the guitar,"5,135,512,512",,,,,,,,
2992,156403,open_set,A man with face peircings and a red fadora hat smiles at a fair .,a red fadora,"258,15,398,155",hat,"258,15,398,155",A man,"260,13,512,512",face peircings,"346,146,363,259",,,,,,,,
2993,155951,open_set,A man with a beard holds a pair of tongs at a restaurant table .,A man,"51,78,498,409",a beard,"137,187,274,279",a restaurant table,"1,193,512,512",a pair of tongs,"125,237,165,303",,,,,,,,
2994,155124,open_set,A man in a purple shirt attempts tricks with a skateboard inside a heavily graffiti painted area .,A man,"46,195,148,477",a heavily graffiti,"4,88,509,327",a skateboard,"81,390,140,500",a purple shirt,"81,220,149,340",,,,,,,,
2995,154109,open_set,"A woman stands in a field near a car , and looks through binoculars .",binoculars,"70,324,100,333",a car,"221,291,512,379",A woman,"67,316,122,380",a field,"1,179,512,512",,,,,,,,
2996,158707,open_set,Man holding a large stick and wearing gray pants and shirt .,a large stick,"2,1,205,459",Man,"100,59,512,512",shirt,"106,141,465,512",gray pants,"188,416,346,512",,,,,,,,
2997,155985,open_set,A man in a green jacket at the supermarket looking over products to buy .,A man,"396,150,449,428",the supermarket,"4,3,470,510",products,"4,3,470,510",a green jacket,"395,186,449,290",,,,,,,,
2998,156566,open_set,A man dressed in all black with a green helmet is skiing down a ski slope .,a ski slope,"1,304,512,512",A man,"156,256,334,451",a green helmet,"169,253,207,305",all black,"159,287,330,464",,,,,,,,
2999,158730,open_set,"A person standing in front of a window overlooking a large body of water , next to a large indoor pool .",a window,"1,301,512,476",a large body of water,"2,420,512,468",A person,"187,408,222,465",a large indoor pool,"1,458,512,512",,,,,,,,
3000,158138,open_set,A man with sunglasses on his head is standing by signs for the Wharf and ferry terminal .,A man,"13,44,365,512",signs,"292,129,491,328",sunglasses,"37,33,217,185",his head,"38,40,233,441",,,,,,,,
3001,157459,open_set,A female basketball player wearing a red uniform is holding a basketball and looking up while an arm is trying to block her .,a red uniform,"272,202,512,491",A female basketball player,"59,48,512,512",an arm,"115,145,510,276",a basketball,"1,375,184,512",,,,,,,,
3002,154949,open_set,A child in an orange shirt examines the propeller on a large radial aircraft engine .,A child,"21,280,112,458",the propeller,"1,35,510,391",a large radial aircraft engine,"1,35,510,391",an orange shirt,"33,320,84,371",,,,,,,,
3003,158157,open_set,A young woman wearing a black shirt and black shorts jumps in the air at the beach .,black shorts,"178,233,338,302",the beach,"3,304,512,409",a black shirt,"99,90,330,302",A young woman,"70,58,404,402",,,,,,,,
3004,158383,open_set,A boy in an orange shirt is pouring Legos from a bag .,a bag,"201,293,373,402",Legos,"1,332,512,512",A boy,"132,68,448,403",an orange shirt,"129,184,459,395",,,,,,,,
3005,156768,open_set,A woman stands with children on a boardwalk at night overlooking the sea .,children,"247,170,495,486",a boardwalk,"1,135,512,505",the sea,"1,135,512,505",A woman,"106,115,234,489",,,,,,,,
3006,158741,open_set,A woman in a blue and red dress stands outside her house hanging the laundry .,her house,"1,3,296,413",A woman,"117,205,184,401",a blue and red dress,"113,238,184,370",the laundry,"169,177,512,262",,,,,,,,
3007,158657,open_set,A man holds a dog and a beer while sitting in a floral armchair .,A man,"150,34,391,510",a floral armchair,"67,76,425,507",a beer,"291,241,319,353",a dog,"175,176,237,335",,,,,,,,
3008,158736,open_set,A man in a blue shirt with gray hair is looking through a camera with mountains in the background .,a camera,"275,10,363,151",a blue shirt,"111,160,462,447",A man,"116,26,461,486",gray hair,"228,38,316,124",,,,,,,,
3009,154573,open_set,A man with a beard and two others put something up on the wall .,two others,"12,185,316,512",the wall,"225,4,512,501",a beard,"208,317,263,362",something,"288,182,331,271",A man,"12,275,316,512",,,,,,
3010,156735,open_set,"A man with glasses , a red shirt and black jacket is playing a trumpet .",glasses,"56,95,126,144",a trumpet,"86,142,322,324",black jacket,"1,144,182,510",A man,"1,36,214,512",a red shirt,"1,136,80,260",,,,,,
3011,158370,open_set,"A man poses in mid jump beside a left turn road sign and a recumbent bicycle in the snow , behind him there is a large body of water .",a left turn road sign,"400,177,456,251",A man,"214,200,300,361",a recumbent bicycle,"307,314,461,453",the snow,"1,356,512,512",a large body of water,"1,251,512,442",,,,,,
3012,158656,open_set,a man wearing glasses is seated holding a small dog on a leash and a long neck bottle,a man,"150,34,391,510",a small dog,"175,176,237,335",a leash,"89,247,217,512",a long neck bottle,"291,241,319,353",glasses,"242,68,295,96",,,,,,
3013,155485,open_set,A woman in a cowboy hat holding a rope and riding a horse chases down a calf as part of a rodeo .,A woman,"188,135,236,307",a rope,"193,228,247,254",a calf,"344,259,446,388",a cowboy hat,"191,134,226,167",a horse,"137,173,321,376",,,,,,
3014,154041,open_set,"A dingy indoor scene shows an apparent renovation or construction project in progress , with a drop-cloth on stairs , scaffolding , and a man in hard-hat and orange safety vest looking away outside .",a drop-cloth,"128,300,461,512",a man,"274,173,335,287",scaffolding,"155,87,292,400",stairs,"111,246,501,510",hard-hat and orange safety vest,"274,162,326,236",,,,,,
3015,156471,open_set,A black dog with his pink tongue sticking out running on the beach with a white dog wearing a red collar .,his pink tongue,"118,258,139,285",a red collar,"343,196,388,267",A black dog,"97,147,174,376",the beach,"2,31,509,509",a white dog,"329,157,392,317",,,,,,
3016,157509,open_set,Two men in all black practice a fighting sport with sticks while a man in a blue shirt looks on .,all black practice,"77,68,196,496",a man,"385,25,457,258",a blue shirt,"403,53,449,135",Two men,"76,22,373,505",sticks,"116,136,195,302",,,,,,
3017,156436,open_set,A man with dreadlocks and a backpack walks down the sidewalk with colorful buildings in the background .,the sidewalk,"74,288,285,512",dreadlocks,"101,208,148,293",a backpack,"82,267,150,416",colorful buildings,"4,1,510,336",A man,"83,213,164,510",,,,,,
3018,156724,open_set,A man with a dark blue shirt and hat wears glasses next to a taxi .,hat,"133,121,322,224",a dark blue shirt,"11,256,268,512",glasses,"183,186,297,238",A man,"6,114,319,512",a taxi,"1,149,512,510",,,,,,
3019,156200,open_set,A man in a blue shirt and jeans plays bass on the street .,bass,"184,43,312,452",jeans,"118,261,231,465",A man,"119,99,268,472",a blue shirt,"123,148,247,278",the street,"2,409,510,511",,,,,,
3020,155333,open_set,A girl in black shorts and a black shirts is vac-cumming beneath the dishwasher in a kitchen .,A girl,"143,81,299,440",a black shirts,"189,114,283,203",black shorts,"162,192,277,284",a kitchen,"1,334,509,437",the dishwasher,"1,195,173,362",,,,,,
3021,157854,open_set,A man in a red shirt and jeans on a cherry picker holds onto a wooden sign .,a red shirt,"122,194,168,272",jeans,"100,262,151,327",a wooden sign,"225,142,282,325",a cherry picker,"105,179,238,331",A man,"105,179,238,331",,,,,,
3022,157668,open_set,A woman in a blue athletic outfit is completing a high jump while two men photograph her and one man is watching from behind a fence .,a blue athletic outfit,"134,41,457,402",a fence,"1,26,512,342",A woman,"125,41,456,410",one man,"462,148,512,256",two men,"97,174,512,395",,,,,,
3023,154685,open_set,A woman and a young girl sharing smiles at a table with a glass of water on it .,a table,"2,326,512,512",a young girl,"284,139,466,359",A woman,"2,2,347,349",smiles,"236,146,282,214",a glass of water,"449,285,512,412",,,,,,
3024,158860,open_set,"A little girl wearing a polka dot shirt is standing in front of a sink washing clothes out , with a few wet items next to her .",A little girl,"115,43,347,512",a sink,"247,277,452,370",a polka dot shirt,"119,195,240,505",a few wet items,"310,339,485,434",clothes,"119,195,482,505",,,,,,
3025,155050,open_set,"policeman standing guard along side many protesters , one of which is holding a sign against prop 16 .",a sign,"14,109,72,179",policeman,"202,184,342,512",guard,"202,184,342,512",many protesters,"1,115,509,512",prop 16,"9,106,73,181",,,,,,
3026,155298,open_set,"A man wearing a black shirt , jeans , and skate shoes is jumping near a pond .",jeans,"97,184,379,336",A man,"30,44,427,333",skate shoes,"16,267,308,330",a black shirt,"103,82,416,209",a pond,"103,465,462,487",,,,,,
3027,155881,open_set,"Two men in combat fatigues , one grabs the other 's foot on grass near parking lot .",combat fatigues,"343,86,443,461",one,"343,86,443,461",Two men,"253,86,473,461",parking lot,"1,1,512,255",grass,"1,240,510,512",,,,,,
3028,156401,open_set,A man wearing a black tank top and red plaid hat is smiling as a man behind him is playing with a colorful object .,a colorful object,"150,202,205,327",A man,"260,13,512,512",red plaid hat,"258,15,398,155",a black tank top,"287,181,484,512",a man,"2,210,135,478",,,,,,
3029,158670,open_set,"A woman with a ponytail taking pictures with her phone , standing in a crowd .",a ponytail,"212,184,416,468",a crowd,"3,1,512,329",pictures,"112,123,232,177",her phone,"93,100,247,181",A woman,"4,93,508,512",,,,,,
3030,157241,open_set,A woman wearing a white hat and a black shirt paints a scene from the Grand Canyon .,a white hat,"49,21,198,116",a black shirt,"1,192,180,512",A woman,"5,14,329,506",a scene,"327,147,443,323",the Grand Canyon,"327,147,443,323",,,,,,
3031,156461,open_set,A man with several red marks on his body is holding a flag while people in the background are cheering,A man,"114,36,510,512",his body,"147,179,384,456",several red marks,"233,73,381,399",a flag,"164,1,512,184",people,"1,58,510,411",,,,,,
3032,158760,open_set,"The little boy in the red coat and tan pants is at the top of the slide , holding on to the handles of the slide .",The little boy,"55,22,387,430",the handles of the slide,"46,253,398,316",the top of the slide,"26,287,407,512",the red coat,"30,114,399,256",tan pants,"79,257,325,395",,,,,,
3033,154747,open_set,Three rugby players in a field two are in a sprinting stance but all three have masks to protect their faces .,their faces,"98,185,373,237",Three rugby players,"39,167,502,390",all three,"39,167,502,390",two,"39,167,419,390",masks,"296,186,367,237",,,,,,
3034,155202,open_set,Two people dressed in black facing away from the camera with skull bones on their jacket and backpack respectively .,their jacket,"155,89,460,369",skull bones,"155,89,442,303",backpack,"365,183,452,310",black,"155,84,460,509",Two people,"151,25,455,512",,,,,,
3035,155072,open_set,Two guys and one girl are sitting at a table in a bar drinking beer .,one girl,"268,214,456,510",beer,"53,211,398,512",a bar,"1,2,512,512",a table,"2,361,340,512",Two guys,"63,173,324,461",,,,,,
3036,155180,open_set,"Two men , one with a camera and another with hair clippers are helping another man in kitchen .",Two men,"88,6,295,413",a camera,"143,168,198,228",one,"88,6,293,248",another man,"81,173,358,512",hair clippers,"286,177,318,228",,,,,,
3037,157774,open_set,A grand master and students in a martial arts class bow towards each other in a gesture of respect for each other and the sacred art .,the sacred art,"154,285,220,365",a gesture of respect,"79,139,407,415",A grand master,"75,138,266,390",students,"75,3,505,472",a martial arts class,"76,6,507,478",,,,,,
3038,157040,open_set,A woman in blue holds a large ball while conversing with a woman in black .,a large ball,"165,250,268,410",black,"259,187,366,412",blue,"82,79,182,347",A woman,"256,76,366,508",a woman,"256,76,366,508",,,,,,
3039,154737,open_set,"A man carrying a surfboard is walking across the beach during sunset , gazing into the horizon as the waves gently wash into shore .",shore,"2,301,510,512",the beach,"2,301,510,512",the waves,"2,204,512,310",a surfboard,"355,223,479,275",A man,"360,179,474,339",,,,,,
3040,155692,open_set,"Two men are climbing up a light pole , one posing with this tongue out while the other is smiling .",Two men,"3,146,433,512",this tongue,"177,305,229,333",the other,"289,146,433,330",one,"3,249,385,512",a light pole,"197,59,351,477",,,,,,
3041,155000,open_set,A young blond girl in pink shirt and pigtails is sitting atop a man 's shoulders in a crowd .,pigtails,"216,161,314,233",a crowd,"1,360,506,512",pink shirt,"103,159,460,378",A young blond girl,"40,62,460,498",a man 's shoulders,"152,439,444,512",,,,,,
3042,157775,open_set,"On wooden floor , martial arts instructor bowing before students with all in blue martial arts clothing .",blue martial arts clothing,"79,69,510,481",martial arts instructor,"75,138,266,390",all,"75,3,505,472",students,"76,6,507,478",wooden floor,"3,295,510,512",,,,,,
3043,155968,open_set,"Baskets of fresh cabbage , tomatoes , beans and other produce sit outside in an open air market .",an open air market,"1,139,512,512",beans,"382,235,505,329",other produce,"3,1,55,155",Baskets of fresh cabbage,"182,250,210,281",tomatoes,"154,353,269,418",,,,,,
3044,154493,open_set,a girl in a red shirt looks at her mom in a crowd of people sitting in white plastic chairs,a red shirt,"382,366,499,512",a girl,"377,230,512,512",a crowd of people,"1,76,427,512",her mom,"191,199,404,512",white plastic chairs,"30,322,204,512",,,,,,
3045,154315,open_set,A blond-haired girl in denim shorts climbs a retaining wall along a path next to a river .,a path,"292,224,512,343",a retaining wall,"195,256,502,507",a river,"1,177,181,360",A blond-haired girl,"219,240,361,437",denim shorts,"229,336,293,387",,,,,,
3046,154334,open_set,A line of horses walks on a road as a car sits to the side with the hood and trunk open .,trunk open,"7,204,41,268",a car,"4,184,100,366",the hood,"69,210,104,317",a road,"76,55,496,379",A line of horses,"88,123,509,353",,,,,,
3047,157978,open_set,Two paddlers in a red canoe approach a couple of large rocks in the rushing river with conifers in the background .,the rushing river,"3,303,512,511",Two paddlers,"166,253,266,332",a couple of large rocks,"376,355,448,412",conifers,"1,1,512,282",a red canoe approach,"137,309,296,360",,,,,,
3048,157704,open_set,"A pair of street performers , one on stilts and the other with a suitcase , perform outdoors .",one,"123,23,327,393",a suitcase,"341,217,512,330",the other,"270,153,441,381",stilts,"127,194,321,389",A pair of street performers,"123,23,441,393",,,,,,
3049,155210,open_set,A man wearing a green jacket is talking on the phone while holding a baby wearing a pink jacket .,a green jacket,"116,176,267,399",the phone,"205,163,257,223",a baby,"248,206,310,381",a pink jacket,"246,254,313,350",A man,"114,125,403,512",,,,,,
3050,156078,open_set,A person in shorts with a tattooed calf holds the leash of a large white dog in a blue vest .,shorts,"3,7,188,131",a blue vest,"215,142,305,235",a tattooed calf,"108,145,291,291",A person,"1,1,197,371",the leash of a large white dog,"22,118,397,395",,,,,,
3051,158187,open_set,"Several people , including children , are on a red carnival ride which is being operated by a man in a green headscarf .",a man,"191,365,278,510",a red carnival ride,"7,95,509,509",children,"396,331,451,460",a green headscarf,"209,359,247,423",Several people,"191,107,454,512",,,,,,
3052,155874,open_set,"An urban , outdoor , daytime setting shows a building with blue walls and prominent graffiti ; with two pallets leaning against the building and a sign overhead that says "" TAY SHING CORP. 1 ALLEN ST. "" .",two pallets,"241,307,408,413",a sign overhead,"147,1,510,83",blue walls,"3,83,416,396",a building,"2,1,512,404",the building,"2,1,512,404",,,,,,
3053,157894,open_set,"A woman with dark hair , a white shirt , and black pants is stretching on a round platform .",a white shirt,"222,228,277,283",dark hair,"222,205,274,242",A woman,"215,202,349,364",black pants,"268,219,342,360",a round platform,"81,355,499,512",,,,,,
3054,158342,open_set,Two opposing football players with one in black tackling the one in white .,the one,"183,137,359,402",white,"183,137,359,402",one,"3,21,253,512",Two opposing football players,"3,21,359,512",black,"24,83,239,418",,,,,,
3055,156888,open_set,"Two uniformed police officers are holding large guns , while an older man sits on the stairs , holding his hat and looking on .",Two uniformed police officers,"189,35,429,455",his hat,"39,281,83,362",the stairs,"1,221,329,458",an older man,"10,144,112,425",large guns,"215,159,404,369",,,,,,
3056,153997,open_set,"A group of Indian men demonstrate the act of sleeping to 3 school children , a young boy , and two young girls .",3 school children,"165,38,512,510",A group of Indian men,"1,3,423,510",the act,"160,113,263,512",two young girls,"251,38,512,510",a young boy,"165,100,263,510",,,,,,
3057,158227,open_set,A man with an orange vest and pants pouring stones on railroad tracks .,stones,"326,183,512,468",pants,"137,232,183,285",railroad tracks,"3,278,510,461",an orange vest,"136,179,206,228",A man,"130,159,200,293",,,,,,
3058,155136,open_set,Several cars and trucks are going down a busy street while two people walk by the road .,the road,"1,276,418,512",two people,"334,309,369,508",a busy street,"2,186,343,482",trucks,"70,265,244,362",Several cars,"2,279,506,441",,,,,,
3059,155235,open_set,Three children hold a boy 's arms down while another boy in a hat shoots a water gun at him .,Three children,"103,145,307,512",a boy 's arms,"132,284,191,343",a water gun,"338,228,393,314",another boy,"335,116,463,512",a hat,"329,117,391,174",,,,,,
3060,154937,open_set,A man with close-cut hair wearing a plaid shirt is pointing to a screen that has words projected on it .,A man,"186,113,462,512",a plaid shirt,"203,199,460,486",a screen,"1,13,177,502",words,"1,13,177,502",close-cut hair,"321,112,390,168",,,,,,
3061,154363,open_set,A man in a white shirt yells and throws up his fists as he is being carried by a group of people at a gathering .,a group of people,"2,193,217,512",a white shirt,"159,241,445,512",his fists,"30,21,473,126",A man,"27,21,502,510",a gathering,"1,198,210,512",,,,,,
3062,156759,open_set,"A cowboy in a blue vest is riding a brahma bull , a man in a multicolored shirt is standing in the background .",a multicolored shirt,"204,46,464,223",a brahma bull,"18,93,467,501",A cowboy,"203,5,353,440",a man,"203,5,353,440",a blue vest,"205,97,297,219",,,,,,
3063,157008,open_set,A man in a gray sweater speaks to two women and a man pushing a shopping cart through Walmart,a man,"94,140,217,508",a gray sweater,"199,193,305,335",A man,"201,157,305,512",two women,"266,172,394,473",a shopping cart,"58,295,204,512",,,,,,
3064,154278,open_set,Two people with blue pants and yellow safety vests sit at an open gate on a red and blue wall .,a red and blue wall,"307,280,512,492",an open gate,"137,9,337,495",yellow safety vests,"90,208,392,305",Two people,"101,170,381,429",blue pants,"145,317,315,439",,,,,,
3065,155247,open_set,"Two men are playing instruments , one playing a violin and the other a fiddle .",the other a fiddle,"278,69,512,512",Two men,"3,21,512,512",one,"3,21,327,512",instruments,"105,69,512,512",a violin,"99,56,362,468",,,,,,
3066,156240,open_set,A man stands and watches another man add liquid to a compartment in the motor of a bulldozer .,a compartment,"283,128,453,267",liquid,"272,121,313,154",the motor of a bulldozer,"266,110,461,259",another man,"46,42,310,510",A man,"46,163,225,510",,,,,,
3067,157105,open_set,"There are many people outside , including a group of girls all wearing polka dot skirts .",a group of girls,"1,286,484,509",all,"1,286,484,509",many people,"57,305,402,509",skirts,"6,412,486,482",polka,"436,414,486,444",,,,,,
3068,153976,open_set,A man in a two-toned gray jacket and blue jeans is touching his skis against the top corner of a building in a midair maneuver .,a two-toned gray jacket,"143,110,262,172",A man,"146,97,279,182",blue jeans,"178,149,314,185",the top corner of a building,"6,131,512,311",his skis,"83,101,313,194",,,,,,
3069,156008,open_set,A man in a white and yellow shirt and black shorts is attempting to hit a tennis ball flying his way with a tennis racket .,a tennis racket,"39,31,69,132",a tennis ball,"453,301,479,319",black shorts,"101,294,172,355",a white and yellow shirt,"106,179,219,304",A man,"16,122,225,445",,,,,,
3070,158100,open_set,A woman is manipulating dishes in a dishwasher with a man and another woman next to her .,a man,"233,33,467,512",A woman,"89,141,254,512",a dishwasher,"190,331,308,512",another woman,"398,93,497,510",dishes,"199,366,260,472",,,,,,
3071,157683,open_set,"Two people with brown hair , sitting on chairs and huddled over book , near flowers .",flowers,"3,30,510,231",Two people,"50,27,438,387",chairs,"33,184,355,512",brown hair,"141,31,316,150",book,"321,137,402,198",,,,,,
3072,156825,open_set,A man in a green shirt and a woman in a purple top are sitting on a bench .,a green shirt,"332,134,497,280",A man,"282,34,497,510",a purple top,"142,123,322,297",a bench,"2,194,512,511",a woman,"122,54,286,511",,,,,,
3073,154160,open_set,"Two women , one in a fur coat , walk down the sidewalk with blue umbrellas .",a fur coat,"345,123,511,360",Two women,"3,135,76,299",one,"325,53,510,502",the sidewalk,"3,214,511,447",blue umbrellas,"182,10,441,152",,,,,,
3074,154071,open_set,A man wearing a black jacket and a woman wearing a black jacket and earrings are standing close to each other .,a black jacket,"270,211,438,512",a woman,"236,116,447,510",A man,"66,116,299,512",a black jacket,"65,116,283,512",earrings,"303,212,323,270",,,,,,
3075,158861,open_set,"A young girl , blond and wearing a polka-dot shirt , washes a stuffed animal in a vanity sink .",A young girl,"115,43,347,512",a vanity sink,"247,277,452,370",a polka-dot shirt,"119,195,240,505",blond,"137,42,270,222",a stuffed animal,"279,260,358,337",,,,,,
3076,154593,open_set,A drummer in a red hat and black shirt hits the snare drum on his kit during a performance with his band-mates .,a red hat,"83,30,186,144",his band-mates,"395,19,455,172",the snare drum,"390,253,512,512",A drummer,"53,35,343,510",black shirt,"58,159,283,473",,,,,,
3077,154179,open_set,A person in a robe and apron is cutting bread on a table .,A person,"150,179,236,357",a robe,"162,234,215,351",bread,"180,343,202,377",a table,"154,297,434,510",apron,"177,240,215,354",,,,,,
3078,156999,open_set,"A man in a blue uniform and a gray hood is mopping a roof , the mop bucket is kelly green .",a roof,"1,434,509,510",A man,"302,157,423,484",a blue uniform,"302,157,423,484",the mop bucket,"160,413,232,474",a gray hood,"318,130,365,201",,,,,,
3079,158440,open_set,"Two boats of people kayaking , a smaller yellow boat with two people and a larger white boat with six people .",two people,"221,295,254,362",a larger white boat,"182,133,403,313",a smaller yellow boat,"220,250,262,404",six people,"225,142,372,282",Two boats of people,"182,133,403,398",,,,,,
3080,155071,open_set,Two men and a woman are sitting at a table inside a bar and having drinks .,a woman,"268,214,456,510",drinks,"40,218,398,510",a bar,"1,2,512,512",a table,"2,361,340,512",Two men,"63,173,324,461",,,,,,
3081,157618,open_set,"A man in a blue jacket has fallen asleep while sitting on a fold-able chair , with a fishing pole and a green umbrella .",A man,"237,157,440,425",a fold-able chair,"303,215,445,458",a fishing pole,"1,263,251,319",a blue jacket,"318,211,444,346",a green umbrella,"212,53,491,387",,,,,,
3082,155660,open_set,A little girl in a pink jacket and hat is swinging in a harness attached to yellow ropes .,A little girl,"45,114,369,509",a pink jacket,"98,149,289,335",yellow ropes,"72,4,512,336",hat,"203,166,285,210",a harness,"76,1,512,427",,,,,,
3083,155676,open_set,"A young man with a red beanie cap , green shirt , and blue jeans , sits on his skateboard as he watches .",A young man,"83,6,444,482",green shirt,"281,122,453,481",blue jeans,"152,132,334,458",his skateboard,"121,398,440,505",a red beanie cap,"300,6,398,143",,,,,,
3084,157435,open_set,"A male construction worker in a yellow safety vest and orange safety hat with headphones , holds a platform of thin wood .",a platform of thin wood,"197,192,300,510",headphones,"67,15,180,142",orange safety hat,"72,12,260,152",A male construction worker,"291,250,343,424",a yellow safety vest,"3,216,336,512",,,,,,
3085,157305,open_set,A man in a bright green shirt and brimmed hat sits with three other men on a concrete rise .,a bright green shirt,"4,171,106,295",three other men,"117,110,437,439",A man,"8,118,116,444",brimmed hat,"29,116,99,196",a concrete rise,"1,243,512,424",,,,,,
3086,157316,open_set,a man wearing a red jacket and camouflage pants is leaning against a giant tree in the snow .,a giant tree,"3,3,310,441",a man,"268,176,429,418",camouflage pants,"328,260,419,404",the snow,"1,42,512,512",a red jacket,"276,187,364,289",,,,,,
3087,154254,open_set,A girl on ice skates is walking her dog on a leash across the ice .,her dog,"283,280,462,442",the ice,"1,396,507,512",A girl,"108,19,203,457",a leash,"177,186,430,334",ice skates,"128,387,188,468",,,,,,
3088,155719,open_set,A young girl holds flowers in one hand and a basket with a bow in another .,one hand,"92,62,161,185",A young girl,"97,47,433,512",a basket,"367,442,477,512",a bow,"359,417,482,512",flowers,"88,122,221,346",,,,,,
3089,157628,open_set,A small Asian boy is sitting on the floor of a bedroom being entertained and smiling at a lego toy that looks like a bug on wheels .,A small Asian boy,"153,48,427,326",a bug,"186,278,410,477",a lego toy,"186,278,410,477",wheels,"330,384,399,476",the floor of a bedroom,"1,194,510,512",,,,,,
3090,155224,open_set,A man with gray hair and a blond woman sitting on the same side of a table with bikes in the background .,gray hair,"1,3,235,512",A man,"31,1,238,201",the same side of a table,"317,405,512,512",bikes,"286,261,464,427",a blond woman,"132,173,332,512",,,,,,
3091,157499,open_set,A man dressed in a brown shirt and tan shorts is down on one knee looking at some type of machinery .,A man,"35,138,386,348",some type of machinery,"268,252,405,355",one knee,"159,306,234,340",a brown shirt,"110,147,308,283",tan shorts,"109,247,236,338",,,,,,
3092,155426,open_set,"A baseball player holds his bat , while the catcher and umpire squat behind him and a crowd watches .",umpire,"412,223,485,412",his bat,"264,144,284,234",the catcher,"366,193,437,404",a crowd,"2,4,510,197",A baseball player,"151,176,288,395",,,,,,
3093,157000,open_set,A man wearing a blue suit is standing on a roof with a mop and bucket .,a mop,"185,301,310,430",a roof,"1,434,509,510",A man,"302,157,423,484",a blue suit,"302,157,423,484",bucket,"160,413,232,474",,,,,,
3094,154842,open_set,A little boy kisses a little girl as they sit on a hay bale with pumpkins and a Halloween display in the background .,A little boy,"233,254,395,501",a hay bale,"4,336,509,512",a Halloween display,"2,3,474,377",a little girl,"151,249,264,480",pumpkins,"6,266,480,373",,,,,,
3095,157306,open_set,Four men - two in hats and two with mustaches - sit together by a fountain and large vents .,large vents,"95,1,400,151",Four men,"8,110,437,444",hats,"29,116,99,196",two,"218,110,437,432",mustaches,"266,154,371,193",,,,,,
3096,157705,open_set,A man on stilts walks behind a woman holding a suitcase and wearing yellow sunglasses .,a suitcase,"341,217,512,330",yellow sunglasses,"372,171,433,193",a woman,"270,153,441,381",stilts,"127,194,321,389",A man,"123,23,327,393",,,,,,
3097,154638,open_set,A man in shorts and a black shirt is riding a motorcycle and wearing a red helmet .,a motorcycle,"111,175,321,408",a black shirt,"176,189,233,283",shorts,"174,260,237,289",A man,"178,146,248,367",a red helmet,"205,151,240,208",,,,,,
3098,158202,open_set,Man standing on one arm with feet in the air on playground equipment with a body of water in the background .,feet,"252,74,301,120",playground equipment,"1,177,509,473",a body of water,"12,262,512,346",Man,"205,89,311,306",one arm,"249,235,280,308",,,,,,
3099,155360,open_set,"Two dogs walk in the snow , the larger dog has a fish in his mouth .",the larger dog,"48,19,301,495",Two dogs,"48,19,388,495",his mouth,"232,230,269,279",the snow,"1,1,510,512",a fish,"242,276,276,353",,,,,,
3100,154947,open_set,"Under a blue sky with white clouds , a child reaches up to touch the propeller of a plane standing parked on a field of grass .",white clouds,"1,1,510,244",a field of grass,"1,346,512,512",the propeller of a plane,"1,35,510,391",a child,"21,280,112,458",a blue sky,"4,3,512,254",,,,,,
3101,155690,open_set,"Two men who appear to be in good spirits , one in a red shirt and another in a blue shirt are climbing on a crosswalk signal pole .",a red shirt,"1,295,195,512",a crosswalk signal pole,"194,1,314,478",Two men,"3,146,433,512",a blue shirt,"328,148,422,210",one,"3,249,385,512",,,,,,
3102,156323,open_set,"A ski slope with a big red sign that says "" 12 "" and a person in a yellow ski jacket skiing .",""" 12","461,149,489,226",a person,"135,191,188,399",A ski slope,"1,146,512,512",a big red sign,"445,94,506,331",a yellow ski jacket,"135,220,183,311",,,,,,
3103,157044,open_set,A woman in a burgundy coat exits Trader Joe 's with a cart full of groceries .,a burgundy coat,"83,226,207,356",a cart,"128,292,311,508",A woman,"76,189,224,459",groceries,"159,269,245,339",Trader Joe 's,"1,34,512,273",,,,,,
3104,156536,open_set,A man wearing a black shirt has his hand on the back of a man wearing a red shirt .,a red shirt,"154,293,350,512",a black shirt,"119,192,305,417",A man,"112,58,323,424",the back of a man,"164,297,334,512",his hand,"171,326,269,459",,,,,,
3105,154535,open_set,A young Asian boy in navy blue traditional costume looks up at a woman wearing modern clothes as they both walk down a paved path .,a paved path,"1,110,512,466",navy blue traditional costume,"274,138,512,363",modern clothes,"4,1,114,276",A young Asian boy,"285,72,512,446",a woman,"1,2,212,505",,,,,,
3106,158626,open_set,Two people wearing jackets are walking by a museum exhibit while several people surround the exhibit .,jackets,"2,299,178,508",several people,"263,284,291,393",Two people,"2,262,179,512",the exhibit,"257,58,437,344",a museum exhibit,"257,58,437,344",,,,,,
3107,155204,open_set,"A man wearing white pants , with sunglasses on his head , is playing a saxophone .",white pants,"115,320,360,512",A man,"106,41,411,512",a saxophone,"126,153,306,365",sunglasses,"279,70,365,126",his head,"265,45,391,174",,,,,,
3108,157285,open_set,Three people are standing around while one points a camera at an electronic device on a table .,one,"165,21,346,479",an electronic device,"199,153,318,481",Three people,"1,4,502,512",a camera,"422,248,505,381",a table,"145,420,349,512",,,,,,
3109,156033,open_set,"Many sports people dressed in black swim wear , yellow cap and goggle boisterously swimming across a body of water with a surrounding plush vegetation .",a body of water,"1,329,512,512",yellow cap,"160,147,191,182",Many sports people,"1,98,242,252",black swim wear,"103,187,220,309",goggle boisterously,"10,126,192,206",,,,,,
3110,158301,open_set,A brunette woman in a white lace dress holds a string and bow instrument as she sits in a chair .,a white lace dress,"72,193,510,512",a chair,"6,285,335,512",A brunette woman,"64,66,512,512",instrument,"159,232,512,431",a string,"287,230,481,429",,,,,,
3111,155785,open_set,Person with black hat and black coat near buildings with signs .,Person,"160,214,394,512",buildings,"2,6,512,401",black hat,"214,212,348,321",signs,"313,1,447,70",black coat,"162,353,385,512",,,,,,
3112,158740,open_set,"Woman in a dress standing in front of a line of a clothing line , with clothes hanging on the line .",Woman,"117,205,184,401",a line of a clothing line,"169,185,512,251",the line,"32,174,512,226",a dress,"113,238,184,370",clothes,"171,182,502,260",,,,,,
3113,155695,open_set,A young man in a white uniform holds a basketball surrounded by members of the opposing team wearing green .,a white uniform,"100,177,342,401",A young man,"21,120,424,512",a basketball,"23,117,120,183",green,"284,102,512,401",members of the opposing team,"165,9,512,512",,,,,,
3114,157048,open_set,"A girl with a red cap , hair tied up and a gray shirt is fishing in a calm lake .",hair,"60,148,126,200",a gray shirt,"61,195,145,379",a red cap,"76,111,146,167",a calm lake,"1,170,512,512",A girl,"55,107,172,509",,,,,,
3115,155717,open_set,"A girl , holding a flower in one hand and a plastic ribbon in the other , is pointing upwards .",one hand,"92,62,161,185",A girl,"97,47,433,512",a plastic ribbon,"359,417,482,512",the other,"385,406,439,468",a flower,"88,122,221,346",,,,,,
3116,156839,open_set,There are two girls sitting at a table reading menus while the waiter stands at the table .,the table,"140,338,242,436",two girls,"29,85,508,512",a table,"130,343,352,507",menus,"166,330,392,433",the waiter,"162,1,369,512",,,,,,
3117,155084,open_set,"A man in a blue windbreaker jacket , laying face down on a park bench , with a liquor bottle nestled by one of the bench 's legs .",a blue windbreaker jacket,"178,218,338,318",a park bench,"62,159,408,406",one of the bench 's legs,"210,311,271,412",A man,"170,218,353,319",a liquor bottle,"270,337,304,415",,,,,,
3118,156945,open_set,A man in a yellow cap and a red-sleeved jersey adjusts the sail on a sailboat .,A man,"239,214,395,328",the sail,"122,2,512,238",a sailboat,"39,222,510,510",a yellow cap,"228,212,291,252",a red-sleeved jersey,"236,235,400,314",,,,,,
3119,153921,open_set,"A young white boy with short hair smiling into a microphone , standing near a slightly balding white male smiling into a microphone .",a microphone,"195,201,457,477",A young white boy,"8,76,292,509",a microphone,"201,201,457,451",a slightly balding white male,"181,4,512,448",short hair,"8,5,445,282",,,,,,
3120,155595,open_set,"People travel on the escalator ; some are going down to the lower level , while others are going up to the next level .",People,"3,131,388,491",the next level,"303,99,420,150",the escalator,"3,120,494,494",others,"1,188,351,481",some,"6,211,143,294",,,,,,
3121,155189,open_set,Two boys playing around the shores of a lake with one boy in a teal shirt throwing rocks into the lake .,rocks,"68,109,221,413",the lake,"2,2,508,471",a teal shirt,"117,200,189,327",Two boys,"67,129,437,458",one boy,"67,129,437,458",,,,,,
3122,155795,open_set,A man wearing a hat and gloves is using a tool to chisel wood .,a hat,"222,34,354,89",chisel wood,"19,281,297,413",a tool,"35,123,274,398",A man,"12,32,512,493",gloves,"211,322,292,382",,,,,,
3123,157843,open_set,A football player dressed in green and white advances the ball while watched by a defender in blue .,green and white advances,"164,173,308,485",the ball,"295,404,339,475",A football player,"1,44,172,505",a defender,"1,44,172,505",blue,"2,99,136,478",,,,,,
3124,156561,open_set,A guy in a black shirt and tan pants leaning a little out of a large window looking at something .,a large window,"288,70,391,381",a little,"387,53,406,384",A guy,"333,179,392,396",tan pants,"334,279,388,384",a black shirt,"343,201,386,292",,,,,,
3125,155381,open_set,"A large number of people are watching men dressed in kilts , one of whom has thrown a long pole .",A large number of people,"2,277,510,482",one of whom,"88,268,139,484",men,"11,268,474,484",kilts,"88,377,137,441",a long pole,"225,33,393,341",,,,,,
3126,155953,open_set,A man wearing a white shirt and red hate interacts with a woman wearing a white shirt .,a white shirt,"308,187,512,508",a woman,"135,116,301,510",A man,"308,98,509,504",a white shirt,"142,224,279,512",red hate,"358,104,422,175",,,,,,
3127,158766,open_set,"3 individuals at a desk , one male and one female on one side , and another female on the opposite side , seemingly working on solving a problem .",one male,"155,92,265,484",3 individuals,"17,80,413,512",another female,"17,131,293,512",a desk,"1,221,508,512",one female,"231,80,413,512",,,,,,
3128,157098,open_set,A man and a woman dressed in black walk towards a gate near a wooded area .,black,"309,175,455,484",a wooded area,"1,3,510,372",A man,"309,170,454,487",a gate,"59,241,462,411",a woman,"303,196,428,486",,,,,,
3129,157948,open_set,A man in a gray tank top and woman in a black tank top walk across a grassy field .,a black tank top,"275,167,313,219",a grassy field,"1,136,512,512",woman,"274,140,320,315",A man,"146,126,200,297",a gray tank top,"149,148,182,215",,,,,,
3130,155800,open_set,"Two teenage girls , one wearing a white jersey and the other wearing a red jersey , playing soccer .",a white jersey,"148,70,250,235",one,"48,11,409,450",Two teenage girls,"48,15,471,461",a red jersey,"281,111,421,267",the other,"231,43,470,464",,,,,,
3131,158815,open_set,A blond woman wearing glasses and a gray sweatshirt is cutting something with scissors .,something,"325,461,448,512",a gray sweatshirt,"1,82,476,510",scissors,"221,361,504,494",A blond woman,"3,2,512,512",glasses,"141,97,378,186",,,,,,
3132,155154,open_set,A group of people at a counter with a young man in a black shirt and hat helping them from the other side .,a young man,"1,180,149,510",A group of people,"1,180,399,510",a black shirt,"1,274,83,512",a counter,"60,370,489,512",hat,"11,178,88,240",,,,,,
3133,156294,open_set,"Surfer wearing blue long-sleeve shirt with black and white shorts , causing a splash jumping with their surfboard .",black and white shorts,"155,238,320,275",Surfer,"70,57,323,356",their surfboard,"101,360,347,437",blue long-sleeve shirt,"83,81,323,282",a splash,"1,337,512,475",,,,,,
3134,154445,open_set,"A man in a cowboy hat riding a horse around a barrel that is red , white , and blue .",a cowboy hat,"109,103,164,134",A man,"54,105,183,293",a horse,"27,118,208,450",a barrel,"331,319,436,488","red , white , and blue","331,319,436,488",,,,,,
3135,157949,open_set,A man with a hat and a woman with a black top are walking on a grass field .,a black top,"275,167,313,219",a grass field,"1,136,512,512",a woman,"274,140,320,315",A man,"146,126,200,297",a hat,"159,129,178,154",,,,,,
3136,157595,open_set,A main in a white shirt and tan pants stands in front of a stand that sells various goods .,tan pants,"210,327,274,481",A main,"206,167,285,502",a stand,"160,170,485,487",a white shirt,"215,218,275,335",various goods,"62,170,482,464",,,,,,
3137,158475,open_set,"Many people are sitting outside the leaning tower of Piza , one girl dressed in green is facing the camera and eating a sandwich .",green,"252,392,452,475",a sandwich,"276,424,378,467",the leaning tower of Piza,"12,1,338,447",Many people,"3,336,512,484",one girl,"126,336,512,484",,,,,,
3138,156701,open_set,A man in a purple shirt and a hat is talking to another man while holding some wood .,another man,"73,154,323,510",A man,"163,62,283,449",a hat,"301,225,360,301",a purple shirt,"167,121,282,299",some wood,"423,271,492,342",,,,,,
3139,156848,open_set,"The family is out on vacation the oldest son is being goofy with his soda on his head , while the mom smiles .",the mom,"228,143,356,503",The family,"149,103,482,512",his head,"286,118,336,195",the oldest son,"281,103,482,512",his soda,"265,206,326,394",,,,,,
3140,156834,open_set,"2 women on a couch , woman in white appears to be describing something in her hand .",woman,"140,79,355,508",2 women,"150,85,512,512",white,"149,234,326,395",a couch,"48,208,512,512",her hand,"146,291,299,420",,,,,,
3141,157236,open_set,A man wearing a white shirt and blue shorts is leaning over a canoe at the end of a dock .,the end of a dock,"308,260,512,308",a canoe,"211,263,371,371",A man,"299,230,339,260",blue shorts,"367,211,379,243",a white shirt,"335,207,367,266",,,,,,
3142,155045,open_set,A male conductor wearing all black leading a orchestra and choir on a brown stage playing and singing a musical number .,a orchestra,"227,249,299,439",choir,"5,208,427,439",all black,"454,228,501,376",a brown stage,"1,288,510,512",A male conductor,"427,203,499,379",,,,,,
3143,158625,open_set,A large display of artifacts are in a large room and around a very large display are six people with two people near wooden benches .,six people,"2,262,472,512",wooden benches,"230,344,393,399",two people,"263,284,352,393",a very large display,"257,58,437,344",A large display of artifacts,"257,58,437,344",,,,,,
3144,155245,open_set,A man in brown t-shirt is playing a violin while another man who looks like him is accompanying him on a banjo .,another man,"278,69,512,512",a banjo,"278,69,512,512",A man,"278,69,512,512",a violin,"3,21,327,512",brown t-shirt,"1,186,210,510",,,,,,
3145,157068,open_set,3 Asian men are playing a game of Mahjong at a table in front of a building with advertisements on it .,3 Asian men,"2,26,510,510",a building,"1,4,512,322",advertisements,"149,3,509,339",a game of Mahjong,"118,356,302,439",a table,"84,344,395,512",,,,,,
3146,154105,open_set,"An SUV is parked in a grassy field with mountains in the background , and a woman is looking through a telescope off into the distance .",An SUV,"221,291,512,379",a telescope,"70,324,100,333",a woman,"67,316,122,380",a grassy field,"1,179,512,512",mountains,"1,44,510,208",,,,,,
3147,154579,open_set,A man in checkered pants rides a unicycle down the street while juggling for a crowd .,the street,"1,315,512,460",checkered pants,"219,304,273,401",a unicycle,"227,297,270,434",a crowd,"2,221,512,512",A man,"177,203,284,421",,,,,,
3148,154444,open_set,"A man in blue jeans and a cowboy hat is riding a horse around a red , white , and blue barrel .","a red , white , and blue barrel","331,319,436,488",a horse,"27,118,208,450",blue jeans,"53,173,177,275",A man,"54,105,183,293",a cowboy hat,"109,103,164,134",,,,,,
3149,157753,open_set,A woman in black clothes cleaning columns with a green bucket and orange gloves .,orange gloves,"266,368,324,404",A woman,"146,305,321,434",columns,"228,2,512,503",a green bucket,"262,386,314,438",black clothes,"146,322,268,424",,,,,,
3150,156366,open_set,Two men in same clothing man on right in a fighting stance with the one on left in a submissive stance having his hands in the air .,Two men,"29,14,496,512",his hands,"25,71,256,245",same clothing man,"22,5,496,512",the one,"22,5,259,510",a submissive stance,"29,14,254,512",,,,,,
3151,154792,open_set,Four different users working in a lab environment each performing duties on computers and laptops .,laptops,"81,244,286,412",computers,"81,212,432,417",Four different users,"8,166,512,510",each,"8,166,512,510",a lab environment,"1,165,512,510",,,,,,
3152,155362,open_set,"Two dogs , one holding something in its mouth , in the snow .",one,"48,19,301,495",Two dogs,"48,19,388,495",its mouth,"232,230,269,279",the snow,"1,1,510,512",something,"234,273,279,365",,,,,,
3153,157028,open_set,A man with a shaved head is getting ready to kick a soccer ball while other players run on the field behind him .,other players,"348,161,406,274",the field,"3,170,510,510",a shaved head,"264,222,278,236",A man,"236,223,291,394",a soccer ball,"242,371,267,398",,,,,,
3154,158742,open_set,A woman in an apron puts clothes on the line next to a white picket fence .,A woman,"117,205,184,401",the line,"32,174,512,226",an apron,"113,238,184,370",clothes,"171,182,502,260",a white picket fence,"273,284,512,400",,,,,,
3155,154684,open_set,A lady in a blue shirt making a funny face at a little girl biting something in a restaurant .,a little girl,"284,139,466,359",A lady,"2,2,347,349",something,"301,233,350,303",a funny face,"208,51,331,200",a blue shirt,"2,60,235,342",,,,,,
3156,158023,open_set,An elderly woman with white hair and glasses is next to a window and in front of an open cash register drawer .,glasses,"145,170,193,206",an open cash register drawer,"124,323,209,367",white hair,"98,137,180,238",An elderly woman,"54,136,218,385",a window,"241,8,512,346",,,,,,
3157,158850,open_set,A young man in a blue sweatshirt and jeans holds a pumpkin in his arms as he stands amidst a field of pumpkins .,jeans,"183,334,307,509",a pumpkin,"203,240,306,353",a blue sweatshirt,"160,180,323,359",A young man,"165,106,325,512",his arms,"163,188,323,363",,,,,,
3158,156199,open_set,A man in a denim shirt and pants is smoking a cigarette while playing a cello for money .,a cigarette,"178,139,196,163",a cello,"184,43,312,452",pants,"118,261,231,465",A man,"119,99,268,472",a denim shirt,"123,148,247,278",,,,,,
3159,154414,open_set,A man in a black shirt and shorts with flame decals is miming a boxing motion .,a black shirt,"245,75,456,206",shorts,"234,199,440,309",A man,"57,15,454,499",flame decals,"153,121,366,160",a boxing motion,"53,56,456,192",,,,,,
3160,158820,open_set,A young boy wearing blue is holding a blue baseball bat and holding a white ball in his hand .,a white ball,"46,227,102,260",blue,"132,150,420,463",his hand,"49,221,110,263",a blue baseball bat,"196,71,267,219",A young boy,"56,102,441,493",,,,,,
3161,156303,open_set,"Two elderly women walking in the city , one with a red umbrella and one with a black umbrella .",a red umbrella,"2,217,284,430",one,"51,342,195,512",Two elderly women,"51,342,391,512",one,"253,357,391,512",a black umbrella,"257,183,476,399",,,,,,
3162,157889,open_set,A boy in a gray sweatshirt is laughing while someone helps him put his foot over his head .,someone,"146,4,512,512",A boy,"146,60,464,512",his foot,"253,28,335,192",his head,"278,147,380,296",a gray sweatshirt,"222,133,464,512",,,,,,
3163,153901,open_set,Several climbers in a row are climbing the rock while the man in red watches and holds the line .,the man,"113,309,278,512",the rock,"1,55,512,512",the line,"182,82,289,499",red,"115,334,218,445",Several climbers,"249,104,393,464",,,,,,
3164,158323,open_set,A woman in a kayak with dog rests her paddle over her head .,A woman,"125,171,241,324",a kayak,"94,275,483,485",her head,"165,183,197,237",her paddle,"21,159,335,208",dog,"200,233,246,318",,,,,,
3165,155465,open_set,"Near a window and a chair , a young boy in a blue shirt holds something in his hand and smiles .",a blue shirt,"218,252,486,510",his hand,"333,339,436,422",a chair,"1,107,283,511",a young boy,"215,99,485,510",a window,"321,1,509,175",,,,,,
3166,157830,open_set,An older man in a pink shirt and a black vest plays the flute while looking at his sheet music .,An older man,"79,90,360,512",the flute,"179,221,219,512",his sheet music,"191,361,501,512",a pink shirt,"80,193,355,512",a black vest,"109,208,307,512",,,,,,
3167,157770,open_set,A man dressed in black wearing a hat and glasses in front of a red wall .,a red wall,"134,1,512,510",black,"15,261,504,512",A man,"9,135,502,512",a hat,"128,136,316,200",glasses,"171,205,296,236",,,,,,
3168,155435,open_set,A child dressed in a white coat paints an image on the paper laying on the table .,A child,"114,83,482,339",a white coat,"154,219,416,319",the table,"2,282,512,512",the paper,"2,282,512,512",an image,"44,309,447,508",,,,,,
3169,154588,open_set,A man and a woman wear dark colored shirts in a beige room with a moniter in the background .,a woman,"10,185,246,512",A man,"224,159,445,512",a moniter,"238,266,286,349",a beige room,"2,1,512,430",dark colored shirts,"221,305,446,512",,,,,,
3170,155004,open_set,"A child wearing an orange shirt , dark blue denim shorts and sandals rides on a swing .",a swing,"1,1,424,337",an orange shirt,"78,87,470,259",sandals,"125,456,321,512",dark blue denim shorts,"165,233,423,335",A child,"27,9,473,512",,,,,,
3171,156501,open_set,"Near seats , woman has spread out green blanket to sit on floor with baby .",baby,"257,188,346,359",green blanket,"141,238,300,480",woman,"217,42,425,308",floor,"1,126,510,512",seats,"256,290,510,512",,,,,,
3172,157489,open_set,"A young man skateboards in black shoes , black pants , and a white top with sunglasses .",black pants,"269,260,330,374",black shoes,"281,419,312,451",A young man,"268,120,384,469",a white top,"272,159,345,285",sunglasses,"311,135,342,158",,,,,,
3173,156946,open_set,A man with glasses and a hat on steering a boat in the sea .,a boat,"32,10,512,512",the sea,"4,158,496,510",A man,"239,214,395,328",glasses,"236,227,291,252",a hat,"228,212,291,252",,,,,,
3174,157555,open_set,A young boy in shorts and a green shirt making a face while airborne on a trampoline .,a green shirt,"154,89,284,222",A young boy,"137,47,290,396",shorts,"206,210,283,296",a trampoline,"1,339,512,512",a face,"241,50,284,110",,,,,,
3175,154087,open_set,A woman wearing a white dress and carrying a floral purse has a large fairy tattoo on her back .,a white dress,"144,337,348,512",her back,"156,200,324,342",a large fairy tattoo,"156,200,324,342",a floral purse,"43,190,182,486",A woman,"107,11,395,512",,,,,,
3176,158855,open_set,"There are two men on a ladder one is at the top handing down to the other guy the number "" O "" as this what they do for a living .",a ladder one,"180,133,512,473",two men,"184,99,512,451",the number,"1,95,178,133",O,"136,108,178,132",the other guy,"237,158,512,451",,,,,,
3177,158252,open_set,A woman in a hi-viz jacket is smiling at person carrying a stop sign in front of a crane .,person,"390,95,490,439",A woman,"282,90,406,430",a crane,"1,84,394,376",a hi-viz jacket,"321,141,397,268",a stop sign,"391,73,453,167",,,,,,
3178,154418,open_set,The man with a gray jacket and red sunglasses is holding cameras and standing in front of a car .,red sunglasses,"222,120,338,156",a gray jacket,"53,164,492,457",cameras,"83,336,439,473",a car,"1,372,465,512",The man,"56,70,488,512",,,,,,
3179,157624,open_set,Man in yellow shirt and jeans watching his BMW coming out of a car wash .,Man,"436,141,462,337",jeans,"437,255,460,333",yellow shirt,"434,169,460,263",a car wash,"123,4,459,371",his BMW,"194,195,314,288",,,,,,
3180,153937,open_set,"Two blond females in public , one handing out fliers and the other holding a bunch of multicolored balloons .",the other,"335,139,433,466",one,"97,154,265,505",fliers,"67,261,272,296",Two blond females,"97,139,433,505",a bunch of multicolored balloons,"294,1,512,145",,,,,,
3181,155934,open_set,A young boy and girl are walking along a wooden path in the middle of grass and trees .,A young boy,"114,232,228,407",girl,"129,188,196,290",a wooden path,"2,173,412,512",the middle of grass,"2,173,412,512",trees,"1,1,512,394",,,,,,
3182,154548,open_set,A figure stands in front of a tin-roofed structure where objects are positioned before a drawing of mountains and clouds against the back wall .,a drawing of mountains,"72,212,412,316",a tin-roofed structure,"59,7,420,492",the back wall,"1,4,512,504",A figure,"152,219,234,507",objects,"126,253,393,381",,,,,,
3183,156974,open_set,A young man wearing a green T-shirt and a backpack is waiting with some other people for transportation .,A young man,"199,104,344,512",some other people,"66,173,495,510",a green T-shirt,"202,198,335,453",transportation,"327,153,512,478",a backpack,"202,172,330,376",,,,,,
3184,156823,open_set,A blond woman in a purple sweatshirt is sitting on a bench with a man drinking a juice box .,a juice box,"381,164,402,210",a man,"282,34,497,510",a purple sweatshirt,"142,123,322,297",a bench,"2,194,512,511",A blond woman,"122,54,286,511",,,,,,
3185,157038,open_set,A woman in a blue shirt and wearing a blue scarf on her head is holding a large inflated ball .,a large inflated ball,"165,250,268,410",her head,"125,75,183,156",A woman,"256,76,366,508",a blue shirt,"78,159,177,353",a blue scarf,"125,75,181,156",,,,,,
3186,157783,open_set,A man in a white shirt and a woman in a pink shirt touching one another 's head .,a woman,"65,87,475,512",a white shirt,"53,169,322,439",A man,"58,68,389,512",a pink shirt,"243,193,431,449",one another 's head,"61,63,193,186",,,,,,
3187,156208,open_set,Four people standing in front of the house with some Meijer bags sitting on a table in front of one of the women .,Four people,"10,126,474,512",one of the women,"147,126,277,330",the house,"1,1,512,466",some Meijer bags,"72,292,281,435",a table,"57,419,399,509",,,,,,
3188,155009,open_set,"A group of people on a public street , many of whom carry satchels and cameras , look toward one common point .",A group of people,"1,15,509,512",a public street,"1,278,510,512",satchels,"81,121,237,345",many of whom,"53,15,512,512",cameras,"84,46,403,210",,,,,,
3189,156163,open_set,A small child in green clothing walks past a store opening and a woman in pink pants .,a woman,"1,150,49,391",A small child,"108,233,195,498",green clothing,"111,292,180,480",a store,"2,2,512,379",pink pants,"1,206,26,326",,,,,,
3190,156039,open_set,A lady with long brown hair is wearing a tan sweater and is sitting on a couch with a man .,a tan sweater,"273,167,427,300",A lady,"180,91,427,306",a couch,"75,129,512,467",a man,"88,129,285,291",long brown hair,"264,86,425,225",,,,,,
3191,158792,open_set,Person holding boxes in a street in front of a wall painted with antique advertisements .,a wall,"1,1,274,512",antique advertisements,"1,12,257,365",a street,"238,416,512,512",Person,"288,325,344,504",boxes,"291,296,335,350",,,,,,
3192,158658,open_set,A man is sitting in a chair with his dog and a beer in hand .,A man,"150,34,391,510",his dog,"175,176,237,335",hand,"191,256,237,308",a beer,"291,241,319,353",a chair,"67,76,425,507",,,,,,
3193,155094,open_set,An African American in a red top and white and brown skirt crosses a street while a man in a blue shirt runs on it .,a blue shirt,"374,148,463,275",An African American,"188,105,473,490",a red top and white and brown skirt crosses,"188,167,332,498",a street,"1,1,509,507",a man,"356,105,473,400",,,,,,
3194,158114,open_set,Five men all of whom are wearing white coats are standing next to lambs in an enclosed area,all of whom,"70,107,448,366",lambs,"1,232,470,374",Five men,"27,107,448,372",white coats,"21,137,448,315",an enclosed area,"1,228,510,386",,,,,,
3195,155026,open_set,A man in a gray tank top wearing a straw hat singing into a mic playing a guitar .,a gray tank top,"40,225,376,506",A man,"2,27,512,512",a straw hat,"95,27,323,191",a mic,"282,164,405,201",a guitar,"1,408,512,512",,,,,,
3196,154718,open_set,"Seven kids are playing , 6 on the rope climber and 1 on the big blue and silver play structure .",silver play structure,"180,95,510,458",the big blue,"193,209,512,473",the rope climber,"1,98,310,502",1,"162,243,191,313",Seven kids,"80,175,185,512",,,,,,
3197,155480,open_set,A lone leafless tree of about 25 feet stands in front of a construction site using blue mesh and a construction worker resting an arm on a traffic light pole .,an arm,"430,424,444,453",a traffic light pole,"417,306,459,507",blue mesh,"1,3,512,452",A lone leafless tree of about 25 feet,"134,30,357,493",a construction worker,"431,415,468,504",a construction site,"3,7,512,507",,,,
3198,154223,open_set,"Two girls trying to get attention by twirling hula hoops , one girl wearing a pink skirt is barefoot and the other girl is wearing a denim colored skirt and very worn brown boots .",a denim colored skirt,"147,217,347,368",one girl,"1,45,110,400",very worn brown boots,"239,402,346,490",the other girl,"151,51,386,483",a pink skirt,"1,189,81,351",Two girls,"1,45,386,483",,,,
3199,155789,open_set,Very blue water with skyscraper buildings on the shore and a group of people in a canoes with paddles .,skyscraper buildings,"1,33,356,161",paddles,"130,132,352,433",the shore,"1,136,512,159",a canoes,"197,296,292,450",Very blue water,"3,150,512,512",a group of people,"179,129,291,344",,,,
3200,155246,open_set,"Two long-haired men with beards playing instruments , one a banjo the other a violin .",one,"278,69,512,512",a banjo,"278,69,512,512",Two long-haired men,"3,21,512,512",the other a violin,"3,21,327,512",instruments,"99,56,512,512",beards,"71,149,411,272",,,,
3201,154400,open_set,"An ensemble of musicians playing an accordion , a saxophone , and a trumpet are in front of a store , dressed as santas .",santas,"14,89,460,430",a saxophone,"214,123,235,242",a store,"22,1,509,353",an accordion,"297,136,376,246",a trumpet,"140,113,166,152",An ensemble of musicians,"122,86,371,392",,,,
3202,157315,open_set,A person in a red shift and camouflage pants is bent at the waist and has their hands against a large tree .,a large tree,"3,3,310,441",A person,"268,176,429,418",the waist,"334,256,376,301",their hands,"262,165,282,208",camouflage pants,"328,260,419,404",a red shift,"276,187,364,289",,,,
3203,156620,open_set,A boy ties his shoe while a woman carrying straw hats looks on atop a rock in front of a body of water .,a rock,"95,295,512,512",A boy,"93,310,167,512",a body of water,"135,270,510,341",a woman,"347,139,409,332",his shoe,"115,430,144,472",straw hats,"340,204,409,309",,,,
3204,157763,open_set,"A young boy standing in a crowd with a N.Y . cap on his head , black and white striped shirt , and gray sweat jacket .",gray sweat jacket,"59,264,415,512",a N.Y . cap,"160,4,354,169",A young boy,"62,4,415,512",his head,"161,1,307,278",black and white striped shirt,"128,262,339,512",a crowd,"1,16,512,512",,,,
3205,155070,open_set,Two males and a female are sitting at a table at a bar and two are drinking beer .,a female,"268,214,456,510",a bar,"1,2,512,512",a table,"2,361,340,512",beer,"53,211,398,512",Two males,"63,173,324,461",two,"191,197,456,510",,,,
3206,154403,open_set,"A man is jumping into an inflatable tube in a large body of water that also has boats , a ramp and a person in it .",boats,"64,16,467,375",a ramp,"1,427,78,512",an inflatable tube,"337,316,512,480",A man,"272,219,385,380",a large body of water,"1,259,512,510",a person,"215,219,385,417",,,,
3207,155219,open_set,A young child wearing an overall dress with a floral patterned skirt and a white t-shirt pets a baby deer with a backpack on her back .,a white t-shirt,"320,142,468,270",A young child,"238,43,487,414",a baby deer,"26,238,434,509",a backpack,"300,100,372,178",an overall dress,"259,98,464,409",a floral patterned skirt,"254,223,451,414",,,,
3208,154823,open_set,A man dressed in a dark blue jacket and pants sits in the street while wearing old time flying goggles and a hat .,A man,"326,146,417,224",old time flying goggles,"189,119,313,162",a hat,"174,76,323,237",pants,"87,328,461,475",the street,"1,212,512,512",a dark blue jacket,"67,171,407,365",,,,
3209,157768,open_set,"A man with a hat , glasses , jewelry and a jacket stands against an orange wall .",jewelry,"168,256,276,395",an orange wall,"134,1,512,510",a jacket,"15,261,504,512",A man,"9,135,502,512",a hat,"128,136,316,200",glasses,"171,205,296,236",,,,
3210,158098,open_set,A man in a turtleneck shirt looks on while a woman in a white shirt deals with the dishes in the dishwasher .,a white shirt,"101,205,253,424",the dishwasher,"190,331,308,512",a woman,"398,93,497,510",A man,"233,33,467,512",a turtleneck shirt,"232,141,465,507",the dishes,"199,366,260,472",,,,
3211,154613,open_set,A bearded man in a brown button down shirt and plaid shorts is standing on one hand in the grass .,A bearded man,"43,98,476,460",a brown button,"124,210,325,372",shirt,"124,210,325,372",the grass,"4,244,508,512",one hand,"64,437,156,454",plaid shorts,"236,128,468,257",,,,
3212,154016,open_set,A man in a white t-shirt stands at a podium giving a speech while another man in a red polo shirt stand behind him .,A man,"185,178,331,371",a speech,"134,171,355,507",a white t-shirt,"185,268,331,363",another man,"412,209,510,507",a podium,"134,317,354,512",a red polo shirt,"415,296,512,510",,,,
3213,156198,open_set,"A street musician in blue , with a cigarette in his mouth and a huge guitar in his hands .",a cigarette,"178,139,196,163",a huge guitar,"184,43,312,452",A street musician,"119,99,268,472",his hands,"199,115,267,285",his mouth,"171,134,190,157",blue,"138,149,262,269",,,,
3214,158435,open_set,A woman in an all black outfit holds her glasses while she stands in the street in front of a sandwich board advertising menu items .,an all black outfit,"106,17,330,421",her glasses,"41,205,120,262",the street,"2,237,512,512",A woman,"79,14,374,461",a sandwich board,"297,81,416,245",menu items,"297,81,416,245",,,,
3215,156715,open_set,"A boy in green pajamas plays with a red toy , while a woman in a robe sits smiling in a chair behind him .",green pajamas,"182,123,421,512",a red toy,"296,174,380,256",a woman,"326,1,510,241",a robe,"329,52,507,240",a chair,"148,32,512,361",A boy,"166,6,423,490",,,,
3216,157934,open_set,A man with a orange hat holding a stick is talking to a man wearing sunglasses and wearing a striped shirt .,A man,"189,7,512,512",a striped shirt,"1,274,256,512",sunglasses,"295,142,462,219",a stick,"69,4,194,512",a man,"2,27,261,512",a orange hat,"287,4,489,177",,,,
3217,156486,open_set,A man with noise-cancelling headphones in a black t-shirt is using a chainsaw to sculpt a bird out of a tree stump .,a bird,"293,111,412,274",a chainsaw,"154,121,307,220",noise-cancelling headphones,"131,47,200,107",a black t-shirt,"33,67,207,212",A man,"24,39,233,453",a tree stump,"256,104,443,436",,,,
3218,157629,open_set,"A young Asian boy , wearing pajamas , is seated on the floor by the bed watching an insect made of Legos .",the floor,"1,194,510,512",the bed,"1,1,492,280",an insect,"186,278,410,477",Legos,"186,278,410,477",pajamas,"155,140,427,287",A young Asian boy,"153,48,427,326",,,,
3219,158845,open_set,A man in a hat and hoodie is standing near a building advertisement with a cat on his shoulder .,his shoulder,"172,329,264,421",hoodie,"164,52,490,508",A man,"158,56,497,505",a cat,"173,159,406,507",a building advertisement,"1,1,345,510",a hat,"331,76,434,177",,,,
3220,154448,open_set,A man whose face has been painted silver with white stripes plays the violin while dressed in a red cloak and hat .,the violin,"155,5,510,512",A man,"1,7,509,487",silver with white stripes,"288,86,400,173",a red cloak,"6,137,512,509",whose face,"271,57,476,208",hat,"203,5,496,145",,,,
3221,154498,open_set,A man wearing a black shaggy hat and leopard printed sash with red accents is holding a drum that says Premier on it .,a black shaggy hat,"135,3,350,251",sash,"76,222,250,512",A man,"37,4,353,510",red accents,"34,235,246,512",Premier,"273,174,466,478",a drum,"230,140,512,512",,,,
3222,156487,open_set,A guy wearing protective pants is carving an owl on a perch out of wood using a chainsaw .,an owl,"293,111,412,274",a chainsaw,"154,121,307,220",A guy,"24,39,233,453",protective pants,"48,196,206,430",a perch,"256,104,443,436",wood,"256,104,443,436",,,,
3223,154952,open_set,Two women sit at an outdoor cafe table laden with teapots and cups while other people sit at other tables in the background .,teapots,"132,221,284,294",cups,"179,243,222,286",Two women,"3,54,512,510",other tables,"1,159,99,191",an outdoor cafe table,"86,251,303,507",other people,"427,64,512,289",,,,
3224,154693,open_set,Three young men are seated at a table playing a game of Monopoly while drinking sodas and one man is shoving the other away from him .,sodas,"128,255,150,305",a table,"88,214,418,442",Three young men,"1,72,512,512",the other,"278,91,512,262",a game of Monopoly,"167,264,369,363",one man,"311,83,510,512",,,,
3225,155919,open_set,Men in hard hats are on a boat in the water with a large bridge and a mountain in the background .,a large bridge,"4,119,482,159",a mountain,"240,123,482,158",the water,"6,150,485,512",Men,"208,147,496,464",hard hats,"206,146,467,365",a boat,"172,162,512,510",,,,
3226,154683,open_set,An Asian woman playfully has her hand and mouth open as she leans toward a little Asian girl eating a plum as they sit at a wooden table .,a wooden table,"2,326,512,512",a little Asian girl,"284,139,466,359",An Asian woman,"2,2,347,349",a plum,"301,233,350,303",mouth open,"236,163,280,195",her hand,"248,165,351,277",,,,
3227,158371,open_set,"A bearded man jumps in the snow with the ocean in the background and an orange , recumbent bike parked near a road sign .",a road sign,"400,177,456,251",A bearded man,"214,200,300,361",an orange,"317,360,451,408",recumbent bike,"307,314,461,453",the snow,"1,356,512,512",the ocean,"1,251,512,442",,,,
3228,156239,open_set,A man wearing dark clothing leans on a bulldozer while watching another man who is on the bulldozer looking at a part .,a bulldozer,"163,1,510,512",the bulldozer,"163,1,510,512",a part,"266,110,461,259",A man,"226,42,310,274",another man,"46,42,310,510",dark clothing,"46,206,199,512",,,,
3229,156854,open_set,Two women with decorated bicycles one is wearing a red backpack and the other has a black helmet and pink sweatshirt .,decorated bicycles,"26,41,309,472",Two women,"15,148,486,512",a black helmet,"345,192,421,312",a red backpack,"9,391,133,510",one,"9,316,225,512",pink sweatshirt,"285,257,483,433",,,,
3230,154938,open_set,A man in jeans and a button up shirt is presenting something on a projector screen .,A man,"186,113,462,512",jeans,"266,454,410,512",a button,"355,376,374,391",something,"1,13,177,502",a projector screen,"1,13,177,502",shirt,"203,199,460,486",,,,
3231,156695,open_set,A woman in a green shirt and jeans about to throw a red bowling ball down the lane towards pins .,pins,"206,202,229,229",A woman,"188,187,342,510",a red bowling ball,"297,304,360,389",the lane,"1,174,512,512",a green shirt,"225,226,320,367",jeans,"228,345,293,510",,,,
3232,155675,open_set,A teenage man in a green shirt and bright red beanie sits on his skateboard with arms crossed over his knees .,A teenage man,"83,6,444,482",a green shirt,"281,122,453,481",his skateboard,"121,398,440,505",arms,"152,113,322,282",his knees,"221,128,271,236",bright red beanie,"300,6,398,143",,,,
3233,154358,open_set,A man wearing a black shirt and jeans kneels in front of a woman with blond and blue streaked hair in knee high buckled platform boots .,a woman,"252,29,349,456",A man,"314,138,442,505",blond and blue streaked hair,"280,23,330,178",knee high buckled platform boots,"248,327,321,464",jeans,"319,385,438,479",a black shirt,"325,207,441,422",,,,
3234,154999,open_set,A little girl in pink is holding up her pointer finger and pinkie finger in the air while holding her sunglasses in the other hand .,her sunglasses,"203,177,275,245",pinkie finger,"40,151,113,215",pink,"103,159,460,378",A little girl,"40,62,460,498",the other hand,"213,186,314,275",her pointer finger,"76,154,110,195",,,,
3235,158365,open_set,"An Asian woman and a guy wearing blue jeans , blue shirt , and flip-flops are in a bicycle shop repairing the cycles .",a guy,"1,1,157,454",An Asian woman,"204,1,508,510",flip-flops,"72,416,131,451",blue shirt,"43,2,129,173",blue jeans,"61,139,157,434",the cycles,"1,1,361,512",,,,
3236,156426,open_set,A young man with a beard and a young man with glasses lying in an oversized chair together with a comforter over them .,A young man,"136,219,258,397",a beard,"188,264,244,320",an oversized chair,"56,256,180,393",a comforter,"30,282,509,512",glasses,"277,238,342,281",a young man,"248,217,464,505",,,,
3237,154847,open_set,"A pair of athletes are in a kayak equipped with protective gear and oars , rowing down a rapid body of water in a blue and white kayak .",a kayak,"54,234,467,479",a blue and white kayak,"54,234,467,479",A pair of athletes,"81,11,232,394",oars,"77,21,156,429",a rapid body of water,"1,203,510,510",protective gear,"128,65,187,143",,,,
3238,155635,open_set,A lady in a long black dress is standing in a room with tables and chairs holding her arms behind her back .,her arms,"211,253,286,336",chairs,"301,324,501,512",a long black dress,"210,241,286,433",A lady,"208,204,296,445",her back,"207,242,289,443",tables,"283,315,512,512",,,,
3239,157174,open_set,A woman with black smudges on her face smiles with teeth showing while holding a large white umbrella and some papers .,teeth,"294,295,377,317",black smudges,"242,229,410,287",some papers,"126,420,308,510",A woman,"46,176,510,510",her face,"240,195,405,342",a large white umbrella,"1,1,512,390",,,,
3240,154243,open_set,Small white dog with spot on back leaping in air with football in mouth with small boy and man watching .,spot,"251,241,284,285",football,"198,172,234,244",small boy,"108,242,165,458",Small white dog,"216,158,287,352",man,"325,98,503,508",mouth,"223,166,237,204",,,,
3241,157189,open_set,"Two men , one in a red shirt and one in a white shirt , are on a boat in the beautiful blue-green water .",Two men,"271,325,393,396",a white shirt,"372,343,387,373",one,"375,330,391,390",a boat,"182,379,427,410",a red shirt,"276,337,286,362",one,"270,322,391,400",,,,
3242,156360,open_set,"A billboard of a woman , with three men , two in a lift , and one on top of the billboard .",one,"12,27,62,83",two,"72,201,142,321",the billboard,"1,82,512,510",A billboard of a woman,"1,82,512,510",a lift,"2,212,161,375",three men,"12,23,136,296",,,,
3243,155201,open_set,A person in a leather jacket with a skull on the back is holding the hand of another person wearing a skull backpack .,a skull,"220,121,268,221",A person,"151,25,333,512",the hand of another person,"311,281,342,333",a leather jacket,"155,89,329,292",the back,"352,107,455,314",a skull backpack,"356,178,453,322",,,,
3244,155044,open_set,Men and women of various ages sit playing instruments in an orchestra while a similar group stand in the background as a choir .,an orchestra,"227,249,299,439",instruments,"82,195,434,430",women of various ages,"6,222,427,441",a similar group,"6,228,104,371",a choir,"14,230,43,378",Men,"225,241,368,435",,,,
3245,154519,open_set,"Asian people are dancing in the street with trees and buildings in the background , while wearing red , white , and green colored costumes with green headbands .",the street,"1,350,512,512","red , white , and green colored costumes","1,224,512,510",trees,"182,58,412,395",buildings,"1,3,501,315",Asian people,"2,207,510,510",green headbands,"36,241,449,273",,,,
3246,156238,open_set,"One man is on a bulldozer pouring in a liquid , while another man is standing with his hand on the bulldozer watching .",a bulldozer,"163,1,510,512",the bulldozer,"163,1,510,512",One man,"46,163,225,510",another man,"46,163,225,510",a liquid,"272,121,313,154",his hand,"201,305,229,334",,,,
3247,155024,open_set,"Man wearing a cotton gray tank top , straw hat and rope necklace singing into a microphone and playing a bass .",a cotton gray tank top,"40,225,376,506",Man,"2,27,512,512",rope necklace,"178,221,289,256",straw hat,"95,27,323,191",a microphone,"282,164,405,201",a bass,"1,408,512,512",,,,
3248,155865,open_set,A woman in a red business suit sits on a step sharing food with a man in a leather jacket .,a red business suit,"22,165,235,394",a man,"270,46,493,422",a step,"1,396,510,482",a leather jacket,"273,102,488,267",food,"242,186,279,259",A woman,"2,92,264,510",,,,
3249,154291,open_set,"A woman with a yellow backpack , a tattoo , a green dress and spandex walks past a couple .",a green dress,"149,172,240,462",a yellow backpack,"153,173,244,341",a tattoo,"160,176,196,275",a couple,"411,4,509,512",A woman,"120,76,250,512",spandex,"128,415,240,512",,,,
3250,155346,open_set,"A brunette female in a blue shirt , wearing sunglasses , gazing at a ram with black fur and curled horns .",a ram,"257,305,420,512",black fur,"257,305,420,512",a blue shirt,"1,117,154,383",sunglasses,"94,42,139,94",horns,"301,345,423,404",A brunette female,"2,1,149,512",,,,
3251,156546,open_set,"Two men , one in yellow coveralls and the other in a red anorak , are untangling a large green fishing net .",Two men,"205,64,418,408",one,"205,212,292,408",yellow coveralls,"224,237,281,410",a large green fishing net,"122,252,508,503",the other,"309,64,418,400",a red anorak,"312,103,412,249",,,,
3252,156733,open_set,"A man in a black suit with an orange shirt is playing a trumpet , along with other musicians , with background onlookers .",background onlookers,"177,249,490,350",a trumpet,"86,142,322,324",a black suit,"1,144,182,510",other musicians,"114,247,510,512",A man,"1,36,214,512",an orange shirt,"1,136,80,260",,,,
3253,154824,open_set,A man in goggles and a hat is sitting in the street holding something and wearing white gloves .,A man,"326,146,417,224",goggles,"189,119,313,162",a hat,"174,76,323,237",the street,"1,212,512,512",something,"192,300,309,391",white gloves,"161,329,323,396",,,,
3254,154669,open_set,A man wearing a military uniform riding a white horse down the street as spectators watch from behind barricades .,a military uniform,"168,68,269,261",barricades,"1,198,512,312",the street,"1,300,510,510",A man,"133,22,275,328",a white horse,"21,129,509,471",spectators,"1,153,505,312",,,,
3255,157743,open_set,"A man in a black shirt and blue shorts stands in the doorway of a building labeled "" Gelateria , "" which is on the lower floor .",""" Gelateria","86,301,196,326",a black shirt,"98,367,161,419",the doorway of a building,"92,330,184,475",A man,"96,355,169,478",the lower floor,"1,270,510,512",blue shorts,"107,411,155,434",,,,
3256,157828,open_set,An older balding man with glasses wearing a pink and white shirt with a sweater vest is playing a musical instrument while looking at the sheet music .,An older balding man,"79,90,360,512",a musical instrument,"179,221,219,512",the sheet music,"191,361,501,512",a pink and white shirt,"80,193,355,512",glasses,"162,165,238,196",a sweater vest,"109,208,307,512",,,,
3257,154797,open_set,"Orange cones , a man in a business suit , and workers with a drill and a wheel barrel on the corner of a street .",workers,"128,172,310,381",a wheel barrel,"273,238,382,387",a man,"24,87,80,362",a drill,"143,250,214,378",a business suit,"25,127,78,347",Orange cones,"241,230,504,372",,,,
3258,154328,open_set,A man wearing jeans and a button down shirt leads a brown horse wearing a saddle on a horse racing dirt track .,A man,"315,44,403,464",jeans,"317,264,402,447",shirt,"332,106,401,285",a brown horse,"204,84,336,344",a horse,"204,84,336,344",a saddle,"220,95,273,150",,,,
3259,157793,open_set,A little boy in a green shirt holds a blue umbrella in front of a doorway framed by orange signs with Asian writing on them .,Asian writing,"1,72,470,317",a green shirt,"84,326,169,400",a doorway,"101,47,334,375",orange signs,"1,46,496,339",a blue umbrella,"3,250,197,354",A little boy,"69,296,181,474",,,,
3260,155715,open_set,A young girl wearing a yellow vest points upwards with here right hand containing a plant while her left hand remains at her side holding a headband .,a yellow vest,"178,188,374,510",here right hand,"96,70,155,176",her left hand,"388,410,434,469",A young girl,"97,47,433,512",a headband,"359,417,482,512",a plant,"88,122,221,346",,,,
3261,154449,open_set,"A man with a mustache , face paint and a matching red hat and shirt is playing the violin .",the violin,"155,5,510,512",A man,"1,7,509,487",face paint,"288,86,400,173",a mustache,"301,161,352,187",shirt,"144,148,510,499",a matching red hat,"203,5,496,145",,,,
3262,158232,open_set,A kid wearing a Gap hat looks into the camera with a funny face and ice cream cone in his hand while a woman looks on from behind him .,a funny face,"271,138,427,346",A kid,"190,77,509,510",ice cream cone,"198,403,232,506",a woman,"2,8,335,512",his hand,"187,408,283,509",a Gap hat,"249,70,408,285",,,,
3263,154120,open_set,A man wearing a black hat and heavy green coat harnesses a black horse wearing a teal and pink blanket .,heavy green coat,"74,221,218,510",A man,"72,171,225,512",a teal,"289,145,512,510",pink blanket,"289,145,512,510",a black hat,"86,168,162,227",a black horse,"134,77,512,508",,,,
3264,154534,open_set,A small asian boy is walking down the street in tradition asian clothing looking back at a lady dressed in high heels and a beige skirt .,the street,"1,110,512,466",tradition asian clothing,"274,138,512,363",a beige skirt,"3,143,118,283",A small asian boy,"285,72,512,446",high heels,"67,437,214,506",a lady,"1,2,212,505",,,,
3265,155200,open_set,"Two people wearing black leather and carrying bags walk hand-in-hand through a railroad station , their attire adorned by skull imagery .",skull imagery,"220,121,444,307",Two people,"151,25,455,512",hand-in-hand,"311,281,342,333",their attire,"144,80,456,512",black leather,"155,89,329,292",bags,"144,100,455,351",,,,
3266,157713,open_set,A group of people in blue Arabian robes and white headdresses is on yellow bicycles in the street in front of a tall building .,A group of people,"8,15,512,448",white headdresses,"28,16,112,184",a tall building,"3,3,512,229",the street,"3,324,512,510",blue Arabian robes,"11,16,432,451",yellow bicycles,"3,167,510,456",,,,
3267,154284,open_set,"Lady with her hair up in a bun , in a tank top and khakis looking at a bright light .",Lady,"124,95,292,461",a tank top,"152,206,261,389",a bun,"197,98,242,144",khakis,"131,353,287,456",a bright light,"296,155,343,297",her hair,"198,99,268,185",,,,
3268,157484,open_set,A group of men wearing white garments with red waist sashes stand among a crowd outdoors on a dirt surface waving yellow and red flags .,A group of men,"60,165,512,462",white garments,"70,205,507,448",yellow and red flags,"95,35,324,320",a crowd,"14,157,422,462",red waist sashes,"68,271,501,348",a dirt surface,"3,326,510,512",,,,
3269,157908,open_set,An Asian man reading a piece of paper into a microphone with an Asian lady in a light blue jacket standing next to him looking at a folder .,a piece of paper,"226,152,352,333",a folder,"226,152,352,333",an Asian lady,"5,78,220,507",a microphone,"252,92,303,170",An Asian man,"225,15,480,512",a light blue jacket,"10,244,214,512",,,,
3270,158826,open_set,"A child wearing a red helmet , cowboy vest , striped shirt , silver shorts and brown pants .",cowboy vest,"159,176,395,512",a red helmet,"189,21,363,200",brown pants,"176,445,359,512",A child,"147,27,410,512",striped shirt,"151,188,415,360",silver shorts,"170,361,352,463",,,,
3271,155864,open_set,a woman wearing a pink jacket sitting on a staircase with a man wearing a gray hat sitting a few steps behind .,a pink jacket,"22,165,235,394",a man,"270,46,493,422",a few steps,"1,329,509,509",a staircase,"1,329,509,509",a woman,"2,92,264,510",a gray hat,"317,44,391,108",,,,
3272,155726,open_set,A group of people with red berets and one man in the front with gray hair and glasses .,the front,"125,255,305,512",one man,"125,255,305,512",red berets,"1,156,451,368",A group of people,"2,171,485,512",gray hair,"139,255,267,466",glasses,"122,375,181,428",,,,
3273,156758,open_set,"A cowboy with a black hat , blue vest and black pant riding a bucking bull with another man standing in the background for safety of the cowboy .",blue vest,"205,97,297,219",a bucking bull,"18,93,467,501",A cowboy,"203,5,353,440",a black hat,"201,55,279,106",another man,"393,87,468,406",black pant,"124,168,354,402",,,,
3274,155645,open_set,A guy is standing in front of a toilet with a coffee cup in one hand and a toilet brush in the other .,a toilet brush,"76,146,222,244",a coffee cup,"267,186,318,235",a toilet,"86,399,285,512",one hand,"299,182,384,242",A guy,"12,6,512,512",the other,"75,153,384,247",,,,
3275,157088,open_set,"A group of people gathered around two woman , one of the woman is wearing a green dress with yellow shaped on it , the other woman is wearing pink and black shirt .",two woman,"208,176,431,512",the other woman,"329,176,431,512",one of the woman,"208,229,359,510",a green dress,"205,259,326,507",yellow,"205,259,326,507",A group of people,"1,40,512,512",pink and black shirt,"337,220,429,352",,
3276,155746,open_set,Man with his hat on backwards wearing an orange suit with his hand on a spindle with large rope .,his hat,"348,47,428,128",his hand,"223,125,274,172",an orange suit,"305,136,457,512",backwards,"344,42,428,135",Man,"222,43,462,512",a spindle,"104,131,226,441",large rope,"48,135,290,510",,
3277,154543,open_set,"A man and a woman wearing costume glasses ( with attached eyebrows , nose , and moustache ) and holding cigars .",cigars,"99,141,396,272",a woman,"233,80,461,512",moustache,"155,180,358,257",A man,"31,20,493,512",costume glasses,"142,87,377,214",nose,"181,132,350,231",attached eyebrows,"149,92,371,172",,
3278,157265,open_set,A young man in a t-shirt and a pair of jeans with a hat is doing a one armed handstand in front of a wall full of graffiti .,a pair of jeans,"123,1,445,252",a wall,"1,1,512,393",graffiti,"1,1,512,393",a hat,"47,316,176,391",A young man,"50,1,448,510",a one armed handstand,"50,1,448,512",a t-shirt,"129,219,378,432",,
3279,154283,open_set,A lady wearing a navy blue stripe tank top cargo pants has a yellow glow of on her left hand holding a long stick getting ready to burn glass in front of an incinerator,a yellow glow,"303,159,338,296",a navy blue stripe tank top cargo,"129,212,286,457",her left hand,"121,217,175,337",A lady,"124,95,292,461",a long stick,"1,312,166,341",glass,"296,126,389,319",an incinerator,"300,125,394,404",,
3280,158655,open_set,A man wearing glasses and with a beer in his left hand and his dog in his right hand being seated in a love seat .,A man,"150,34,391,510",his dog,"175,176,237,335",his left hand,"191,256,237,308",his right hand,"191,256,237,308",a beer,"291,241,319,353",glasses,"242,68,295,96",a love seat,"67,76,425,507",,
3281,156228,open_set,"A man in white clothing and an orange sash stands at a cart with a boy in blue jeans as they look over a large stack of green , round produce .",an orange sash,"219,130,263,270",a cart,"155,281,392,467",a boy,"114,166,162,456",white clothing,"210,138,292,425",blue jeans,"125,307,157,441","a large stack of green , round produce","177,226,334,292",A man,"206,95,301,470",,
3282,158605,open_set,"A woman is holding a toy snake , she is on stage with a guy speaking through a microphone , and a man in clown makeup holding a guitar .",clown makeup,"417,200,455,266",A woman,"240,154,365,512",a man,"378,193,489,512",a microphone,"103,151,132,193",a guitar,"364,196,481,446",a toy snake,"157,208,324,330",a guy,"5,114,197,512",,
3283,157349,open_set,Three kayakers in helmets and life vests held in place by their oars in a river pause for a photo opportunity with one kayak perpendicularly over another the third apart .,a river pause,"1,93,510,512",Three kayakers,"81,138,363,483",one kayak,"242,121,404,354",life vests,"190,168,358,414",another the third apart,"241,118,410,369",their oars,"196,93,402,441",helmets,"205,132,354,303",,
3284,154468,open_set,A man in a striped shirt and khaki pants plays the bass next to a man with a hat who is sitting in a chair .,khaki pants,"366,348,425,403",a striped shirt,"115,295,199,360",a chair,"264,396,361,512",a hat,"292,291,343,321",A man,"256,287,370,483",a man,"256,287,370,483",the bass,"95,233,175,472",,
3285,157320,open_set,Two men are handing an item from one to the other over large piles of freshly picked vegetables while the older of the two men speaks to a third man who is facing them .,Two men,"3,21,333,444",the other,"3,21,333,444",the older of the two men,"3,21,333,444",large piles of freshly picked vegetables,"48,307,451,507",one,"189,55,333,371",a third man,"3,20,512,505",an item,"164,167,212,194",,
3286,155505,open_set,"Man with old movie camera and equipment , all in gold , being approached by a young child in a blue coat .",equipment,"261,182,365,461",gold,"235,12,490,472",all,"235,11,491,471",old movie camera,"264,78,366,474",a blue coat,"60,321,115,430",Man,"338,15,411,368",a young child,"57,278,119,496",,
3287,155939,open_set,A man in a red shirt on a small blue motorbike is looking over his shoulder at an attractive woman in a white skirt and high heels .,an attractive woman,"422,38,480,488",a small blue motorbike,"41,154,196,397",his shoulder,"99,121,130,163",a red shirt,"83,108,142,226",high heels,"430,423,474,495",A man,"62,74,149,392",a white skirt,"429,237,481,337",,
3288,154762,open_set,Standing at a podium in front of a colorful mural and old gentleman uses a screen to communicate to other men at a table and in the audience .,a screen,"1,4,92,436",a colorful mural,"97,20,364,256",a table,"150,328,449,510",old gentleman,"393,90,509,220",other men,"340,90,510,510",the audience,"147,183,510,512",a podium,"400,211,510,454",,
3289,155855,open_set,A woman in a yellow shirt and red shorts crosses her arms as she looks into a mirror with a little girl in a yellow Disney Princess shirt .,a mirror,"19,1,328,512",a yellow Disney Princess shirt,"115,329,218,479",A woman,"40,26,145,505",her arms,"41,127,142,256",red shorts,"51,262,128,416",a little girl,"287,224,476,512",a yellow shirt,"43,123,126,281",,
3290,157718,open_set,Two people in swimsuits are sitting on a beach while a woman in native dress walks by with a basket balanced on her head .,swimsuits,"84,355,187,484",a basket,"262,11,392,96",a woman,"288,83,446,429",native dress,"283,130,438,412",her head,"293,86,355,132",Two people,"23,229,390,499",a beach,"1,386,512,512",,
3291,155938,open_set,A woman in a black and white shirt crossed a street while a man on a moped dressed in a red shirt and jeans looks back towards her .,a street,"1,223,512,512",A woman,"422,38,480,488",a moped,"41,154,196,397",jeans,"92,199,146,361",a black and white shirt,"435,118,488,341",a red shirt,"83,108,142,226",a man,"62,74,149,392",,
3292,158033,open_set,"A woman with a ponytail wearing a peach shirt , white khaki pants , and black sandals sits outside a store on a wicker bench as she writes on a notebook .",a wicker bench,"8,72,343,491",a ponytail,"273,18,316,155",A woman,"70,9,313,502",a notebook,"147,87,210,174",white khaki pants,"86,124,272,467",a peach shirt,"208,94,311,293",black sandals,"70,276,133,502",,
3293,157799,open_set,"Two women and one man , all dressed in black , are standing on a curb by a road while people walk towards them .",people,"1,60,492,419",black,"250,120,334,403",one man,"388,60,492,419",a road,"2,246,512,510",a curb,"52,170,510,478",all,"235,60,492,419",Two women,"235,65,418,408",,
3294,154086,open_set,"A woman is walking away from the viewer , she is wearing white clothing and has a handbag draped on her left shoulder ; her upper back is exposed , showing a tattoo of a winged creature ( possibly a fairy ) .",her upper back,"156,200,324,342",a tattoo of a winged creature,"156,200,324,342",possibly a fairy,"156,200,324,342",her left shoulder,"124,181,222,275",A woman,"107,11,395,512",white clothing,"144,337,348,512",a handbag,"43,190,182,486",,
3295,157335,open_set,"A woman in a gray kimono walks past a black car in the middle of a crowded street full of Japanese signs , with a man in an orange shirt and khaki slacks .",a gray kimono,"173,337,250,444",an orange shirt,"241,329,310,372",khaki slacks,"246,366,304,443",a black car,"290,333,510,455",Japanese signs,"4,31,512,339",A woman,"172,320,250,462",a man,"1,324,110,512",,
3296,154399,open_set,"A five-piece band , four of the men in red outfits and one of them in a leather jacket and jeans , perform on the sidewalk in front of a shop .",four of the men,"14,89,460,430",jeans,"217,216,268,370",a leather jacket,"201,132,279,244",a shop,"22,1,509,353",the sidewalk,"1,295,512,512",A five-piece band,"122,86,371,392",red outfits,"12,92,470,418",,
3297,155455,open_set,A man in a blue button-down shirt and holding a knife grins at a woman while standing in front of a white and black cake while another man in a black shirt stands behind him .,a knife,"225,231,294,322",A man,"239,22,507,386",a white and black cake,"56,374,446,504",a blue button-down shirt,"251,119,512,328",another man,"111,75,306,384",a woman,"3,139,85,423",a black shirt,"131,124,315,314",,
3298,154139,open_set,A woman in mask sits next to a man wearing a Santa suit and also in mask as they hold wineglasses next to a Christmas tree .,a man,"238,58,454,508",a Santa suit,"238,58,454,508",a Christmas tree,"318,4,510,461",wineglasses,"203,204,305,318",A woman,"70,59,453,512",mask,"187,96,301,189",mask,"185,96,242,173",,
3299,157424,open_set,"Several people are at a street corner by a building with curved windows ; a man with a green shirt , a dark-haired woman , and an embracing couple .",a man,"310,241,380,463",Several people,"1,226,457,463",a building,"1,1,296,308",a green shirt,"308,266,376,336",a dark-haired woman,"104,258,149,421",an embracing couple,"104,254,457,457",curved windows,"268,1,512,408",,
3300,156659,open_set,"A firefighter wearing a hard hat , carrying a tank on his back stands behind another man who is reaching in behind a fire hose in a metal cabinet .",a tank,"429,266,493,457",A firefighter,"270,68,441,509",another man,"49,120,264,512",a hard hat,"269,68,375,178",his back,"359,192,500,512",a fire hose,"1,1,123,188",a metal cabinet,"4,4,161,214",,
3301,154238,open_set,A placard on a brick wall is displaying an advertisement for flan and a man at the corner of the building is talking on a cellphone .,a cellphone,"430,351,443,370",A placard,"85,174,275,376",an advertisement,"85,174,275,376",flan,"85,174,275,376",a brick wall,"1,2,380,422",the corner of the building,"421,278,508,509",a man,"418,335,490,512",,
3302,155425,open_set,"There is a baseball player standing at home plate , the catcher behind him has his hand up in the air with his glove , and the umpire is standing behind him , and many people in the stands .",the umpire,"412,223,485,412",home plate,"79,375,178,397",the catcher,"366,193,437,404",many people,"2,4,510,197",the stands,"2,4,510,197",his glove,"364,185,396,238",a baseball player,"151,176,288,395",his hand,"265,195,394,259"
3303,157173,open_set,"A smiling girl is holding a white umbrella with the word "" HOOD ! "" on it , and the girl is holding a card or book , and her face is smeared with something black .",a card or book,"126,420,308,510",something black,"242,229,410,287",the girl,"46,176,510,510",A smiling girl,"46,176,510,510",her face,"240,195,405,342",a white umbrella,"1,1,512,390",the word,"32,114,181,228",HOOD,"32,114,181,228"
3304,153971,open_set,A man wearing a white cap is drinking water with lemon at a table next to a mirror that shows a server and three more seated customers .,a server,"353,120,457,421",lemon,"132,255,160,288",a mirror,"176,4,510,512",A man,"1,61,400,512",a white cap,"1,58,141,178",a table,"17,472,273,510",water,"111,237,188,342",three more seated customers,"260,223,327,290"
3305,158665,open_set,A man in a white shirt holding a lit cigarette and wearing sunglasses looks up towards the sky next to a woman wearing a black halter with a striped shirt thrown over her shoulder .,a woman,"285,64,510,509",a white shirt,"2,206,267,512",A man,"1,62,270,512",a black halter,"320,335,504,512",a striped shirt,"395,189,497,491",her shoulder,"296,275,337,354",a lit cigarette,"81,319,120,344",sunglasses,"124,91,401,165"
3306,156058,open_set,"Thin woman dressed in navy blue pants and light blue thin parka with a top to cover her head , seems to be floating in a kitchen at 1:55 pm , according to the clock on the wall and she has a glass in her left handheld up from the bottom of it",the clock,"52,7,148,72",light blue thin parka,"163,178,378,332",a top,"163,178,378,332",navy blue pants,"60,309,270,428",her head,"249,136,352,204",the wall,"4,16,512,285",a glass,"374,174,409,210",Thin woman,"17,134,408,425"
3307,155691,open_set,A guy in a blue shirt and hat holding an air horn sits on top of a signal light while a guy in a red jacket makes a funny face .,a red jacket,"1,295,195,512",a signal light,"365,208,512,512",a funny face,"165,252,268,342",a blue shirt,"328,148,422,210",A guy,"289,146,433,330",a guy,"3,249,385,512",hat,"294,149,345,180",an air horn,"305,192,330,215"
3308,156619,open_set,A boy in jeans is sitting on rocks while an older women in a red top holding a straw hat stands behind him on the rocks which is next to a lake .,the rocks,"95,295,512,512",A boy,"93,310,167,512",rocks,"5,299,505,512",a red top,"358,169,389,241",a lake,"135,270,510,341",an older women,"347,139,409,332",a straw hat,"340,204,409,309",jeans,"90,362,150,479"
3309,154338,open_set,"In the foreground , a man in a striped shirt drinks something from a bottle while behind him stand two women with dark hair and black shirts in front of a crowd in an urban setting .",something,"430,158,512,253",dark hair,"133,177,284,351",two women,"129,180,311,512",a crowd,"1,105,512,512",a bottle,"424,161,512,261",a striped shirt,"274,264,512,512",a man,"268,111,512,512",black shirts,"135,274,293,449"
3310,158610,open_set,"Male with brown hair and mustache , wearing a gray shawl over a printed shirt , while a small orange and blue boat cruises along the water .",the water,"1,159,510,512",blue boat,"2,289,163,392",a gray shawl,"317,327,403,512",a printed shirt,"317,327,403,512",Male,"318,282,428,512",brown hair,"355,281,418,356",mustache,"388,367,413,385",a small orange,"2,318,166,399"
3311,155039,open_set,"A man riding a bike wearing flannel shirt , plaid pants and a blue backpack while riding on a street near buildings and parked cars .",a blue backpack,"126,215,186,304",a street,"126,215,186,304",flannel shirt,"91,219,190,353",parked cars,"5,264,233,317",buildings,"37,67,512,301",plaid pants,"119,340,155,474",a bike,"73,328,212,501",A man,"77,201,188,494"
3312,154483,open_set,A man and woman are sitting at a table in front of a sign that reads IL PORTO and two wine bottles and two wineglasses are on the table .,IL PORTO,"147,185,342,230",woman,"67,243,219,510",two wineglasses,"118,326,364,408",a sign,"122,8,408,244",two wine bottles,"78,290,273,422",A man,"264,230,489,508",a table,"58,395,412,511",the table,"58,395,412,511"
3313,156358,open_set,A large billboard of a woman wearing a white shirt and lavender cami is being hung by 2 people in mechanical lift and one man standing on the ledge behind the billboard .,lavender cami,"269,390,359,512",2 people,"72,200,135,310",a white shirt,"107,285,429,512",the billboard,"1,82,512,510",A large billboard of a woman,"1,82,512,510",the ledge,"3,1,384,101",mechanical lift,"2,212,161,375",one man,"93,206,143,320"
3314,156803,open_set,"A man on a horse with a large hat goes down the street while many people , some with balloons , watch from the edge of the street .",A man,"233,128,307,392",the street,"1,340,512,512",the edge of the street,"1,371,510,429",a horse,"139,203,362,512",a large hat,"231,126,282,180",many people,"1,248,512,424",some,"103,282,488,417",balloons,"101,243,475,315"
3315,154822,open_set,"A man in a blue jumpsuit and a brown hat wearing a black tie , boots and goggles sits with his legs crossed in the street .",A man,"326,146,417,224",goggles,"189,119,313,162",a brown hat,"174,76,323,237",the street,"1,212,512,512",a blue jumpsuit,"67,171,407,365",boots,"118,422,229,489",his legs,"86,318,462,455",a black tie,"223,195,274,247"
3316,154882,open_set,"A man dressed in black shorts , a black t-shirt , and a backwards black baseball cap is talking to a man wearing a striped shirt and shorts while standing behind a truck .",a black t-shirt,"169,235,222,352",shorts,"174,336,339,414",a man,"280,216,345,466",a truck,"187,30,373,351",black baseball cap,"179,197,220,233",A man,"167,203,226,495",a striped shirt,"278,244,347,347",black shorts,"286,336,339,397"
3317,157933,open_set,"A man in an orange ball cap , sunglasses and orange reflector jacket holding a pole standing next to another man in a striped shirt and glasses .",A man,"189,7,512,512",a striped shirt,"1,274,256,512",glasses,"295,142,462,219",sunglasses,"295,142,462,219",a pole,"69,4,194,512",an orange ball cap,"287,4,489,177",another man,"2,27,261,512",orange reflector jacket,"240,346,510,512"
3318,157545,open_set,"Two guys against a wall , one is in black pants and is upside down , the other man is in khaki rolled up pants holding the other one up .",a wall,"1,2,512,467",the other man,"162,267,427,431",Two guys,"147,136,488,481",khaki,"219,326,370,425",pants,"219,326,370,425",black pants,"201,158,441,268",the other one,"147,136,488,400",one,"147,136,488,400"
